Ridgerunner 2.3.1
Built Sep 13 2026, 00:43:43.
plCurve Version: 10.1.0
Octrope Version: 10.1.0
tsnnls Version: 2.5.1
Seeded from dev/random with seed 1659306896.
Loaded 1 component, 47 vertex plCurve from trefoil47.vect.
Saved copy of trefoil47.vect to ./trefoil47.rr/trefoil47.vect.
Curve has thickness 1.54794. Scaling to thickness 0.501.
Scaled curve has thickness 0.501.
 Autoscale selftest ok.
Rerez'd, autoscaled, eq'd file written to ./trefoil47.rr/trefoil47.atstart.vect.
Overstep tolerance: 0.000100 of thickness 0.500000 (0.499950) minminrad: 0.49997500
ridgerunner: Curses screen display disabled, using stdout.
             Define CURSES_DISPLAY to enable better screen display.
ridgerunner: Starting run. Will stop if 
               step number >= 5000 
               residual < 0 
               ropelength decrease over last 20 steps < -1000.

   1 Rop: 36.68996343890 Str:   0 MRstruts:   0 Thi: 0.5000015 
   2 Rop: 36.68999769764 Str:   1 MRstruts:   0 Thi: 0.5000000 
   3 Rop: 36.66687647726 Str:   1 MRstruts:   0 Thi: 0.4999996 
   4 Rop: 36.66685032902 Str:   2 MRstruts:   0 Thi: 0.4999996 
   5 Rop: 36.08036840390 Str:   8 MRstruts:   0 Thi: 0.4949835 
   6 Rop: 36.07859929174 Str:   2 MRstruts:   0 Thi: 0.4999999 
   7 Rop: 36.00000909104 Str:   3 MRstruts:   0 Thi: 0.4999891 
   8 Rop: 35.80775105680 Str:   4 MRstruts:   0 Thi: 0.4999462 
   9 Rop: 35.80772253587 Str:   2 MRstruts:   0 Thi: 0.5000000 
  10 Rop: 35.80768536611 Str:   3 MRstruts:   0 Thi: 0.5000000 
  11 Rop: 35.80762139550 Str:   3 MRstruts:   0 Thi: 0.5000000 
  12 Rop: 35.80762924786 Str:   4 MRstruts:   0 Thi: 0.4999998 
  13 Rop: 35.72607233916 Str:   5 MRstruts:   0 Thi: 0.4999781 
  14 Rop: 35.66787403888 Str:  13 MRstruts:   0 Thi: 0.4933974 
  15 Rop: 35.59561470703 Str:   2 MRstruts:   0 Thi: 0.4999849 
  16 Rop: 35.49467196928 Str:   3 MRstruts:   0 Thi: 0.4999648 
  17 Rop: 35.46530594015 Str:   5 MRstruts:   0 Thi: 0.4998716 
  18 Rop: 35.46523503136 Str:   1 MRstruts:   0 Thi: 0.5000000 
  19 Rop: 35.46524248654 Str:   2 MRstruts:   0 Thi: 0.4999998 
  20 Rop: 35.46153215024 Str:   3 MRstruts:   0 Thi: 0.4999995 
  21 Rop: 35.45543238984 Str:   7 MRstruts:   0 Thi: 0.4999167 
  22 Rop: 35.45542784013 Str:   2 MRstruts:   0 Thi: 0.4999999 
  23 Rop: 35.45379667374 Str:   3 MRstruts:   0 Thi: 0.4999997 
  24 Rop: 35.45375548691 Str:   4 MRstruts:   0 Thi: 0.4999997 
  25 Rop: 35.45247064956 Str:   5 MRstruts:   0 Thi: 0.4999994 
  26 Rop: 35.40680956771 Str:  10 MRstruts:   0 Thi: 0.4982018 
  27 Rop: 35.40652864505 Str:   2 MRstruts:   0 Thi: 0.5000000 
  28 Rop: 35.39522584009 Str:   3 MRstruts:   0 Thi: 0.4999987 
  29 Rop: 35.38144026980 Str:   3 MRstruts:   0 Thi: 0.4999987 
  30 Rop: 35.38139052535 Str:   4 MRstruts:   0 Thi: 0.4999987 
  31 Rop: 35.35437532221 Str:   4 MRstruts:   0 Thi: 0.4999974 
  32 Rop: 35.35425921625 Str:   5 MRstruts:   0 Thi: 0.4999974 
  33 Rop: 35.33646890426 Str:   6 MRstruts:   0 Thi: 0.4999933 
  34 Rop: 35.32349417251 Str:   7 MRstruts:   0 Thi: 0.4999931 
  35 Rop: 35.30900533003 Str:   8 MRstruts:   0 Thi: 0.4999915 
  36 Rop: 34.99292226433 Str:  16 MRstruts:   0 Thi: 0.4972056 
  37 Rop: 34.99280661179 Str:   2 MRstruts:   0 Thi: 0.5000000 
  38 Rop: 34.96362417712 Str:   3 MRstruts:   0 Thi: 0.4999970 
  39 Rop: 34.92848777121 Str:   5 MRstruts:   0 Thi: 0.4999450 
  40 Rop: 34.92819789230 Str:   1 MRstruts:   0 Thi: 0.5000000 
  41 Rop: 34.92820458101 Str:   2 MRstruts:   0 Thi: 0.4999998 
  42 Rop: 34.92656437014 Str:   3 MRstruts:   0 Thi: 0.4999998 
  43 Rop: 34.92581985007 Str:   4 MRstruts:   0 Thi: 0.4999998 
  44 Rop: 34.92447256549 Str:   5 MRstruts:   0 Thi: 0.4999996 
  45 Rop: 34.91831353006 Str:   5 MRstruts:   0 Thi: 0.4999996 
  46 Rop: 34.91829757666 Str:   6 MRstruts:   0 Thi: 0.4999996 
  47 Rop: 34.91691707075 Str:   7 MRstruts:   0 Thi: 0.4999996 
  48 Rop: 34.90928138037 Str:   7 MRstruts:   0 Thi: 0.4999994 
  49 Rop: 34.90924445755 Str:   8 MRstruts:   0 Thi: 0.4999994 
  50 Rop: 34.89128878062 Str:   9 MRstruts:   0 Thi: 0.4999980 
  51 Rop: 34.85892870820 Str:  11 MRstruts:   0 Thi: 0.4995519 
  52 Rop: 34.85494006569 Str:   2 MRstruts:   0 Thi: 0.4999996 
  53 Rop: 34.84647350095 Str:   2 MRstruts:   0 Thi: 0.4999995 
  54 Rop: 34.84642991031 Str:   3 MRstruts:   0 Thi: 0.4999995 
  55 Rop: 34.84585792629 Str:   4 MRstruts:   0 Thi: 0.4999995 
  56 Rop: 34.84144515000 Str:   5 MRstruts:   0 Thi: 0.4999995 
  57 Rop: 34.83930145785 Str:   8 MRstruts:   0 Thi: 0.4999861 
  58 Rop: 34.83724590889 Str:   9 MRstruts:   0 Thi: 0.4999859 
  59 Rop: 34.83446559734 Str:  11 MRstruts:   0 Thi: 0.4997245 
  60 Rop: 34.83446132325 Str:   2 MRstruts:   0 Thi: 0.4999999 
  61 Rop: 34.82740470353 Str:   3 MRstruts:   0 Thi: 0.4999998 
  62 Rop: 34.82598536021 Str:   3 MRstruts:   0 Thi: 0.4999998 
  63 Rop: 34.82597912280 Str:   4 MRstruts:   0 Thi: 0.4999997 
  64 Rop: 34.82579449233 Str:   5 MRstruts:   0 Thi: 0.4999997 
  65 Rop: 34.82559851403 Str:   6 MRstruts:   0 Thi: 0.4999997 
  66 Rop: 34.82533732755 Str:   7 MRstruts:   0 Thi: 0.4999997 
  67 Rop: 34.82520690356 Str:   8 MRstruts:   0 Thi: 0.4999997 
  68 Rop: 34.82225290324 Str:   9 MRstruts:   0 Thi: 0.4999997 
  69 Rop: 34.81883219464 Str:  12 MRstruts:   0 Thi: 0.4998258 
  70 Rop: 34.81883701529 Str:   2 MRstruts:   0 Thi: 0.4999998 
  71 Rop: 34.81446510580 Str:   5 MRstruts:   0 Thi: 0.4999847 
  72 Rop: 34.81366409979 Str:   5 MRstruts:   0 Thi: 0.4999846 
  73 Rop: 34.81245446283 Str:   7 MRstruts:   0 Thi: 0.4999846 
  74 Rop: 34.81161003350 Str:   8 MRstruts:   0 Thi: 0.4999844 
  75 Rop: 34.81038054373 Str:   9 MRstruts:   0 Thi: 0.4999844 
  76 Rop: 34.80654904700 Str:  10 MRstruts:   0 Thi: 0.4999844 
  77 Rop: 34.76921036638 Str:  17 MRstruts:   0 Thi: 0.4984230 
  78 Rop: 34.74577046812 Str:   1 MRstruts:   0 Thi: 0.4999994 
  79 Rop: 34.74574998481 Str:   2 MRstruts:   0 Thi: 0.4999994 
  80 Rop: 34.73169635362 Str:   3 MRstruts:   0 Thi: 0.4999977 
  81 Rop: 34.72341134193 Str:   4 MRstruts:   0 Thi: 0.4999976 
  82 Rop: 34.72320913087 Str:   5 MRstruts:   0 Thi: 0.4999976 
  83 Rop: 34.71109493734 Str:   6 MRstruts:   0 Thi: 0.4999971 
  84 Rop: 34.70484049500 Str:   7 MRstruts:   0 Thi: 0.4999970 
  85 Rop: 34.70321716522 Str:   8 MRstruts:   0 Thi: 0.4999970 
  86 Rop: 34.69778398773 Str:  10 MRstruts:   0 Thi: 0.4999784 
  87 Rop: 34.69520330654 Str:  12 MRstruts:   0 Thi: 0.4999782 
  88 Rop: 34.68731905055 Str:  17 MRstruts:   0 Thi: 0.4996947 
  89 Rop: 34.68730089761 Str:   2 MRstruts:   0 Thi: 0.5000000 
  90 Rop: 34.68203924027 Str:   3 MRstruts:   0 Thi: 0.4999999 
  91 Rop: 34.67877201231 Str:   3 MRstruts:   0 Thi: 0.4999999 
  92 Rop: 34.67875569384 Str:   4 MRstruts:   0 Thi: 0.4999999 
  93 Rop: 34.67811533544 Str:   5 MRstruts:   0 Thi: 0.4999998 
  94 Rop: 34.67792726006 Str:   6 MRstruts:   0 Thi: 0.4999998 
  95 Rop: 34.67791817123 Str:   7 MRstruts:   0 Thi: 0.4999998 
  96 Rop: 34.67684113469 Str:   8 MRstruts:   0 Thi: 0.4999997 
  97 Rop: 34.67218574470 Str:  10 MRstruts:   0 Thi: 0.4999918 
  98 Rop: 34.67107927221 Str:  11 MRstruts:   0 Thi: 0.4999918 
  99 Rop: 34.66509822304 Str:  19 MRstruts:   0 Thi: 0.4987323 
 100 Rop: 34.66407349777 Str:   2 MRstruts:   0 Thi: 0.5000000 
 101 Rop: 34.65568203796 Str:   2 MRstruts:   0 Thi: 0.4999999 
 102 Rop: 34.65566527273 Str:   3 MRstruts:   0 Thi: 0.4999999 
 103 Rop: 34.64369479177 Str:   3 MRstruts:   0 Thi: 0.4999995 
 104 Rop: 34.64365864254 Str:   4 MRstruts:   0 Thi: 0.4999995 
 105 Rop: 34.63347381409 Str:   6 MRstruts:   0 Thi: 0.4999918 
 106 Rop: 34.62835771632 Str:   7 MRstruts:   0 Thi: 0.4999911 
 107 Rop: 34.62802212820 Str:   8 MRstruts:   0 Thi: 0.4999911 
 108 Rop: 34.62252316716 Str:   9 MRstruts:   0 Thi: 0.4999911 
 109 Rop: 34.61605606497 Str:  10 MRstruts:   0 Thi: 0.4999901 
 110 Rop: 34.61456490034 Str:  11 MRstruts:   0 Thi: 0.4999899 
 111 Rop: 34.59906727992 Str:  13 MRstruts:   0 Thi: 0.4999767 
 112 Rop: 34.58092199786 Str:  18 MRstruts:   0 Thi: 0.4996022 
 113 Rop: 34.57277404266 Str:   5 MRstruts:   0 Thi: 0.4999397 
 114 Rop: 34.57271884260 Str:   1 MRstruts:   0 Thi: 0.5000000 
 115 Rop: 34.57273299993 Str:   2 MRstruts:   0 Thi: 0.4999997 
 116 Rop: 34.57217089075 Str:   3 MRstruts:   0 Thi: 0.4999997 
 117 Rop: 34.57133396727 Str:   4 MRstruts:   0 Thi: 0.4999997 
 118 Rop: 34.57052470773 Str:   5 MRstruts:   0 Thi: 0.4999997 
 119 Rop: 34.57035336161 Str:   6 MRstruts:   0 Thi: 0.4999997 
 120 Rop: 34.57003055608 Str:   7 MRstruts:   0 Thi: 0.4999997 
 121 Rop: 34.56771295817 Str:   7 MRstruts:   0 Thi: 0.4999996 
 122 Rop: 34.56769694829 Str:   8 MRstruts:   0 Thi: 0.4999996 
 123 Rop: 34.56313643813 Str:   9 MRstruts:   0 Thi: 0.4999993 
 124 Rop: 34.56304090598 Str:  11 MRstruts:   0 Thi: 0.4999993 
 125 Rop: 34.56078328065 Str:  14 MRstruts:   0 Thi: 0.4999864 
 126 Rop: 34.55253089904 Str:  16 MRstruts:   0 Thi: 0.4999723 
 127 Rop: 34.36945542923 Str:  23 MRstruts:   0 Thi: 0.4977531 
 128 Rop: 34.36843508051 Str:   2 MRstruts:   0 Thi: 0.4999997 
 129 Rop: 34.35597628567 Str:   3 MRstruts:   0 Thi: 0.4999965 
 130 Rop: 34.33443051600 Str:   4 MRstruts:   0 Thi: 0.4999944 
 131 Rop: 34.33339643432 Str:   5 MRstruts:   0 Thi: 0.4999944 
 132 Rop: 34.31267507898 Str:   6 MRstruts:   0 Thi: 0.4999931 
 133 Rop: 34.29908668913 Str:   8 MRstruts:   0 Thi: 0.4999914 
 134 Rop: 34.29845985399 Str:   9 MRstruts:   0 Thi: 0.4999913 
 135 Rop: 34.29566656319 Str:  11 MRstruts:   0 Thi: 0.4999910 
 136 Rop: 34.28256557461 Str:  12 MRstruts:   0 Thi: 0.4999904 
 137 Rop: 34.27838333522 Str:  13 MRstruts:   0 Thi: 0.4999898 
 138 Rop: 34.26659684764 Str:  14 MRstruts:   0 Thi: 0.4999879 
 139 Rop: 34.22971899867 Str:  16 MRstruts:   0 Thi: 0.4998118 
 140 Rop: 34.22964057332 Str:   2 MRstruts:   0 Thi: 0.5000000 
 141 Rop: 34.22501367163 Str:   2 MRstruts:   0 Thi: 0.5000000 
 142 Rop: 34.22502343429 Str:   3 MRstruts:   0 Thi: 0.4999997 
 143 Rop: 34.22479929465 Str:   4 MRstruts:   0 Thi: 0.4999997 
 144 Rop: 34.22447792974 Str:   5 MRstruts:   0 Thi: 0.4999997 
 145 Rop: 34.22420878597 Str:   6 MRstruts:   0 Thi: 0.4999997 
 146 Rop: 34.22292187801 Str:   7 MRstruts:   0 Thi: 0.4999997 
 147 Rop: 34.22224316094 Str:   8 MRstruts:   0 Thi: 0.4999996 
 148 Rop: 34.22185906092 Str:   9 MRstruts:   0 Thi: 0.4999996 
 149 Rop: 34.22155090488 Str:  10 MRstruts:   0 Thi: 0.4999996 
 150 Rop: 34.22149768192 Str:  11 MRstruts:   0 Thi: 0.4999995 
 151 Rop: 34.22140821465 Str:  12 MRstruts:   0 Thi: 0.4999995 
 152 Rop: 34.21700516061 Str:  17 MRstruts:   0 Thi: 0.4999014 
 153 Rop: 34.21699877969 Str:   2 MRstruts:   0 Thi: 0.5000000 
 154 Rop: 34.21667023100 Str:   3 MRstruts:   0 Thi: 0.4999999 
 155 Rop: 34.21619598312 Str:   3 MRstruts:   0 Thi: 0.4999999 
 156 Rop: 34.21620220271 Str:   4 MRstruts:   0 Thi: 0.4999997 
 157 Rop: 34.21472692547 Str:   5 MRstruts:   0 Thi: 0.4999997 
 158 Rop: 34.21440391663 Str:   6 MRstruts:   0 Thi: 0.4999997 
 159 Rop: 34.21361721980 Str:   7 MRstruts:   0 Thi: 0.4999996 
 160 Rop: 34.21349844404 Str:   9 MRstruts:   0 Thi: 0.4999977 
 161 Rop: 34.21320043575 Str:  10 MRstruts:   0 Thi: 0.4999977 
 162 Rop: 34.21286778599 Str:  11 MRstruts:   0 Thi: 0.4999977 
 163 Rop: 34.21223259698 Str:  12 MRstruts:   0 Thi: 0.4999976 
 164 Rop: 34.21123752981 Str:  14 MRstruts:   0 Thi: 0.4999975 
 165 Rop: 34.21109140832 Str:  16 MRstruts:   0 Thi: 0.4999975 
 166 Rop: 34.20842223072 Str:  17 MRstruts:   0 Thi: 0.4999973 
 167 Rop: 34.19118245108 Str:  25 MRstruts:   0 Thi: 0.4974530 
 168 Rop: 34.14744115981 Str:   2 MRstruts:   0 Thi: 0.4999948 
 169 Rop: 34.13887012420 Str:   3 MRstruts:   0 Thi: 0.4999946 
 170 Rop: 34.13016489939 Str:   4 MRstruts:   0 Thi: 0.4999943 
 171 Rop: 34.11912830501 Str:   5 MRstruts:   0 Thi: 0.4999934 
 172 Rop: 34.11526835797 Str:   7 MRstruts:   0 Thi: 0.4999882 
 173 Rop: 34.10521958649 Str:   8 MRstruts:   0 Thi: 0.4999879 
 174 Rop: 34.10256652784 Str:  10 MRstruts:   0 Thi: 0.4999709 
 175 Rop: 34.09689595652 Str:  11 MRstruts:   0 Thi: 0.4999706 
 176 Rop: 34.09349649707 Str:  14 MRstruts:   0 Thi: 0.4999664 
 177 Rop: 34.08981232842 Str:  15 MRstruts:   0 Thi: 0.4999660 
 178 Rop: 34.07663424939 Str:  21 MRstruts:   0 Thi: 0.4995016 
 179 Rop: 34.07658061769 Str:   2 MRstruts:   0 Thi: 0.5000000 
 180 Rop: 34.07648380233 Str:   2 MRstruts:   0 Thi: 0.5000000 
 181 Rop: 34.07649417844 Str:   3 MRstruts:   0 Thi: 0.4999997 
 182 Rop: 34.06731199377 Str:   3 MRstruts:   0 Thi: 0.4999996 
 183 Rop: 34.06729283586 Str:   4 MRstruts:   0 Thi: 0.4999996 
 184 Rop: 34.06383610834 Str:   5 MRstruts:   0 Thi: 0.4999993 
 185 Rop: 34.06247635756 Str:   6 MRstruts:   0 Thi: 0.4999993 
 186 Rop: 34.06022874823 Str:   7 MRstruts:   0 Thi: 0.4999993 
 187 Rop: 34.05818817386 Str:   8 MRstruts:   0 Thi: 0.4999993 
 188 Rop: 34.05785229755 Str:   9 MRstruts:   0 Thi: 0.4999993 
 189 Rop: 34.05619563728 Str:  11 MRstruts:   0 Thi: 0.4999993 
 190 Rop: 34.05427757670 Str:  12 MRstruts:   0 Thi: 0.4999991 
 191 Rop: 34.05369169519 Str:  15 MRstruts:   0 Thi: 0.4999909 
 192 Rop: 34.05039000031 Str:  17 MRstruts:   0 Thi: 0.4999283 
 193 Rop: 34.05039567555 Str:   2 MRstruts:   0 Thi: 0.4999998 
 194 Rop: 34.04865587437 Str:   3 MRstruts:   0 Thi: 0.4999998 
 195 Rop: 34.04850720671 Str:   4 MRstruts:   0 Thi: 0.4999998 
 196 Rop: 34.04836587179 Str:   5 MRstruts:   0 Thi: 0.4999997 
 197 Rop: 34.04818284113 Str:   6 MRstruts:   0 Thi: 0.4999997 
 198 Rop: 34.04803613979 Str:   6 MRstruts:   0 Thi: 0.4999997 
 199 Rop: 34.04787764726 Str:   7 MRstruts:   0 Thi: 0.4999997 
 200 Rop: 34.04759588996 Str:   8 MRstruts:   0 Thi: 0.4999997 
 201 Rop: 34.04743766752 Str:   9 MRstruts:   0 Thi: 0.4999997 
 202 Rop: 34.04733722232 Str:  11 MRstruts:   0 Thi: 0.4999997 
 203 Rop: 34.04686185575 Str:  14 MRstruts:   0 Thi: 0.4999970 
 204 Rop: 34.04638888927 Str:  15 MRstruts:   0 Thi: 0.4999970 
 205 Rop: 34.04311676796 Str:  19 MRstruts:   0 Thi: 0.4998828 
 206 Rop: 34.04311637099 Str:   2 MRstruts:   0 Thi: 0.4999999 
 207 Rop: 34.04181653398 Str:   2 MRstruts:   0 Thi: 0.4999999 
 208 Rop: 34.04180188091 Str:   3 MRstruts:   0 Thi: 0.4999999 
 209 Rop: 34.04060236685 Str:   5 MRstruts:   0 Thi: 0.4999873 
 210 Rop: 34.03980749369 Str:   7 MRstruts:   0 Thi: 0.4999873 
 211 Rop: 34.03917488009 Str:   9 MRstruts:   0 Thi: 0.4999873 
 212 Rop: 34.03849958759 Str:  13 MRstruts:   0 Thi: 0.4999872 
 213 Rop: 34.03765866981 Str:  15 MRstruts:   0 Thi: 0.4999871 
 214 Rop: 34.03706518072 Str:  16 MRstruts:   0 Thi: 0.4999871 
 215 Rop: 34.03626922475 Str:  18 MRstruts:   0 Thi: 0.4999871 
 216 Rop: 34.03467125140 Str:  20 MRstruts:   0 Thi: 0.4999871 
 217 Rop: 34.00763317879 Str:  21 MRstruts:   0 Thi: 0.4999327 
 218 Rop: 34.00751262894 Str:   2 MRstruts:   0 Thi: 0.5000000 
 219 Rop: 34.00622355736 Str:   3 MRstruts:   0 Thi: 0.4999998 
 220 Rop: 34.00607498690 Str:   4 MRstruts:   0 Thi: 0.4999998 
 221 Rop: 34.00589653436 Str:   5 MRstruts:   0 Thi: 0.4999998 
 222 Rop: 34.00581597056 Str:   6 MRstruts:   0 Thi: 0.4999998 
 223 Rop: 34.00562453442 Str:   7 MRstruts:   0 Thi: 0.4999998 
 224 Rop: 34.00559061799 Str:   8 MRstruts:   0 Thi: 0.4999998 
 225 Rop: 34.00554223012 Str:   9 MRstruts:   0 Thi: 0.4999998 
 226 Rop: 34.00530037051 Str:  10 MRstruts:   0 Thi: 0.4999998 
 227 Rop: 34.00516556221 Str:  11 MRstruts:   0 Thi: 0.4999998 
 228 Rop: 34.00504290003 Str:  13 MRstruts:   0 Thi: 0.4999981 
 229 Rop: 34.00495394007 Str:  14 MRstruts:   0 Thi: 0.4999980 
 230 Rop: 34.00445222444 Str:  18 MRstruts:   0 Thi: 0.4999980 
 231 Rop: 34.00330712131 Str:  19 MRstruts:   0 Thi: 0.4999698 
 232 Rop: 33.90354361540 Str:  24 MRstruts:   0 Thi: 0.4988126 
 233 Rop: 33.90267743831 Str:   2 MRstruts:   0 Thi: 0.4999999 
 234 Rop: 33.89646046013 Str:   3 MRstruts:   0 Thi: 0.4999998 
 235 Rop: 33.88472272810 Str:   8 MRstruts:   0 Thi: 0.4997571 
 236 Rop: 33.88452076130 Str:   1 MRstruts:   0 Thi: 0.5000000 
 237 Rop: 33.88453121495 Str:   2 MRstruts:   0 Thi: 0.4999997 
 238 Rop: 33.88133358155 Str:  10 MRstruts:   0 Thi: 0.4998861 
 239 Rop: 33.88125238555 Str:   1 MRstruts:   0 Thi: 0.5000000 
 240 Rop: 33.88126429354 Str:   2 MRstruts:   0 Thi: 0.4999997 
 241 Rop: 33.88017672585 Str:   3 MRstruts:   0 Thi: 0.4999997 
 242 Rop: 33.87870246708 Str:   4 MRstruts:   0 Thi: 0.4999997 
 243 Rop: 33.87833877132 Str:   5 MRstruts:   0 Thi: 0.4999997 
 244 Rop: 33.87770760292 Str:   6 MRstruts:   0 Thi: 0.4999996 
 245 Rop: 33.87605708356 Str:   7 MRstruts:   0 Thi: 0.4999995 
 246 Rop: 33.87572964884 Str:   8 MRstruts:   0 Thi: 0.4999995 
 247 Rop: 33.87561781240 Str:   9 MRstruts:   0 Thi: 0.4999995 
 248 Rop: 33.87350732703 Str:  11 MRstruts:   0 Thi: 0.4999955 
 249 Rop: 33.87252496354 Str:  12 MRstruts:   0 Thi: 0.4999955 
 250 Rop: 33.86912492986 Str:  13 MRstruts:   0 Thi: 0.4999953 
 251 Rop: 33.86824840377 Str:  14 MRstruts:   0 Thi: 0.4999953 
 252 Rop: 33.86616687796 Str:  16 MRstruts:   0 Thi: 0.4999557 
 253 Rop: 33.85812618950 Str:  17 MRstruts:   0 Thi: 0.4999556 
 254 Rop: 33.85545913362 Str:  18 MRstruts:   0 Thi: 0.4999556 
 255 Rop: 33.85237857816 Str:  20 MRstruts:   0 Thi: 0.4999556 
 256 Rop: 33.83884647910 Str:  23 MRstruts:   0 Thi: 0.4998615 
 257 Rop: 33.83698523968 Str:   3 MRstruts:   0 Thi: 0.4999674 
 258 Rop: 33.83611816860 Str:  12 MRstruts:   0 Thi: 0.4999674 
 259 Rop: 33.83489756336 Str:  16 MRstruts:   0 Thi: 0.4999672 
 260 Rop: 33.83390635350 Str:  19 MRstruts:   0 Thi: 0.4999672 
 261 Rop: 33.83215925828 Str:  19 MRstruts:   0 Thi: 0.4999672 
 262 Rop: 33.82796945220 Str:  24 MRstruts:   0 Thi: 0.4999670 
 263 Rop: 33.75097962023 Str:  31 MRstruts:   0 Thi: 0.4971846 
 264 Rop: 33.69970706598 Str:  12 MRstruts:   0 Thi: 0.4993542 
 265 Rop: 33.69971787900 Str:   1 MRstruts:   0 Thi: 0.4999997 
 266 Rop: 33.69223426554 Str:   7 MRstruts:   0 Thi: 0.4998652 
 267 Rop: 33.69224605655 Str:   2 MRstruts:   0 Thi: 0.4999997 
 268 Rop: 33.69049501681 Str:   3 MRstruts:   0 Thi: 0.4999994 
 269 Rop: 33.69038672821 Str:   4 MRstruts:   0 Thi: 0.4999994 
 270 Rop: 33.68995284456 Str:   5 MRstruts:   0 Thi: 0.4999994 
 271 Rop: 33.68741375413 Str:   6 MRstruts:   0 Thi: 0.4999992 
 272 Rop: 33.68496311245 Str:   7 MRstruts:   0 Thi: 0.4999992 
 273 Rop: 33.68159685177 Str:   9 MRstruts:   0 Thi: 0.4999657 
 274 Rop: 33.68006089997 Str:  10 MRstruts:   0 Thi: 0.4999656 
 275 Rop: 33.67862260149 Str:  11 MRstruts:   0 Thi: 0.4999654 
 276 Rop: 33.66810150053 Str:  14 MRstruts:   0 Thi: 0.4999304 
 277 Rop: 33.66791409758 Str:   7 MRstruts:   0 Thi: 0.4999778 
 278 Rop: 33.66673926070 Str:   8 MRstruts:   0 Thi: 0.4999777 
 279 Rop: 33.66555030892 Str:  12 MRstruts:   0 Thi: 0.4999777 
 280 Rop: 33.66414973796 Str:  14 MRstruts:   0 Thi: 0.4999776 
 281 Rop: 33.66305655529 Str:  15 MRstruts:   0 Thi: 0.4999776 
 282 Rop: 33.65475367544 Str:  16 MRstruts:   0 Thi: 0.4999765 
 283 Rop: 33.64748234667 Str:  18 MRstruts:   0 Thi: 0.4999759 
 284 Rop: 33.63620237690 Str:  19 MRstruts:   0 Thi: 0.4999754 
 285 Rop: 33.62250785630 Str:  21 MRstruts:   0 Thi: 0.4999739 
 286 Rop: 33.61594659413 Str:  23 MRstruts:   0 Thi: 0.4999731 
 287 Rop: 33.61349954051 Str:  24 MRstruts:   0 Thi: 0.4999731 
 288 Rop: 33.60389744037 Str:  27 MRstruts:   0 Thi: 0.4999716 
 289 Rop: 33.60167231476 Str:  28 MRstruts:   0 Thi: 0.4999715 
 290 Rop: 33.58600251890 Str:  33 MRstruts:   0 Thi: 0.4997887 
 291 Rop: 33.58337167191 Str:   4 MRstruts:   0 Thi: 0.4999642 
 292 Rop: 33.58186501735 Str:   9 MRstruts:   0 Thi: 0.4999642 
 293 Rop: 33.57981848756 Str:  18 MRstruts:   0 Thi: 0.4999638 
 294 Rop: 33.57829687572 Str:  26 MRstruts:   0 Thi: 0.4999637 
 295 Rop: 33.57701562884 Str:  29 MRstruts:   0 Thi: 0.4999637 
 296 Rop: 33.57307384785 Str:  35 MRstruts:   0 Thi: 0.4999632 
 297 Rop: 33.55564027432 Str:  37 MRstruts:   0 Thi: 0.4992871 
 298 Rop: 33.54532129322 Str:  10 MRstruts:   0 Thi: 0.4997352 
 299 Rop: 33.54329232494 Str:   3 MRstruts:   0 Thi: 0.4999411 
 300 Rop: 33.54246397430 Str:   3 MRstruts:   0 Thi: 0.4999698 
 301 Rop: 33.53861756148 Str:   5 MRstruts:   0 Thi: 0.4999695 
 302 Rop: 33.53691645761 Str:  10 MRstruts:   0 Thi: 0.4999693 
 303 Rop: 33.53548742285 Str:  13 MRstruts:   0 Thi: 0.4999693 
 304 Rop: 33.53297800064 Str:  15 MRstruts:   0 Thi: 0.4999690 
 305 Rop: 33.53161119451 Str:  17 MRstruts:   0 Thi: 0.4999689 
 306 Rop: 33.53018088683 Str:  21 MRstruts:   0 Thi: 0.4999689 
 307 Rop: 33.52869274105 Str:  24 MRstruts:   0 Thi: 0.4999689 
 308 Rop: 33.52734864420 Str:  27 MRstruts:   0 Thi: 0.4999689 
 309 Rop: 33.52647033774 Str:  28 MRstruts:   0 Thi: 0.4999689 
 310 Rop: 33.52556988333 Str:  31 MRstruts:   0 Thi: 0.4999689 
 311 Rop: 33.52201353898 Str:  32 MRstruts:   0 Thi: 0.4999684 
 312 Rop: 33.51712326410 Str:  33 MRstruts:   0 Thi: 0.4999683 
 313 Rop: 33.51303971946 Str:  34 MRstruts:   0 Thi: 0.4999674 
 314 Rop: 33.51162470625 Str:  35 MRstruts:   0 Thi: 0.4999673 
 315 Rop: 33.50247018754 Str:  41 MRstruts:   0 Thi: 0.4997706 
 316 Rop: 33.50227223001 Str:   1 MRstruts:   0 Thi: 0.5000000 
 317 Rop: 33.50227422397 Str:   2 MRstruts:   0 Thi: 0.4999998 
 318 Rop: 33.49794957128 Str:   3 MRstruts:   0 Thi: 0.4999987 
 319 Rop: 33.49720169992 Str:   4 MRstruts:   0 Thi: 0.4999986 
 320 Rop: 33.49563736887 Str:   5 MRstruts:   0 Thi: 0.4999986 
 321 Rop: 33.49527779801 Str:   8 MRstruts:   0 Thi: 0.4999911 
 322 Rop: 33.49456567291 Str:  11 MRstruts:   0 Thi: 0.4999910 
 323 Rop: 33.49353030926 Str:  13 MRstruts:   0 Thi: 0.4999909 
 324 Rop: 33.49309570268 Str:  16 MRstruts:   0 Thi: 0.4999909 
 325 Rop: 33.49278235252 Str:  20 MRstruts:   0 Thi: 0.4999909 
 326 Rop: 33.49253764633 Str:  26 MRstruts:   0 Thi: 0.4999909 
 327 Rop: 33.49237249156 Str:  29 MRstruts:   0 Thi: 0.4999909 
 328 Rop: 33.49159896158 Str:  32 MRstruts:   0 Thi: 0.4999909 
 329 Rop: 33.48967615815 Str:  38 MRstruts:   0 Thi: 0.4999604 
 330 Rop: 33.48498986558 Str:  39 MRstruts:   0 Thi: 0.4999586 
 331 Rop: 33.46439333549 Str:  40 MRstruts:   0 Thi: 0.4997354 
 332 Rop: 33.46428889196 Str:   2 MRstruts:   0 Thi: 0.5000000 
 333 Rop: 33.45701386894 Str:   2 MRstruts:   0 Thi: 0.4999998 
 334 Rop: 33.45699938465 Str:   3 MRstruts:   0 Thi: 0.4999998 
 335 Rop: 33.45625694043 Str:   4 MRstruts:   0 Thi: 0.4999998 
 336 Rop: 33.45581089250 Str:   5 MRstruts:   0 Thi: 0.4999997 
 337 Rop: 33.45547729774 Str:   6 MRstruts:   0 Thi: 0.4999996 
 338 Rop: 33.45519759536 Str:   7 MRstruts:   0 Thi: 0.4999996 
 339 Rop: 33.45504204514 Str:   8 MRstruts:   0 Thi: 0.4999996 
 340 Rop: 33.45419911830 Str:   9 MRstruts:   0 Thi: 0.4999995 
 341 Rop: 33.45398510514 Str:  10 MRstruts:   0 Thi: 0.4999995 
 342 Rop: 33.45372260093 Str:  11 MRstruts:   0 Thi: 0.4999995 
 343 Rop: 33.45363932477 Str:  12 MRstruts:   0 Thi: 0.4999995 
 344 Rop: 33.45324894603 Str:  13 MRstruts:   0 Thi: 0.4999995 
 345 Rop: 33.45310914116 Str:  15 MRstruts:   0 Thi: 0.4999995 
 346 Rop: 33.45308253748 Str:  16 MRstruts:   0 Thi: 0.4999995 
 347 Rop: 33.45294481107 Str:  17 MRstruts:   0 Thi: 0.4999995 
 348 Rop: 33.45287311374 Str:  18 MRstruts:   0 Thi: 0.4999995 
 349 Rop: 33.45273324374 Str:  19 MRstruts:   0 Thi: 0.4999995 
 350 Rop: 33.45249632571 Str:  20 MRstruts:   0 Thi: 0.4999994 
 351 Rop: 33.45245321163 Str:  21 MRstruts:   0 Thi: 0.4999994 
 352 Rop: 33.45241242853 Str:  23 MRstruts:   0 Thi: 0.4999994 
 353 Rop: 33.45234026660 Str:  25 MRstruts:   0 Thi: 0.4999994 
 354 Rop: 33.45208794998 Str:  26 MRstruts:   0 Thi: 0.4999994 
 355 Rop: 33.45185593091 Str:  27 MRstruts:   0 Thi: 0.4999994 
 356 Rop: 33.45178765339 Str:  28 MRstruts:   0 Thi: 0.4999994 
 357 Rop: 33.45165005496 Str:  30 MRstruts:   0 Thi: 0.4999994 
 358 Rop: 33.45148268057 Str:  32 MRstruts:   0 Thi: 0.4999994 
 359 Rop: 33.45141223996 Str:  33 MRstruts:   0 Thi: 0.4999994 
 360 Rop: 33.45135843805 Str:  34 MRstruts:   0 Thi: 0.4999994 
 361 Rop: 33.45043297156 Str:  34 MRstruts:   0 Thi: 0.4999994 
 362 Rop: 33.45042374824 Str:  35 MRstruts:   0 Thi: 0.4999994 
 363 Rop: 33.45036797516 Str:  36 MRstruts:   0 Thi: 0.4999994 
 364 Rop: 33.45026195280 Str:  38 MRstruts:   0 Thi: 0.4999994 
 365 Rop: 33.44994353158 Str:  39 MRstruts:   0 Thi: 0.4999993 
 366 Rop: 33.44857874613 Str:  40 MRstruts:   0 Thi: 0.4999993 
 367 Rop: 33.44431501135 Str:  41 MRstruts:   0 Thi: 0.4999977 
 368 Rop: 33.43919554562 Str:  41 MRstruts:   0 Thi: 0.4999958 
 369 Rop: 33.43909871093 Str:  42 MRstruts:   0 Thi: 0.4999958 
 370 Rop: 33.43777657498 Str:  43 MRstruts:   0 Thi: 0.4999958 
 371 Rop: 33.41547284487 Str:  38 MRstruts:   0 Thi: 0.4999331 
 372 Rop: 33.41523764684 Str:   2 MRstruts:   0 Thi: 0.5000000 
 373 Rop: 33.41484086998 Str:   3 MRstruts:   0 Thi: 0.4999999 
 374 Rop: 33.41345492507 Str:   9 MRstruts:   0 Thi: 0.4999963 
 375 Rop: 33.41327007189 Str:  17 MRstruts:   0 Thi: 0.4999963 
 376 Rop: 33.41304141833 Str:  25 MRstruts:   0 Thi: 0.4999963 
 377 Rop: 33.41299522817 Str:  29 MRstruts:   0 Thi: 0.4999963 
 378 Rop: 33.41291630917 Str:  34 MRstruts:   0 Thi: 0.4999963 
 379 Rop: 33.41273731696 Str:  37 MRstruts:   0 Thi: 0.4999963 
 380 Rop: 33.41262801726 Str:  39 MRstruts:   0 Thi: 0.4999963 
 381 Rop: 33.41249209946 Str:  40 MRstruts:   0 Thi: 0.4999963 
 382 Rop: 33.41228579599 Str:  41 MRstruts:   0 Thi: 0.4999963 
 383 Rop: 33.41208716206 Str:  42 MRstruts:   0 Thi: 0.4999963 
 384 Rop: 33.41185648225 Str:  43 MRstruts:   0 Thi: 0.4999963 
 385 Rop: 33.41057553768 Str:  44 MRstruts:   0 Thi: 0.4999962 
 386 Rop: 33.39923795653 Str:  42 MRstruts:   0 Thi: 0.4997918 
 387 Rop: 33.39923638149 Str:   2 MRstruts:   0 Thi: 0.4999999 
 388 Rop: 33.39339627020 Str:   2 MRstruts:   0 Thi: 0.4999998 
 389 Rop: 33.39337786160 Str:   3 MRstruts:   0 Thi: 0.4999998 
 390 Rop: 33.39255425772 Str:   5 MRstruts:   0 Thi: 0.4999970 
 391 Rop: 33.39223424739 Str:   8 MRstruts:   0 Thi: 0.4999939 
 392 Rop: 33.39143475516 Str:  11 MRstruts:   0 Thi: 0.4999939 
 393 Rop: 33.39103026434 Str:  12 MRstruts:   0 Thi: 0.4999939 
 394 Rop: 33.39064533869 Str:  19 MRstruts:   0 Thi: 0.4999939 
 395 Rop: 33.39015522310 Str:  23 MRstruts:   0 Thi: 0.4999938 
 396 Rop: 33.38979673341 Str:  24 MRstruts:   0 Thi: 0.4999938 
 397 Rop: 33.38917307083 Str:  29 MRstruts:   0 Thi: 0.4999938 
 398 Rop: 33.38890263951 Str:  32 MRstruts:   0 Thi: 0.4999938 
 399 Rop: 33.38878751367 Str:  34 MRstruts:   0 Thi: 0.4999938 
 400 Rop: 33.38863178987 Str:  36 MRstruts:   0 Thi: 0.4999938 
 401 Rop: 33.38794588200 Str:  37 MRstruts:   0 Thi: 0.4999936 
 402 Rop: 33.38755066394 Str:  39 MRstruts:   0 Thi: 0.4999936 
 403 Rop: 33.38687878677 Str:  40 MRstruts:   0 Thi: 0.4999936 
 404 Rop: 33.38662630313 Str:  42 MRstruts:   0 Thi: 0.4999936 
 405 Rop: 33.38656128389 Str:  42 MRstruts:   0 Thi: 0.4999936 
 406 Rop: 33.38643179432 Str:  43 MRstruts:   0 Thi: 0.4999936 
 407 Rop: 33.38602134673 Str:  44 MRstruts:   0 Thi: 0.4999936 
 408 Rop: 33.38422403115 Str:  45 MRstruts:   0 Thi: 0.4999935 
 409 Rop: 33.37521222157 Str:  43 MRstruts:   0 Thi: 0.4999816 
 410 Rop: 33.37498460463 Str:  46 MRstruts:   0 Thi: 0.4999816 
 411 Rop: 33.37272095971 Str:  46 MRstruts:   0 Thi: 0.4999806 
 412 Rop: 33.35908176875 Str:  34 MRstruts:   0 Thi: 0.4998363 
 413 Rop: 33.35880283834 Str:   2 MRstruts:   0 Thi: 0.5000000 
 414 Rop: 33.35427994775 Str:   3 MRstruts:   0 Thi: 0.4999996 
 415 Rop: 33.35274502661 Str:   4 MRstruts:   0 Thi: 0.4999996 
 416 Rop: 33.35267586042 Str:   5 MRstruts:   0 Thi: 0.4999996 
 417 Rop: 33.35235927495 Str:   9 MRstruts:   0 Thi: 0.4999951 
 418 Rop: 33.35212695684 Str:  11 MRstruts:   0 Thi: 0.4999951 
 419 Rop: 33.35158288020 Str:  16 MRstruts:   0 Thi: 0.4999951 
 420 Rop: 33.35095210187 Str:  21 MRstruts:   0 Thi: 0.4999950 
 421 Rop: 33.35086751919 Str:  22 MRstruts:   0 Thi: 0.4999950 
 422 Rop: 33.35068467740 Str:  24 MRstruts:   0 Thi: 0.4999949 
 423 Rop: 33.35051956899 Str:  26 MRstruts:   0 Thi: 0.4999949 
 424 Rop: 33.35040491237 Str:  29 MRstruts:   0 Thi: 0.4999949 
 425 Rop: 33.35030353542 Str:  34 MRstruts:   0 Thi: 0.4999949 
 426 Rop: 33.35001504296 Str:  36 MRstruts:   0 Thi: 0.4999949 
 427 Rop: 33.34992123062 Str:  37 MRstruts:   0 Thi: 0.4999949 
 428 Rop: 33.34974291644 Str:  41 MRstruts:   0 Thi: 0.4999949 
 429 Rop: 33.34955388666 Str:  41 MRstruts:   0 Thi: 0.4999949 
 430 Rop: 33.34946091770 Str:  43 MRstruts:   0 Thi: 0.4999949 
 431 Rop: 33.34931003872 Str:  46 MRstruts:   0 Thi: 0.4999949 
 432 Rop: 33.34926469926 Str:  47 MRstruts:   0 Thi: 0.4999949 
 433 Rop: 33.33268562151 Str:  30 MRstruts:   0 Thi: 0.4997954 
 434 Rop: 33.32701690445 Str:   6 MRstruts:   0 Thi: 0.4999733 
 435 Rop: 33.32598295719 Str:  11 MRstruts:   0 Thi: 0.4999733 
 436 Rop: 33.32395396296 Str:  19 MRstruts:   0 Thi: 0.4999733 
 437 Rop: 33.32302118717 Str:  31 MRstruts:   0 Thi: 0.4999733 
 438 Rop: 33.32243718907 Str:  39 MRstruts:   0 Thi: 0.4999732 
 439 Rop: 33.32197457409 Str:  42 MRstruts:   0 Thi: 0.4999732 
 440 Rop: 33.32132477777 Str:  44 MRstruts:   0 Thi: 0.4999732 
 441 Rop: 33.32114337974 Str:  45 MRstruts:   0 Thi: 0.4999732 
 442 Rop: 33.32097992310 Str:  46 MRstruts:   0 Thi: 0.4999732 
 443 Rop: 33.31826764838 Str:  46 MRstruts:   0 Thi: 0.4999668 
 444 Rop: 33.31673710982 Str:  47 MRstruts:   0 Thi: 0.4999666 
 445 Rop: 33.30958240782 Str:  47 MRstruts:   0 Thi: 0.4998770 
 446 Rop: 33.30744651217 Str:   2 MRstruts:   0 Thi: 0.4999999 
 447 Rop: 33.30678674850 Str:   3 MRstruts:   0 Thi: 0.4999998 
 448 Rop: 33.30671441719 Str:   4 MRstruts:   0 Thi: 0.4999998 
 449 Rop: 33.30648421761 Str:   6 MRstruts:   0 Thi: 0.4999979 
 450 Rop: 33.30603879599 Str:   8 MRstruts:   0 Thi: 0.4999939 
 451 Rop: 33.30549228222 Str:  10 MRstruts:   0 Thi: 0.4999938 
 452 Rop: 33.30523666261 Str:  13 MRstruts:   0 Thi: 0.4999938 
 453 Rop: 33.30500682898 Str:  17 MRstruts:   0 Thi: 0.4999938 
 454 Rop: 33.30474440778 Str:  26 MRstruts:   0 Thi: 0.4999938 
 455 Rop: 33.30448381954 Str:  27 MRstruts:   0 Thi: 0.4999938 
 456 Rop: 33.30429497478 Str:  34 MRstruts:   0 Thi: 0.4999938 
 457 Rop: 33.30415079844 Str:  36 MRstruts:   0 Thi: 0.4999938 
 458 Rop: 33.30405015620 Str:  38 MRstruts:   0 Thi: 0.4999938 
 459 Rop: 33.30399203825 Str:  41 MRstruts:   0 Thi: 0.4999938 
 460 Rop: 33.30388049774 Str:  43 MRstruts:   0 Thi: 0.4999938 
 461 Rop: 33.30363960773 Str:  43 MRstruts:   0 Thi: 0.4999938 
 462 Rop: 33.30354400507 Str:  45 MRstruts:   0 Thi: 0.4999938 
 463 Rop: 33.30347015230 Str:  46 MRstruts:   0 Thi: 0.4999938 
 464 Rop: 33.30328405330 Str:  47 MRstruts:   0 Thi: 0.4999938 
 465 Rop: 33.29881123180 Str:  46 MRstruts:   0 Thi: 0.4999426 
 466 Rop: 33.29783935481 Str:   1 MRstruts:   0 Thi: 0.5000000 
 467 Rop: 33.29783948119 Str:   2 MRstruts:   0 Thi: 0.4999998 
 468 Rop: 33.29774492756 Str:   3 MRstruts:   0 Thi: 0.4999998 
 469 Rop: 33.29767617123 Str:   3 MRstruts:   0 Thi: 0.4999998 
 470 Rop: 33.29762253361 Str:   5 MRstruts:   0 Thi: 0.4999996 
 471 Rop: 33.29709627509 Str:  19 MRstruts:   0 Thi: 0.4999931 
 472 Rop: 33.29680775501 Str:  34 MRstruts:   0 Thi: 0.4999931 
 473 Rop: 33.29668991624 Str:  37 MRstruts:   0 Thi: 0.4999931 
 474 Rop: 33.29662990388 Str:  43 MRstruts:   0 Thi: 0.4999931 
 475 Rop: 33.29656613950 Str:  44 MRstruts:   0 Thi: 0.4999931 
 476 Rop: 33.29642745881 Str:  45 MRstruts:   0 Thi: 0.4999931 
 477 Rop: 33.29637066372 Str:  46 MRstruts:   0 Thi: 0.4999930 
 478 Rop: 33.29629777304 Str:  47 MRstruts:   0 Thi: 0.4999930 
 479 Rop: 33.29294513922 Str:  47 MRstruts:   0 Thi: 0.4999514 
 480 Rop: 33.28897169381 Str:  48 MRstruts:   0 Thi: 0.4999291 
 481 Rop: 33.28881493471 Str:  19 MRstruts:   0 Thi: 0.4999675 
 482 Rop: 33.28822874239 Str:  39 MRstruts:   0 Thi: 0.4999675 
 483 Rop: 33.28777714200 Str:  45 MRstruts:   0 Thi: 0.4999674 
 484 Rop: 33.28745622845 Str:  46 MRstruts:   0 Thi: 0.4999674 
 485 Rop: 33.28711697419 Str:  47 MRstruts:   0 Thi: 0.4999674 
 486 Rop: 33.28700405677 Str:  48 MRstruts:   0 Thi: 0.4999674 
 487 Rop: 33.28369303994 Str:  48 MRstruts:   0 Thi: 0.4999560 
 488 Rop: 33.28226918511 Str:  49 MRstruts:   0 Thi: 0.4999556 
 489 Rop: 33.27658701759 Str:  50 MRstruts:   0 Thi: 0.4999540 
 490 Rop: 33.26981120070 Str:  49 MRstruts:   0 Thi: 0.4998951 
 491 Rop: 33.26925417200 Str:   2 MRstruts:   0 Thi: 0.4999999 
 492 Rop: 33.26816786983 Str:   3 MRstruts:   0 Thi: 0.4999999 
 493 Rop: 33.26757913155 Str:   4 MRstruts:   0 Thi: 0.4999998 
 494 Rop: 33.26750206878 Str:   5 MRstruts:   0 Thi: 0.4999998 
 495 Rop: 33.26747077602 Str:   6 MRstruts:   0 Thi: 0.4999998 
 496 Rop: 33.26732744425 Str:   9 MRstruts:   0 Thi: 0.4999976 
 497 Rop: 33.26714904456 Str:  10 MRstruts:   0 Thi: 0.4999975 
 498 Rop: 33.26694843500 Str:  14 MRstruts:   0 Thi: 0.4999975 
 499 Rop: 33.26674972655 Str:  17 MRstruts:   0 Thi: 0.4999975 
 500 Rop: 33.26658313824 Str:  19 MRstruts:   0 Thi: 0.4999975 
 501 Rop: 33.26644970660 Str:  21 MRstruts:   0 Thi: 0.4999975 
 502 Rop: 33.26636492468 Str:  23 MRstruts:   0 Thi: 0.4999975 
 503 Rop: 33.26628982317 Str:  24 MRstruts:   0 Thi: 0.4999975 
 504 Rop: 33.26617121234 Str:  26 MRstruts:   0 Thi: 0.4999975 
 505 Rop: 33.26607587245 Str:  29 MRstruts:   0 Thi: 0.4999975 
 506 Rop: 33.26599892022 Str:  36 MRstruts:   0 Thi: 0.4999975 
 507 Rop: 33.26593298502 Str:  36 MRstruts:   0 Thi: 0.4999975 
 508 Rop: 33.26589142953 Str:  37 MRstruts:   0 Thi: 0.4999975 
 509 Rop: 33.26579909522 Str:  39 MRstruts:   0 Thi: 0.4999975 
 510 Rop: 33.26567573911 Str:  40 MRstruts:   0 Thi: 0.4999975 
 511 Rop: 33.26562606888 Str:  41 MRstruts:   0 Thi: 0.4999975 
 512 Rop: 33.26547246957 Str:  44 MRstruts:   0 Thi: 0.4999975 
 513 Rop: 33.26541144600 Str:  45 MRstruts:   0 Thi: 0.4999975 
 514 Rop: 33.26527069651 Str:  47 MRstruts:   0 Thi: 0.4999975 
 515 Rop: 33.26524495530 Str:  48 MRstruts:   0 Thi: 0.4999975 
 516 Rop: 33.26498352860 Str:  49 MRstruts:   0 Thi: 0.4999975 
 517 Rop: 33.26494000847 Str:  50 MRstruts:   0 Thi: 0.4999974 
 518 Rop: 33.26377370710 Str:  50 MRstruts:   0 Thi: 0.4999857 
 519 Rop: 33.26115959739 Str:  50 MRstruts:   0 Thi: 0.4999557 
 520 Rop: 33.26010594441 Str:  50 MRstruts:   0 Thi: 0.4999427 
 521 Rop: 33.25911956266 Str:   1 MRstruts:   0 Thi: 0.5000000 
 522 Rop: 33.25912612912 Str:   2 MRstruts:   0 Thi: 0.4999997 
 523 Rop: 33.25902661807 Str:   3 MRstruts:   0 Thi: 0.4999997 
 524 Rop: 33.25879597974 Str:   5 MRstruts:   0 Thi: 0.4999987 
 525 Rop: 33.25850286253 Str:   8 MRstruts:   0 Thi: 0.4999977 
 526 Rop: 33.25827229209 Str:  13 MRstruts:   0 Thi: 0.4999977 
 527 Rop: 33.25821685946 Str:  18 MRstruts:   0 Thi: 0.4999977 
 528 Rop: 33.25815158305 Str:  20 MRstruts:   0 Thi: 0.4999977 
 529 Rop: 33.25805954178 Str:  23 MRstruts:   0 Thi: 0.4999977 
 530 Rop: 33.25801130179 Str:  28 MRstruts:   0 Thi: 0.4999977 
 531 Rop: 33.25796082044 Str:  31 MRstruts:   0 Thi: 0.4999977 
 532 Rop: 33.25790281796 Str:  34 MRstruts:   0 Thi: 0.4999977 
 533 Rop: 33.25787396139 Str:  39 MRstruts:   0 Thi: 0.4999977 
 534 Rop: 33.25784905566 Str:  41 MRstruts:   0 Thi: 0.4999977 
 535 Rop: 33.25778004138 Str:  43 MRstruts:   0 Thi: 0.4999977 
 536 Rop: 33.25772195362 Str:  44 MRstruts:   0 Thi: 0.4999977 
 537 Rop: 33.25765480392 Str:  45 MRstruts:   0 Thi: 0.4999977 
 538 Rop: 33.25758470826 Str:  46 MRstruts:   0 Thi: 0.4999977 
 539 Rop: 33.25755642516 Str:  48 MRstruts:   0 Thi: 0.4999977 
 540 Rop: 33.25754170170 Str:  49 MRstruts:   0 Thi: 0.4999977 
 541 Rop: 33.25751237095 Str:  50 MRstruts:   0 Thi: 0.4999976 
 542 Rop: 33.25631479208 Str:  50 MRstruts:   0 Thi: 0.4999841 
 543 Rop: 33.25525047174 Str:  50 MRstruts:   0 Thi: 0.4999750 
 544 Rop: 33.25458672054 Str:  50 MRstruts:   0 Thi: 0.4999669 
 545 Rop: 33.25227121342 Str:  48 MRstruts:   0 Thi: 0.4999420 
 546 Rop: 33.25215278854 Str:   2 MRstruts:   0 Thi: 0.5000000 
 547 Rop: 33.25129269502 Str:  12 MRstruts:   0 Thi: 0.4999897 
 548 Rop: 33.25093033259 Str:  19 MRstruts:   0 Thi: 0.4999896 
 549 Rop: 33.25064392800 Str:  29 MRstruts:   0 Thi: 0.4999896 
 550 Rop: 33.25045782775 Str:  41 MRstruts:   0 Thi: 0.4999896 
 551 Rop: 33.25034686973 Str:  44 MRstruts:   0 Thi: 0.4999896 
 552 Rop: 33.25005963298 Str:  47 MRstruts:   0 Thi: 0.4999896 
 553 Rop: 33.24995177767 Str:  50 MRstruts:   0 Thi: 0.4999896 
 554 Rop: 33.24938780058 Str:  50 MRstruts:   0 Thi: 0.4999824 
 555 Rop: 33.24897470247 Str:  50 MRstruts:   0 Thi: 0.4999772 
 556 Rop: 33.24424533483 Str:  44 MRstruts:   0 Thi: 0.4999636 
 557 Rop: 33.24398087305 Str:  49 MRstruts:   0 Thi: 0.4999636 
 558 Rop: 33.24385503093 Str:  51 MRstruts:   0 Thi: 0.4999636 
 559 Rop: 33.24355678989 Str:  50 MRstruts:   0 Thi: 0.4999596 
 560 Rop: 33.24310901150 Str:  50 MRstruts:   0 Thi: 0.4999538 
 561 Rop: 33.24284414516 Str:  51 MRstruts:   0 Thi: 0.4999501 
 562 Rop: 33.24071065106 Str:  51 MRstruts:   0 Thi: 0.4999465 
 563 Rop: 33.24069252133 Str:   2 MRstruts:   0 Thi: 0.5000000 
 564 Rop: 33.24066055815 Str:   3 MRstruts:   0 Thi: 0.5000000 
 565 Rop: 33.24019879683 Str:   4 MRstruts:   0 Thi: 0.5000000 
 566 Rop: 33.24016952992 Str:   5 MRstruts:   0 Thi: 0.5000000 
 567 Rop: 33.24006559938 Str:   7 MRstruts:   0 Thi: 0.4999992 
 568 Rop: 33.23995480949 Str:   9 MRstruts:   0 Thi: 0.4999992 
 569 Rop: 33.23978579667 Str:  10 MRstruts:   0 Thi: 0.4999992 
 570 Rop: 33.23972231242 Str:  11 MRstruts:   0 Thi: 0.4999992 
 571 Rop: 33.23957546989 Str:  12 MRstruts:   0 Thi: 0.4999992 
 572 Rop: 33.23952541605 Str:  13 MRstruts:   0 Thi: 0.4999991 
 573 Rop: 33.23930592285 Str:  14 MRstruts:   0 Thi: 0.4999991 
 574 Rop: 33.23925167339 Str:  16 MRstruts:   0 Thi: 0.4999991 
 575 Rop: 33.23915843849 Str:  20 MRstruts:   0 Thi: 0.4999991 
 576 Rop: 33.23911182861 Str:  22 MRstruts:   0 Thi: 0.4999991 
 577 Rop: 33.23907453130 Str:  25 MRstruts:   0 Thi: 0.4999991 
 578 Rop: 33.23901736013 Str:  26 MRstruts:   0 Thi: 0.4999991 
 579 Rop: 33.23897539333 Str:  28 MRstruts:   0 Thi: 0.4999991 
 580 Rop: 33.23895773366 Str:  31 MRstruts:   0 Thi: 0.4999991 
 581 Rop: 33.23890361697 Str:  34 MRstruts:   0 Thi: 0.4999991 
 582 Rop: 33.23889165109 Str:  36 MRstruts:   0 Thi: 0.4999991 
 583 Rop: 33.23885902176 Str:  39 MRstruts:   0 Thi: 0.4999991 
 584 Rop: 33.23884341103 Str:  41 MRstruts:   0 Thi: 0.4999991 
 585 Rop: 33.23881188781 Str:  42 MRstruts:   0 Thi: 0.4999991 
 586 Rop: 33.23877633677 Str:  43 MRstruts:   0 Thi: 0.4999991 
 587 Rop: 33.23868014794 Str:  44 MRstruts:   0 Thi: 0.4999991 
 588 Rop: 33.23866716316 Str:  46 MRstruts:   0 Thi: 0.4999991 
 589 Rop: 33.23865286906 Str:  49 MRstruts:   0 Thi: 0.4999991 
 590 Rop: 33.23863606716 Str:  50 MRstruts:   0 Thi: 0.4999991 
 591 Rop: 33.23857435742 Str:  51 MRstruts:   0 Thi: 0.4999991 
 592 Rop: 33.23836940566 Str:  51 MRstruts:   0 Thi: 0.4999967 
 593 Rop: 33.23810697883 Str:  51 MRstruts:   0 Thi: 0.4999931 
 594 Rop: 33.23767299664 Str:  51 MRstruts:   0 Thi: 0.4999911 
 595 Rop: 33.23766046423 Str:  52 MRstruts:   0 Thi: 0.4999911 
 596 Rop: 33.23736808551 Str:  51 MRstruts:   0 Thi: 0.4999872 
 597 Rop: 33.23720014881 Str:  52 MRstruts:   0 Thi: 0.4999867 
 598 Rop: 33.23560150486 Str:  51 MRstruts:   0 Thi: 0.4999864 
 599 Rop: 33.23556117977 Str:  53 MRstruts:   0 Thi: 0.4999864 
 600 Rop: 33.23540300337 Str:  52 MRstruts:   0 Thi: 0.4999842 
 601 Rop: 33.23534899069 Str:  53 MRstruts:   0 Thi: 0.4999842 
 602 Rop: 33.23066727727 Str:  16 MRstruts:   0 Thi: 0.4999814 
 603 Rop: 33.22981644867 Str:  42 MRstruts:   0 Thi: 0.4999814 
 604 Rop: 33.22965749952 Str:  50 MRstruts:   0 Thi: 0.4999814 
 605 Rop: 33.22952080680 Str:  52 MRstruts:   0 Thi: 0.4999814 
 606 Rop: 33.22945253716 Str:  54 MRstruts:   0 Thi: 0.4999813 
 607 Rop: 33.22922593751 Str:  54 MRstruts:   0 Thi: 0.4999785 
 608 Rop: 33.22902385432 Str:  54 MRstruts:   0 Thi: 0.4999759 
 609 Rop: 33.22875526448 Str:  54 MRstruts:   0 Thi: 0.4999731 
 610 Rop: 33.22859753636 Str:  54 MRstruts:   0 Thi: 0.4999711 
 611 Rop: 33.22783578741 Str:  53 MRstruts:   0 Thi: 0.4999624 
 612 Rop: 33.22775585544 Str:  53 MRstruts:   0 Thi: 0.4999623 
 613 Rop: 33.22752318820 Str:  54 MRstruts:   0 Thi: 0.4999596 
 614 Rop: 33.22731856437 Str:  54 MRstruts:   0 Thi: 0.4999570 
 615 Rop: 33.22716241164 Str:  54 MRstruts:   0 Thi: 0.4999549 
 616 Rop: 33.22676568183 Str:  54 MRstruts:   0 Thi: 0.4999515 
 617 Rop: 33.22662378639 Str:  55 MRstruts:   0 Thi: 0.4999496 
 618 Rop: 33.22655767200 Str:  13 MRstruts:   0 Thi: 0.4999934 
 619 Rop: 33.22603082017 Str:  16 MRstruts:   0 Thi: 0.4999934 
 620 Rop: 33.22573335243 Str:  20 MRstruts:   0 Thi: 0.4999934 
 621 Rop: 33.22542704286 Str:  32 MRstruts:   0 Thi: 0.4999933 
 622 Rop: 33.22532183130 Str:  38 MRstruts:   0 Thi: 0.4999933 
 623 Rop: 33.22518395723 Str:  42 MRstruts:   0 Thi: 0.4999933 
 624 Rop: 33.22508791224 Str:  47 MRstruts:   0 Thi: 0.4999933 
 625 Rop: 33.22505110069 Str:  50 MRstruts:   0 Thi: 0.4999933 
 626 Rop: 33.22502201841 Str:  52 MRstruts:   0 Thi: 0.4999933 
 627 Rop: 33.22498049256 Str:  54 MRstruts:   0 Thi: 0.4999933 
 628 Rop: 33.22490396549 Str:  55 MRstruts:   0 Thi: 0.4999933 
 629 Rop: 33.22238868291 Str:  23 MRstruts:   0 Thi: 0.4999763 
 630 Rop: 33.22178177716 Str:  37 MRstruts:   0 Thi: 0.4999763 
 631 Rop: 33.22140504253 Str:  48 MRstruts:   0 Thi: 0.4999763 
 632 Rop: 33.22127106748 Str:  54 MRstruts:   0 Thi: 0.4999763 
 633 Rop: 33.22109481343 Str:  54 MRstruts:   0 Thi: 0.4999749 
 634 Rop: 33.22098974913 Str:  54 MRstruts:   0 Thi: 0.4999735 
 635 Rop: 33.22083633994 Str:  53 MRstruts:   0 Thi: 0.4999714 
 636 Rop: 33.22071771548 Str:  53 MRstruts:   0 Thi: 0.4999698 
 637 Rop: 33.22061583053 Str:  54 MRstruts:   0 Thi: 0.4999696 
 638 Rop: 33.21938139142 Str:  55 MRstruts:   0 Thi: 0.4999706 
 639 Rop: 33.21868830469 Str:  55 MRstruts:   0 Thi: 0.4999628 
 640 Rop: 33.21858768317 Str:  55 MRstruts:   0 Thi: 0.4999615 
 641 Rop: 33.21849107054 Str:  55 MRstruts:   0 Thi: 0.4999602 
 642 Rop: 33.21824024513 Str:  56 MRstruts:   0 Thi: 0.4999591 
 643 Rop: 33.21811818704 Str:  56 MRstruts:   0 Thi: 0.4999576 
 644 Rop: 33.21803129431 Str:  56 MRstruts:   0 Thi: 0.4999564 
 645 Rop: 33.21768626574 Str:  56 MRstruts:   0 Thi: 0.4999525 
 646 Rop: 33.21756692309 Str:  56 MRstruts:   0 Thi: 0.4999508 
 647 Rop: 33.21749357315 Str:  56 MRstruts:   0 Thi: 0.4999498 
 648 Rop: 33.21703531623 Str:   2 MRstruts:   0 Thi: 0.5000000 
 649 Rop: 33.21689247625 Str:   3 MRstruts:   0 Thi: 0.5000000 
 650 Rop: 33.21654510018 Str:   4 MRstruts:   0 Thi: 0.5000000 
 651 Rop: 33.21642071897 Str:   5 MRstruts:   0 Thi: 0.4999999 
 652 Rop: 33.21632096364 Str:   6 MRstruts:   0 Thi: 0.4999999 
 653 Rop: 33.21613418655 Str:   7 MRstruts:   0 Thi: 0.4999999 
 654 Rop: 33.21603997458 Str:   9 MRstruts:   0 Thi: 0.4999997 
 655 Rop: 33.21600038985 Str:  10 MRstruts:   0 Thi: 0.4999997 
 656 Rop: 33.21589870163 Str:  11 MRstruts:   0 Thi: 0.4999997 
 657 Rop: 33.21579452469 Str:  15 MRstruts:   0 Thi: 0.4999997 
 658 Rop: 33.21575957891 Str:  20 MRstruts:   0 Thi: 0.4999989 
 659 Rop: 33.21571188140 Str:  25 MRstruts:   0 Thi: 0.4999989 
 660 Rop: 33.21568372889 Str:  32 MRstruts:   0 Thi: 0.4999989 
 661 Rop: 33.21560857267 Str:  33 MRstruts:   0 Thi: 0.4999989 
 662 Rop: 33.21558951849 Str:  36 MRstruts:   0 Thi: 0.4999989 
 663 Rop: 33.21550790816 Str:  39 MRstruts:   0 Thi: 0.4999989 
 664 Rop: 33.21550053435 Str:  41 MRstruts:   0 Thi: 0.4999989 
 665 Rop: 33.21548352477 Str:  44 MRstruts:   0 Thi: 0.4999989 
 666 Rop: 33.21546835620 Str:  45 MRstruts:   0 Thi: 0.4999989 
 667 Rop: 33.21545595681 Str:  47 MRstruts:   0 Thi: 0.4999989 
 668 Rop: 33.21544640986 Str:  49 MRstruts:   0 Thi: 0.4999989 
 669 Rop: 33.21537483701 Str:  52 MRstruts:   0 Thi: 0.4999989 
 670 Rop: 33.21536815504 Str:  53 MRstruts:   0 Thi: 0.4999989 
 671 Rop: 33.21535117898 Str:  54 MRstruts:   0 Thi: 0.4999989 
 672 Rop: 33.21534251040 Str:  55 MRstruts:   0 Thi: 0.4999989 
 673 Rop: 33.21530525428 Str:  56 MRstruts:   0 Thi: 0.4999989 
 674 Rop: 33.21459245361 Str:  30 MRstruts:   0 Thi: 0.4999987 
 675 Rop: 33.21457381265 Str:  43 MRstruts:   0 Thi: 0.4999987 
 676 Rop: 33.21456797912 Str:  52 MRstruts:   0 Thi: 0.4999987 
 677 Rop: 33.21456259268 Str:  55 MRstruts:   0 Thi: 0.4999987 
 678 Rop: 33.21456031749 Str:  57 MRstruts:   0 Thi: 0.4999987 
 679 Rop: 33.21439307587 Str:  57 MRstruts:   0 Thi: 0.4999969 
 680 Rop: 33.21432066444 Str:  57 MRstruts:   0 Thi: 0.4999960 
 681 Rop: 33.21357361007 Str:  46 MRstruts:   0 Thi: 0.4999920 
 682 Rop: 33.21352312587 Str:  57 MRstruts:   0 Thi: 0.4999920 
 683 Rop: 33.21345994241 Str:  57 MRstruts:   0 Thi: 0.4999911 
 684 Rop: 33.21340356175 Str:  57 MRstruts:   0 Thi: 0.4999904 
 685 Rop: 33.21281600988 Str:  56 MRstruts:   0 Thi: 0.4999872 
 686 Rop: 33.21275896067 Str:  56 MRstruts:   0 Thi: 0.4999871 
 687 Rop: 33.21259494502 Str:  56 MRstruts:   0 Thi: 0.4999850 
 688 Rop: 33.21248882462 Str:  56 MRstruts:   0 Thi: 0.4999838 
 689 Rop: 33.21203845338 Str:  56 MRstruts:   0 Thi: 0.4999814 
 690 Rop: 33.21190559848 Str:  56 MRstruts:   0 Thi: 0.4999798 
 691 Rop: 33.21177733044 Str:  56 MRstruts:   0 Thi: 0.4999783 
 692 Rop: 33.21166221852 Str:  56 MRstruts:   0 Thi: 0.4999770 
 693 Rop: 33.21155607541 Str:  56 MRstruts:   0 Thi: 0.4999758 
 694 Rop: 33.21145570384 Str:  56 MRstruts:   0 Thi: 0.4999746 
 695 Rop: 33.21137248004 Str:  56 MRstruts:   0 Thi: 0.4999736 
 696 Rop: 33.21126944166 Str:  56 MRstruts:   0 Thi: 0.4999723 
 697 Rop: 33.21120578217 Str:  56 MRstruts:   0 Thi: 0.4999715 
 698 Rop: 33.21089974768 Str:  56 MRstruts:   0 Thi: 0.4999703 
 699 Rop: 33.21085043641 Str:  56 MRstruts:   0 Thi: 0.4999696 
 700 Rop: 33.21080468329 Str:  56 MRstruts:   0 Thi: 0.4999690 
 701 Rop: 33.21058024286 Str:  56 MRstruts:   0 Thi: 0.4999662 
 702 Rop: 33.21053801507 Str:  56 MRstruts:   0 Thi: 0.4999656 
 703 Rop: 33.21049534292 Str:  56 MRstruts:   0 Thi: 0.4999650 
 704 Rop: 33.21031069140 Str:  56 MRstruts:   0 Thi: 0.4999627 
 705 Rop: 33.21026901157 Str:  56 MRstruts:   0 Thi: 0.4999621 
 706 Rop: 33.21021704680 Str:  56 MRstruts:   0 Thi: 0.4999614 
 707 Rop: 33.21016200732 Str:  56 MRstruts:   0 Thi: 0.4999607 
 708 Rop: 33.21010527757 Str:  56 MRstruts:   0 Thi: 0.4999599 
 709 Rop: 33.21006160694 Str:  56 MRstruts:   0 Thi: 0.4999593 
 710 Rop: 33.20994596772 Str:  56 MRstruts:   0 Thi: 0.4999578 
 711 Rop: 33.20991107825 Str:  56 MRstruts:   0 Thi: 0.4999573 
 712 Rop: 33.20985734304 Str:  56 MRstruts:   0 Thi: 0.4999566 
 713 Rop: 33.20980478629 Str:  56 MRstruts:   0 Thi: 0.4999559 
 714 Rop: 33.20976000239 Str:  56 MRstruts:   0 Thi: 0.4999553 
 715 Rop: 33.20967818278 Str:  56 MRstruts:   0 Thi: 0.4999542 
 716 Rop: 33.20964663846 Str:  56 MRstruts:   0 Thi: 0.4999538 
 717 Rop: 33.20944578109 Str:  56 MRstruts:   0 Thi: 0.4999513 
 718 Rop: 33.20940506724 Str:  56 MRstruts:   0 Thi: 0.4999507 
 719 Rop: 33.20936761479 Str:  56 MRstruts:   0 Thi: 0.4999502 
 720 Rop: 33.20921881861 Str:  56 MRstruts:   0 Thi: 0.4999483 
 721 Rop: 33.20905430699 Str:  37 MRstruts:   0 Thi: 0.4999664 
 722 Rop: 33.20862843400 Str:  50 MRstruts:   0 Thi: 0.4999664 
 723 Rop: 33.20851104857 Str:  54 MRstruts:   0 Thi: 0.4999664 
 724 Rop: 33.20841249750 Str:  56 MRstruts:   0 Thi: 0.4999664 
 725 Rop: 33.20838156927 Str:  56 MRstruts:   0 Thi: 0.4999659 
 726 Rop: 33.20833552751 Str:  56 MRstruts:   0 Thi: 0.4999653 
 727 Rop: 33.20828890200 Str:  56 MRstruts:   0 Thi: 0.4999647 
 728 Rop: 33.20824143889 Str:  56 MRstruts:   0 Thi: 0.4999640 
 729 Rop: 33.20820143912 Str:  56 MRstruts:   0 Thi: 0.4999635 
 730 Rop: 33.20813106135 Str:  56 MRstruts:   0 Thi: 0.4999626 
 731 Rop: 33.20810317107 Str:  56 MRstruts:   0 Thi: 0.4999622 
 732 Rop: 33.20780614433 Str:  56 MRstruts:   0 Thi: 0.4999587 
 733 Rop: 33.20775900155 Str:  56 MRstruts:   0 Thi: 0.4999581 
 734 Rop: 33.20773076520 Str:  56 MRstruts:   0 Thi: 0.4999577 
 735 Rop: 33.20760212704 Str:  56 MRstruts:   0 Thi: 0.4999561 
 736 Rop: 33.20756959352 Str:  56 MRstruts:   0 Thi: 0.4999556 
 737 Rop: 33.20754163682 Str:  56 MRstruts:   0 Thi: 0.4999553 
 738 Rop: 33.20633988658 Str:  43 MRstruts:   0 Thi: 0.4999527 
 739 Rop: 33.20588423593 Str:  54 MRstruts:   0 Thi: 0.4999527 
 740 Rop: 33.20569807208 Str:  56 MRstruts:   0 Thi: 0.4999522 
 741 Rop: 33.20556250805 Str:  56 MRstruts:   0 Thi: 0.4999503 
 742 Rop: 33.20550881958 Str:  56 MRstruts:   0 Thi: 0.4999496 
 743 Rop: 33.20537734310 Str:   2 MRstruts:   0 Thi: 0.5000000 
 744 Rop: 33.20529982703 Str:   3 MRstruts:   0 Thi: 0.5000000 
 745 Rop: 33.20513264747 Str:   5 MRstruts:   0 Thi: 0.4999977 
 746 Rop: 33.20491625608 Str:   7 MRstruts:   0 Thi: 0.4999977 
 747 Rop: 33.20482793797 Str:  10 MRstruts:   0 Thi: 0.4999977 
 748 Rop: 33.20466869042 Str:  12 MRstruts:   0 Thi: 0.4999977 
 749 Rop: 33.20455752991 Str:  14 MRstruts:   0 Thi: 0.4999977 
 750 Rop: 33.20441607372 Str:  15 MRstruts:   0 Thi: 0.4999977 
 751 Rop: 33.20432844646 Str:  17 MRstruts:   0 Thi: 0.4999977 
 752 Rop: 33.20425573228 Str:  20 MRstruts:   0 Thi: 0.4999977 
 753 Rop: 33.20421148735 Str:  21 MRstruts:   0 Thi: 0.4999977 
 754 Rop: 33.20413707869 Str:  26 MRstruts:   0 Thi: 0.4999977 
 755 Rop: 33.20406621016 Str:  31 MRstruts:   0 Thi: 0.4999977 
 756 Rop: 33.20397087612 Str:  35 MRstruts:   0 Thi: 0.4999977 
 757 Rop: 33.20388004264 Str:  38 MRstruts:   0 Thi: 0.4999977 
 758 Rop: 33.20383788525 Str:  39 MRstruts:   0 Thi: 0.4999977 
 759 Rop: 33.20380439520 Str:  40 MRstruts:   0 Thi: 0.4999976 
 760 Rop: 33.20378937795 Str:  42 MRstruts:   0 Thi: 0.4999976 
 761 Rop: 33.20377749770 Str:  44 MRstruts:   0 Thi: 0.4999976 
 762 Rop: 33.20375096408 Str:  47 MRstruts:   0 Thi: 0.4999976 
 763 Rop: 33.20369903880 Str:  48 MRstruts:   0 Thi: 0.4999976 
 764 Rop: 33.20368308227 Str:  49 MRstruts:   0 Thi: 0.4999976 
 765 Rop: 33.20361953783 Str:  51 MRstruts:   0 Thi: 0.4999976 
 766 Rop: 33.20361140469 Str:  52 MRstruts:   0 Thi: 0.4999976 
 767 Rop: 33.20359738361 Str:  54 MRstruts:   0 Thi: 0.4999976 
 768 Rop: 33.20357465362 Str:  56 MRstruts:   0 Thi: 0.4999976 
 769 Rop: 33.20355202055 Str:  56 MRstruts:   0 Thi: 0.4999973 
 770 Rop: 33.20349033015 Str:  55 MRstruts:   0 Thi: 0.4999965 
 771 Rop: 33.20348758439 Str:  56 MRstruts:   0 Thi: 0.4999965 
 772 Rop: 33.20346530181 Str:  56 MRstruts:   0 Thi: 0.4999961 
 773 Rop: 33.20316334291 Str:  47 MRstruts:   0 Thi: 0.4999930 
 774 Rop: 33.20313565646 Str:  51 MRstruts:   0 Thi: 0.4999930 
 775 Rop: 33.20311999309 Str:  54 MRstruts:   0 Thi: 0.4999930 
 776 Rop: 33.20311034471 Str:  56 MRstruts:   0 Thi: 0.4999930 
 777 Rop: 33.20306410180 Str:  56 MRstruts:   0 Thi: 0.4999924 
 778 Rop: 33.20304099690 Str:  56 MRstruts:   0 Thi: 0.4999921 
 779 Rop: 33.20301959958 Str:  56 MRstruts:   0 Thi: 0.4999918 
 780 Rop: 33.20247485128 Str:  50 MRstruts:   0 Thi: 0.4999921 
 781 Rop: 33.20245902552 Str:  55 MRstruts:   0 Thi: 0.4999921 
 782 Rop: 33.20245055953 Str:  56 MRstruts:   0 Thi: 0.4999921 
 783 Rop: 33.20240368646 Str:  56 MRstruts:   0 Thi: 0.4999917 
 784 Rop: 33.20237655377 Str:  56 MRstruts:   0 Thi: 0.4999913 
 785 Rop: 33.20234656023 Str:  56 MRstruts:   0 Thi: 0.4999909 
 786 Rop: 33.20216243627 Str:  55 MRstruts:   0 Thi: 0.4999900 
 787 Rop: 33.20214843465 Str:  56 MRstruts:   0 Thi: 0.4999900 
 788 Rop: 33.20211907164 Str:  56 MRstruts:   0 Thi: 0.4999896 
 789 Rop: 33.20208611328 Str:  56 MRstruts:   0 Thi: 0.4999892 
 790 Rop: 33.20199721917 Str:  56 MRstruts:   0 Thi: 0.4999888 
 791 Rop: 33.20198070780 Str:  56 MRstruts:   0 Thi: 0.4999886 
 792 Rop: 33.20192133167 Str:  56 MRstruts:   0 Thi: 0.4999878 
 793 Rop: 33.20190510969 Str:  56 MRstruts:   0 Thi: 0.4999876 
 794 Rop: 33.20184842123 Str:  56 MRstruts:   0 Thi: 0.4999868 
 795 Rop: 33.20183248683 Str:  56 MRstruts:   0 Thi: 0.4999866 
 796 Rop: 33.20178431105 Str:  56 MRstruts:   0 Thi: 0.4999860 
 797 Rop: 33.20176828972 Str:  56 MRstruts:   0 Thi: 0.4999857 
 798 Rop: 33.20164457846 Str:  55 MRstruts:   0 Thi: 0.4999842 
 799 Rop: 33.20163126962 Str:  56 MRstruts:   0 Thi: 0.4999842 
 800 Rop: 33.20160978589 Str:  56 MRstruts:   0 Thi: 0.4999839 
 801 Rop: 33.20159407382 Str:  56 MRstruts:   0 Thi: 0.4999837 
 802 Rop: 33.20148726952 Str:  55 MRstruts:   0 Thi: 0.4999824 
 803 Rop: 33.20146980509 Str:  56 MRstruts:   0 Thi: 0.4999824 
 804 Rop: 33.20145052874 Str:  56 MRstruts:   0 Thi: 0.4999822 
 805 Rop: 33.20143285252 Str:  56 MRstruts:   0 Thi: 0.4999819 
 806 Rop: 33.20102709123 Str:  52 MRstruts:   0 Thi: 0.4999801 
 807 Rop: 33.20099245481 Str:  56 MRstruts:   0 Thi: 0.4999801 
 808 Rop: 33.20087096234 Str:  56 MRstruts:   0 Thi: 0.4999786 
 809 Rop: 33.20081563863 Str:  56 MRstruts:   0 Thi: 0.4999781 
 810 Rop: 33.20077300757 Str:  55 MRstruts:   0 Thi: 0.4999775 
 811 Rop: 33.20075872652 Str:  55 MRstruts:   0 Thi: 0.4999773 
 812 Rop: 33.20066025154 Str:  55 MRstruts:   0 Thi: 0.4999761 
 813 Rop: 33.20064197212 Str:  55 MRstruts:   0 Thi: 0.4999759 
 814 Rop: 33.20062368440 Str:  55 MRstruts:   0 Thi: 0.4999756 
 815 Rop: 33.20051857002 Str:  55 MRstruts:   0 Thi: 0.4999744 
 816 Rop: 33.20049464280 Str:  55 MRstruts:   0 Thi: 0.4999741 
 817 Rop: 33.20047400669 Str:  55 MRstruts:   0 Thi: 0.4999738 
 818 Rop: 33.20042440044 Str:  55 MRstruts:   0 Thi: 0.4999731 
 819 Rop: 33.20041038032 Str:  55 MRstruts:   0 Thi: 0.4999730 
 820 Rop: 33.20036600627 Str:  55 MRstruts:   0 Thi: 0.4999724 
 821 Rop: 33.20035264321 Str:  55 MRstruts:   0 Thi: 0.4999722 
 822 Rop: 33.20031598995 Str:  55 MRstruts:   0 Thi: 0.4999717 
 823 Rop: 33.20030205607 Str:  55 MRstruts:   0 Thi: 0.4999715 
 824 Rop: 33.19988529046 Str:  51 MRstruts:   0 Thi: 0.4999688 
 825 Rop: 33.19977654798 Str:  55 MRstruts:   0 Thi: 0.4999688 
 826 Rop: 33.19971686420 Str:  54 MRstruts:   0 Thi: 0.4999680 
 827 Rop: 33.19968980046 Str:  54 MRstruts:   0 Thi: 0.4999676 
 828 Rop: 33.19967301649 Str:  54 MRstruts:   0 Thi: 0.4999674 
 829 Rop: 33.19964078360 Str:  55 MRstruts:   0 Thi: 0.4999670 
 830 Rop: 33.19962118052 Str:  55 MRstruts:   0 Thi: 0.4999668 
 831 Rop: 33.19959786749 Str:  55 MRstruts:   0 Thi: 0.4999664 
 832 Rop: 33.19958237964 Str:  55 MRstruts:   0 Thi: 0.4999662 
 833 Rop: 33.19953569814 Str:  55 MRstruts:   0 Thi: 0.4999656 
 834 Rop: 33.19952305587 Str:  55 MRstruts:   0 Thi: 0.4999654 
 835 Rop: 33.19949617996 Str:  55 MRstruts:   0 Thi: 0.4999651 
 836 Rop: 33.19948399853 Str:  54 MRstruts:   0 Thi: 0.4999649 
 837 Rop: 33.19919757839 Str:  52 MRstruts:   0 Thi: 0.4999651 
 838 Rop: 33.19908783490 Str:  55 MRstruts:   0 Thi: 0.4999651 
 839 Rop: 33.19903553852 Str:  54 MRstruts:   0 Thi: 0.4999645 
 840 Rop: 33.19902180363 Str:  54 MRstruts:   0 Thi: 0.4999643 
 841 Rop: 33.19900660236 Str:  54 MRstruts:   0 Thi: 0.4999641 
 842 Rop: 33.19896753120 Str:  54 MRstruts:   0 Thi: 0.4999636 
 843 Rop: 33.19895654504 Str:  54 MRstruts:   0 Thi: 0.4999634 
 844 Rop: 33.19893322982 Str:  54 MRstruts:   0 Thi: 0.4999631 
 845 Rop: 33.19892023128 Str:  54 MRstruts:   0 Thi: 0.4999629 
 846 Rop: 33.19881640071 Str:  53 MRstruts:   0 Thi: 0.4999617 
 847 Rop: 33.19877855623 Str:  54 MRstruts:   0 Thi: 0.4999617 
 848 Rop: 33.19876095721 Str:  54 MRstruts:   0 Thi: 0.4999614 
 849 Rop: 33.19874894726 Str:  54 MRstruts:   0 Thi: 0.4999613 
 850 Rop: 33.19786877970 Str:  35 MRstruts:   0 Thi: 0.4999648 
 851 Rop: 33.19725515311 Str:  53 MRstruts:   0 Thi: 0.4999648 
 852 Rop: 33.19719167553 Str:  54 MRstruts:   0 Thi: 0.4999648 
 853 Rop: 33.19707376288 Str:  54 MRstruts:   0 Thi: 0.4999632 
 854 Rop: 33.19702721266 Str:  54 MRstruts:   0 Thi: 0.4999625 
 855 Rop: 33.19700499493 Str:  53 MRstruts:   0 Thi: 0.4999622 
 856 Rop: 33.19698222642 Str:  53 MRstruts:   0 Thi: 0.4999620 
 857 Rop: 33.19696562602 Str:  53 MRstruts:   0 Thi: 0.4999618 
 858 Rop: 33.19695154983 Str:  53 MRstruts:   0 Thi: 0.4999616 
 859 Rop: 33.19693184787 Str:  53 MRstruts:   0 Thi: 0.4999613 
 860 Rop: 33.19692176970 Str:  53 MRstruts:   0 Thi: 0.4999612 
 861 Rop: 33.19636366742 Str:  44 MRstruts:   0 Thi: 0.4999609 
 862 Rop: 33.19617679682 Str:  52 MRstruts:   0 Thi: 0.4999609 
 863 Rop: 33.19612656872 Str:  53 MRstruts:   0 Thi: 0.4999608 
 864 Rop: 33.19602525684 Str:  53 MRstruts:   0 Thi: 0.4999595 
 865 Rop: 33.19598985549 Str:  53 MRstruts:   0 Thi: 0.4999590 
 866 Rop: 33.19597455641 Str:  53 MRstruts:   0 Thi: 0.4999588 
 867 Rop: 33.19595970784 Str:  53 MRstruts:   0 Thi: 0.4999586 
 868 Rop: 33.19593267951 Str:  53 MRstruts:   0 Thi: 0.4999582 
 869 Rop: 33.19592324462 Str:  53 MRstruts:   0 Thi: 0.4999581 
 870 Rop: 33.19584940360 Str:  53 MRstruts:   0 Thi: 0.4999573 
 871 Rop: 33.19583466863 Str:  53 MRstruts:   0 Thi: 0.4999571 
 872 Rop: 33.19582554904 Str:  53 MRstruts:   0 Thi: 0.4999569 
 873 Rop: 33.19572857918 Str:  53 MRstruts:   0 Thi: 0.4999559 
 874 Rop: 33.19570855400 Str:  53 MRstruts:   0 Thi: 0.4999556 
 875 Rop: 33.19569864452 Str:  53 MRstruts:   0 Thi: 0.4999555 
 876 Rop: 33.19568491250 Str:  53 MRstruts:   0 Thi: 0.4999553 
 877 Rop: 33.19567144139 Str:  53 MRstruts:   0 Thi: 0.4999551 
 878 Rop: 33.19565842616 Str:  53 MRstruts:   0 Thi: 0.4999549 
 879 Rop: 33.19564402539 Str:  53 MRstruts:   0 Thi: 0.4999547 
 880 Rop: 33.19563282699 Str:  53 MRstruts:   0 Thi: 0.4999546 
 881 Rop: 33.19560882840 Str:  53 MRstruts:   0 Thi: 0.4999542 
 882 Rop: 33.19560005979 Str:  53 MRstruts:   0 Thi: 0.4999541 
 883 Rop: 33.19555643984 Str:  53 MRstruts:   0 Thi: 0.4999536 
 884 Rop: 33.19554583612 Str:  53 MRstruts:   0 Thi: 0.4999534 
 885 Rop: 33.19553558230 Str:  53 MRstruts:   0 Thi: 0.4999533 
 886 Rop: 33.19549769753 Str:  53 MRstruts:   0 Thi: 0.4999528 
 887 Rop: 33.19548758197 Str:  53 MRstruts:   0 Thi: 0.4999527 
 888 Rop: 33.19547533315 Str:  53 MRstruts:   0 Thi: 0.4999525 
 889 Rop: 33.19546039889 Str:  53 MRstruts:   0 Thi: 0.4999523 
 890 Rop: 33.19544953389 Str:  53 MRstruts:   0 Thi: 0.4999521 
 891 Rop: 33.19542394458 Str:  53 MRstruts:   0 Thi: 0.4999518 
 892 Rop: 33.19541436376 Str:  53 MRstruts:   0 Thi: 0.4999517 
 893 Rop: 33.19536169135 Str:  53 MRstruts:   0 Thi: 0.4999510 
 894 Rop: 33.19534823100 Str:  53 MRstruts:   0 Thi: 0.4999508 
 895 Rop: 33.19533948238 Str:  53 MRstruts:   0 Thi: 0.4999507 
 896 Rop: 33.19476041783 Str:  53 MRstruts:   0 Thi: 0.4999526 
 897 Rop: 33.19471855285 Str:  54 MRstruts:   0 Thi: 0.4999526 
 898 Rop: 33.19470536904 Str:  54 MRstruts:   0 Thi: 0.4999524 
 899 Rop: 33.19469491235 Str:  54 MRstruts:   0 Thi: 0.4999522 
 900 Rop: 33.19466515777 Str:  54 MRstruts:   0 Thi: 0.4999519 
 901 Rop: 33.19465467528 Str:  54 MRstruts:   0 Thi: 0.4999517 
 902 Rop: 33.19463227930 Str:  54 MRstruts:   0 Thi: 0.4999514 
 903 Rop: 33.19462290340 Str:  54 MRstruts:   0 Thi: 0.4999513 
 904 Rop: 33.19453954616 Str:  54 MRstruts:   0 Thi: 0.4999503 
 905 Rop: 33.19452018788 Str:  54 MRstruts:   0 Thi: 0.4999501 
 906 Rop: 33.19451114120 Str:  54 MRstruts:   0 Thi: 0.4999500 
 907 Rop: 33.19438993832 Str:   2 MRstruts:   0 Thi: 0.5000000 
 908 Rop: 33.19389640695 Str:   3 MRstruts:   0 Thi: 0.5000000 
 909 Rop: 33.19382737397 Str:   5 MRstruts:   0 Thi: 0.4999996 
 910 Rop: 33.19338989695 Str:   6 MRstruts:   0 Thi: 0.4999996 
 911 Rop: 33.19311480875 Str:   8 MRstruts:   0 Thi: 0.4999996 
 912 Rop: 33.19307425919 Str:  10 MRstruts:   0 Thi: 0.4999996 
 913 Rop: 33.19302284150 Str:  12 MRstruts:   0 Thi: 0.4999996 
 914 Rop: 33.19295203297 Str:  17 MRstruts:   0 Thi: 0.4999987 
 915 Rop: 33.19290375714 Str:  19 MRstruts:   0 Thi: 0.4999987 
 916 Rop: 33.19281080474 Str:  21 MRstruts:   0 Thi: 0.4999987 
 917 Rop: 33.19277515011 Str:  23 MRstruts:   0 Thi: 0.4999987 
 918 Rop: 33.19273826084 Str:  26 MRstruts:   0 Thi: 0.4999987 
 919 Rop: 33.19270847001 Str:  27 MRstruts:   0 Thi: 0.4999987 
 920 Rop: 33.19268070086 Str:  31 MRstruts:   0 Thi: 0.4999987 
 921 Rop: 33.19262783603 Str:  33 MRstruts:   0 Thi: 0.4999987 
 922 Rop: 33.19260332253 Str:  34 MRstruts:   0 Thi: 0.4999987 
 923 Rop: 33.19257637080 Str:  37 MRstruts:   0 Thi: 0.4999987 
 924 Rop: 33.19255588712 Str:  37 MRstruts:   0 Thi: 0.4999987 
 925 Rop: 33.19252511085 Str:  39 MRstruts:   0 Thi: 0.4999987 
 926 Rop: 33.19251147190 Str:  41 MRstruts:   0 Thi: 0.4999987 
 927 Rop: 33.19249647188 Str:  45 MRstruts:   0 Thi: 0.4999987 
 928 Rop: 33.19248101576 Str:  46 MRstruts:   0 Thi: 0.4999987 
 929 Rop: 33.19247705460 Str:  47 MRstruts:   0 Thi: 0.4999987 
 930 Rop: 33.19244909548 Str:  48 MRstruts:   0 Thi: 0.4999987 
 931 Rop: 33.19244239865 Str:  50 MRstruts:   0 Thi: 0.4999987 
 932 Rop: 33.19243562070 Str:  51 MRstruts:   0 Thi: 0.4999987 
 933 Rop: 33.19243376699 Str:  53 MRstruts:   0 Thi: 0.4999987 
 934 Rop: 33.19243003151 Str:  54 MRstruts:   0 Thi: 0.4999987 
 935 Rop: 33.19237562893 Str:  52 MRstruts:   0 Thi: 0.4999983 
 936 Rop: 33.19237277692 Str:  54 MRstruts:   0 Thi: 0.4999983 
 937 Rop: 33.19236399593 Str:  54 MRstruts:   0 Thi: 0.4999981 
 938 Rop: 33.19235706335 Str:  54 MRstruts:   0 Thi: 0.4999980 
 939 Rop: 33.19233121068 Str:  54 MRstruts:   0 Thi: 0.4999977 
 940 Rop: 33.19232403414 Str:  54 MRstruts:   0 Thi: 0.4999976 
 941 Rop: 33.19227789832 Str:  53 MRstruts:   0 Thi: 0.4999970 
 942 Rop: 33.19227384452 Str:  54 MRstruts:   0 Thi: 0.4999970 
 943 Rop: 33.19226364334 Str:  54 MRstruts:   0 Thi: 0.4999969 
 944 Rop: 33.19224119586 Str:  54 MRstruts:   0 Thi: 0.4999966 
 945 Rop: 33.19222861932 Str:  54 MRstruts:   0 Thi: 0.4999965 
 946 Rop: 33.19218679105 Str:  54 MRstruts:   0 Thi: 0.4999959 
 947 Rop: 33.19217783980 Str:  54 MRstruts:   0 Thi: 0.4999958 
 948 Rop: 33.19217070306 Str:  54 MRstruts:   0 Thi: 0.4999957 
 949 Rop: 33.19186462160 Str:  39 MRstruts:   0 Thi: 0.4999952 
 950 Rop: 33.19181040056 Str:  51 MRstruts:   0 Thi: 0.4999952 
 951 Rop: 33.19179831677 Str:  54 MRstruts:   0 Thi: 0.4999952 
 952 Rop: 33.19175708749 Str:  54 MRstruts:   0 Thi: 0.4999948 
 953 Rop: 33.19174119386 Str:  54 MRstruts:   0 Thi: 0.4999946 
 954 Rop: 33.19173028609 Str:  54 MRstruts:   0 Thi: 0.4999944 
 955 Rop: 33.19168637410 Str:  54 MRstruts:   0 Thi: 0.4999940 
 956 Rop: 33.19166193283 Str:  54 MRstruts:   0 Thi: 0.4999938 
 957 Rop: 33.19160456435 Str:  54 MRstruts:   0 Thi: 0.4999934 
 958 Rop: 33.19152204277 Str:  54 MRstruts:   0 Thi: 0.4999931 
 959 Rop: 33.19150003967 Str:  54 MRstruts:   0 Thi: 0.4999930 
 960 Rop: 33.19148987799 Str:  54 MRstruts:   0 Thi: 0.4999929 
 961 Rop: 33.19147678742 Str:  54 MRstruts:   0 Thi: 0.4999927 
 962 Rop: 33.19146873854 Str:  54 MRstruts:   0 Thi: 0.4999926 
 963 Rop: 33.19141400602 Str:  54 MRstruts:   0 Thi: 0.4999920 
 964 Rop: 33.19140048494 Str:  54 MRstruts:   0 Thi: 0.4999918 
 965 Rop: 33.19139320466 Str:  54 MRstruts:   0 Thi: 0.4999917 
 966 Rop: 33.19135739944 Str:  54 MRstruts:   0 Thi: 0.4999912 
 967 Rop: 33.19134777744 Str:  54 MRstruts:   0 Thi: 0.4999911 
 968 Rop: 33.19133986517 Str:  54 MRstruts:   0 Thi: 0.4999910 
 969 Rop: 33.19127931862 Str:  54 MRstruts:   0 Thi: 0.4999903 
 970 Rop: 33.19126555237 Str:  54 MRstruts:   0 Thi: 0.4999901 
 971 Rop: 33.19125840356 Str:  54 MRstruts:   0 Thi: 0.4999900 
 972 Rop: 33.19124115021 Str:  54 MRstruts:   0 Thi: 0.4999897 
 973 Rop: 33.19123429585 Str:  54 MRstruts:   0 Thi: 0.4999897 
 974 Rop: 33.19116174949 Str:  55 MRstruts:   0 Thi: 0.4999893 
 975 Rop: 33.19115247994 Str:  55 MRstruts:   0 Thi: 0.4999892 
 976 Rop: 33.19114550548 Str:  55 MRstruts:   0 Thi: 0.4999891 
 977 Rop: 33.19066067796 Str:  50 MRstruts:   0 Thi: 0.4999914 
 978 Rop: 33.19063135767 Str:  56 MRstruts:   0 Thi: 0.4999914 
 979 Rop: 33.19061356093 Str:  56 MRstruts:   0 Thi: 0.4999911 
 980 Rop: 33.19060606140 Str:  55 MRstruts:   0 Thi: 0.4999910 
 981 Rop: 33.19055801647 Str:  56 MRstruts:   0 Thi: 0.4999905 
 982 Rop: 33.19054650940 Str:  56 MRstruts:   0 Thi: 0.4999903 
 983 Rop: 33.19053704078 Str:  56 MRstruts:   0 Thi: 0.4999902 
 984 Rop: 33.19052047506 Str:  56 MRstruts:   0 Thi: 0.4999900 
 985 Rop: 33.19051236948 Str:  56 MRstruts:   0 Thi: 0.4999899 
 986 Rop: 33.19004187542 Str:  27 MRstruts:   0 Thi: 0.4999912 
 987 Rop: 33.18985875912 Str:  47 MRstruts:   0 Thi: 0.4999912 
 988 Rop: 33.18981974865 Str:  55 MRstruts:   0 Thi: 0.4999912 
 989 Rop: 33.18980804802 Str:  56 MRstruts:   0 Thi: 0.4999912 
 990 Rop: 33.18977703312 Str:  56 MRstruts:   0 Thi: 0.4999911 
 991 Rop: 33.18975781373 Str:  56 MRstruts:   0 Thi: 0.4999909 
 992 Rop: 33.18973863848 Str:  56 MRstruts:   0 Thi: 0.4999909 
 993 Rop: 33.18973095605 Str:  56 MRstruts:   0 Thi: 0.4999908 
 994 Rop: 33.18964521451 Str:  56 MRstruts:   0 Thi: 0.4999905 
 995 Rop: 33.18962764962 Str:  56 MRstruts:   0 Thi: 0.4999902 
 996 Rop: 33.18961968915 Str:  56 MRstruts:   0 Thi: 0.4999901 
 997 Rop: 33.18961519576 Str:  56 MRstruts:   0 Thi: 0.4999901 
 998 Rop: 33.18961131109 Str:  57 MRstruts:   0 Thi: 0.4999900 
 999 Rop: 33.18957067306 Str:  56 MRstruts:   0 Thi: 0.4999895 
1000 Rop: 33.18956536017 Str:  57 MRstruts:   0 Thi: 0.4999895 
1001 Rop: 33.18956131904 Str:  57 MRstruts:   0 Thi: 0.4999894 
1002 Rop: 33.18955763155 Str:  57 MRstruts:   0 Thi: 0.4999894 
1003 Rop: 33.18953222407 Str:  57 MRstruts:   0 Thi: 0.4999891 
1004 Rop: 33.18952832198 Str:  57 MRstruts:   0 Thi: 0.4999890 
1005 Rop: 33.18952375556 Str:  57 MRstruts:   0 Thi: 0.4999889 
1006 Rop: 33.18937137162 Str:  58 MRstruts:   0 Thi: 0.4999889 
1007 Rop: 33.18931743165 Str:  58 MRstruts:   0 Thi: 0.4999882 
1008 Rop: 33.18930775811 Str:  57 MRstruts:   0 Thi: 0.4999881 
1009 Rop: 33.18926518471 Str:  58 MRstruts:   0 Thi: 0.4999878 
1010 Rop: 33.18924858443 Str:  58 MRstruts:   0 Thi: 0.4999876 
1011 Rop: 33.18923398357 Str:  57 MRstruts:   0 Thi: 0.4999875 
1012 Rop: 33.18921497457 Str:  57 MRstruts:   0 Thi: 0.4999873 
1013 Rop: 33.18920461784 Str:  57 MRstruts:   0 Thi: 0.4999872 
1014 Rop: 33.18918385645 Str:  57 MRstruts:   0 Thi: 0.4999870 
1015 Rop: 33.18917272348 Str:  57 MRstruts:   0 Thi: 0.4999869 
1016 Rop: 33.18913372906 Str:  57 MRstruts:   0 Thi: 0.4999865 
1017 Rop: 33.18912462987 Str:  57 MRstruts:   0 Thi: 0.4999864 
1018 Rop: 33.18911947610 Str:  57 MRstruts:   0 Thi: 0.4999863 
1019 Rop: 33.18906922669 Str:  57 MRstruts:   0 Thi: 0.4999858 
1020 Rop: 33.18904781500 Str:  58 MRstruts:   0 Thi: 0.4999855 
1021 Rop: 33.18903731758 Str:  58 MRstruts:   0 Thi: 0.4999854 
1022 Rop: 33.18903083824 Str:  58 MRstruts:   0 Thi: 0.4999853 
1023 Rop: 33.18901567960 Str:  58 MRstruts:   0 Thi: 0.4999851 
1024 Rop: 33.18900712004 Str:  58 MRstruts:   0 Thi: 0.4999850 
1025 Rop: 33.18899447873 Str:  58 MRstruts:   0 Thi: 0.4999848 
1026 Rop: 33.18899053779 Str:  58 MRstruts:   0 Thi: 0.4999848 
1027 Rop: 33.18897960499 Str:  58 MRstruts:   0 Thi: 0.4999846 
1028 Rop: 33.18897568660 Str:  58 MRstruts:   0 Thi: 0.4999846 
1029 Rop: 33.18895162799 Str:  58 MRstruts:   0 Thi: 0.4999843 
1030 Rop: 33.18894595649 Str:  58 MRstruts:   0 Thi: 0.4999842 
1031 Rop: 33.18894199386 Str:  58 MRstruts:   0 Thi: 0.4999842 
1032 Rop: 33.18882284996 Str:  59 MRstruts:   0 Thi: 0.4999843 
1033 Rop: 33.18880887119 Str:  58 MRstruts:   0 Thi: 0.4999842 
1034 Rop: 33.18880380718 Str:  59 MRstruts:   0 Thi: 0.4999841 
1035 Rop: 33.18875656187 Str:  59 MRstruts:   0 Thi: 0.4999837 
1036 Rop: 33.18872239827 Str:  59 MRstruts:   0 Thi: 0.4999833 
1037 Rop: 33.18871606440 Str:  59 MRstruts:   0 Thi: 0.4999832 
1038 Rop: 33.18871206302 Str:  59 MRstruts:   0 Thi: 0.4999832 
1039 Rop: 33.18869241441 Str:  59 MRstruts:   0 Thi: 0.4999829 
1040 Rop: 33.18868827638 Str:  59 MRstruts:   0 Thi: 0.4999829 
1041 Rop: 33.18868509573 Str:  59 MRstruts:   0 Thi: 0.4999828 
1042 Rop: 33.18850916795 Str:  49 MRstruts:   0 Thi: 0.4999826 
1043 Rop: 33.18843981972 Str:  58 MRstruts:   0 Thi: 0.4999826 
1044 Rop: 33.18841555422 Str:  58 MRstruts:   0 Thi: 0.4999826 
1045 Rop: 33.18839072651 Str:  59 MRstruts:   0 Thi: 0.4999825 
1046 Rop: 33.18837321226 Str:  59 MRstruts:   0 Thi: 0.4999822 
1047 Rop: 33.18836676725 Str:  59 MRstruts:   0 Thi: 0.4999821 
1048 Rop: 33.18836353673 Str:  59 MRstruts:   0 Thi: 0.4999821 
1049 Rop: 33.18835713520 Str:  59 MRstruts:   0 Thi: 0.4999820 
1050 Rop: 33.18835396483 Str:  59 MRstruts:   0 Thi: 0.4999820 
1051 Rop: 33.18830350672 Str:  58 MRstruts:   0 Thi: 0.4999815 
1052 Rop: 33.18827615091 Str:  59 MRstruts:   0 Thi: 0.4999815 
1053 Rop: 33.18826377569 Str:  59 MRstruts:   0 Thi: 0.4999813 
1054 Rop: 33.18825863171 Str:  59 MRstruts:   0 Thi: 0.4999813 
1055 Rop: 33.18824812412 Str:  59 MRstruts:   0 Thi: 0.4999812 
1056 Rop: 33.18824297564 Str:  59 MRstruts:   0 Thi: 0.4999811 
1057 Rop: 33.18822732023 Str:  59 MRstruts:   0 Thi: 0.4999809 
1058 Rop: 33.18821584365 Str:  59 MRstruts:   0 Thi: 0.4999808 
1059 Rop: 33.18821216651 Str:  59 MRstruts:   0 Thi: 0.4999808 
1060 Rop: 33.18820657894 Str:  59 MRstruts:   0 Thi: 0.4999807 
1061 Rop: 33.18820379856 Str:  59 MRstruts:   0 Thi: 0.4999807 
1062 Rop: 33.18787829403 Str:  51 MRstruts:   0 Thi: 0.4999832 
1063 Rop: 33.18779592251 Str:  57 MRstruts:   0 Thi: 0.4999832 
1064 Rop: 33.18778397197 Str:  58 MRstruts:   0 Thi: 0.4999832 
1065 Rop: 33.18777480298 Str:  59 MRstruts:   0 Thi: 0.4999831 
1066 Rop: 33.18777170889 Str:  59 MRstruts:   0 Thi: 0.4999831 
1067 Rop: 33.18765938552 Str:  59 MRstruts:   0 Thi: 0.4999831 
1068 Rop: 33.18763803682 Str:  59 MRstruts:   0 Thi: 0.4999829 
1069 Rop: 33.18762128575 Str:  59 MRstruts:   0 Thi: 0.4999829 
1070 Rop: 33.18760847304 Str:  59 MRstruts:   0 Thi: 0.4999828 
1071 Rop: 33.18759967051 Str:  59 MRstruts:   0 Thi: 0.4999827 
1072 Rop: 33.18759679355 Str:  59 MRstruts:   0 Thi: 0.4999826 
1073 Rop: 33.18759327589 Str:  59 MRstruts:   0 Thi: 0.4999826 
1074 Rop: 33.18759134752 Str:  59 MRstruts:   0 Thi: 0.4999826 
1075 Rop: 33.18753084056 Str:  59 MRstruts:   0 Thi: 0.4999823 
1076 Rop: 33.18750470270 Str:  59 MRstruts:   0 Thi: 0.4999821 
1077 Rop: 33.18750111102 Str:  59 MRstruts:   0 Thi: 0.4999821 
1078 Rop: 33.18749928783 Str:  59 MRstruts:   0 Thi: 0.4999820 
1079 Rop: 33.18745520765 Str:  59 MRstruts:   0 Thi: 0.4999819 
1080 Rop: 33.18744913104 Str:  59 MRstruts:   0 Thi: 0.4999818 
1081 Rop: 33.18744410046 Str:  59 MRstruts:   0 Thi: 0.4999817 
1082 Rop: 33.18743849264 Str:  59 MRstruts:   0 Thi: 0.4999817 
1083 Rop: 33.18743642801 Str:  59 MRstruts:   0 Thi: 0.4999817 
1084 Rop: 33.18742891438 Str:  59 MRstruts:   0 Thi: 0.4999816 
1085 Rop: 33.18742709181 Str:  59 MRstruts:   0 Thi: 0.4999815 
1086 Rop: 33.18742490860 Str:  59 MRstruts:   0 Thi: 0.4999815 
1087 Rop: 33.18742324340 Str:  59 MRstruts:   0 Thi: 0.4999815 
1088 Rop: 33.18741974169 Str:  59 MRstruts:   0 Thi: 0.4999815 
1089 Rop: 33.18741798996 Str:  59 MRstruts:   0 Thi: 0.4999814 
1090 Rop: 33.18739306773 Str:  59 MRstruts:   0 Thi: 0.4999812 
1091 Rop: 33.18739012514 Str:  59 MRstruts:   0 Thi: 0.4999812 
1092 Rop: 33.18738874743 Str:  59 MRstruts:   0 Thi: 0.4999811 
1093 Rop: 33.18738718372 Str:  59 MRstruts:   0 Thi: 0.4999811 
1094 Rop: 33.18738422314 Str:  59 MRstruts:   0 Thi: 0.4999811 
1095 Rop: 33.18738297418 Str:  59 MRstruts:   0 Thi: 0.4999811 
1096 Rop: 33.18734165347 Str:  58 MRstruts:   0 Thi: 0.4999809 
1097 Rop: 33.18732616754 Str:  59 MRstruts:   0 Thi: 0.4999809 
1098 Rop: 33.18731731472 Str:  59 MRstruts:   0 Thi: 0.4999807 
1099 Rop: 33.18731503682 Str:  59 MRstruts:   0 Thi: 0.4999807 
1100 Rop: 33.18728129004 Str:  58 MRstruts:   0 Thi: 0.4999806 
1101 Rop: 33.18727563963 Str:  58 MRstruts:   0 Thi: 0.4999805 
1102 Rop: 33.18727190817 Str:  58 MRstruts:   0 Thi: 0.4999804 
1103 Rop: 33.18726661468 Str:  59 MRstruts:   0 Thi: 0.4999804 
1104 Rop: 33.18726477405 Str:  59 MRstruts:   0 Thi: 0.4999804 
1105 Rop: 33.18726038931 Str:  58 MRstruts:   0 Thi: 0.4999803 
1106 Rop: 33.18725836510 Str:  58 MRstruts:   0 Thi: 0.4999803 
1107 Rop: 33.18724808765 Str:  59 MRstruts:   0 Thi: 0.4999803 
1108 Rop: 33.18722566918 Str:  58 MRstruts:   0 Thi: 0.4999802 
1109 Rop: 33.18721229953 Str:  58 MRstruts:   0 Thi: 0.4999800 
1110 Rop: 33.18721058327 Str:  58 MRstruts:   0 Thi: 0.4999800 
1111 Rop: 33.18718407111 Str:  57 MRstruts:   0 Thi: 0.4999799 
1112 Rop: 33.18717682390 Str:  58 MRstruts:   0 Thi: 0.4999799 
1113 Rop: 33.18717254851 Str:  58 MRstruts:   0 Thi: 0.4999798 
1114 Rop: 33.18717095459 Str:  58 MRstruts:   0 Thi: 0.4999798 
1115 Rop: 33.18715969515 Str:  58 MRstruts:   0 Thi: 0.4999797 
1116 Rop: 33.18714772399 Str:  58 MRstruts:   0 Thi: 0.4999796 
1117 Rop: 33.18714422146 Str:  58 MRstruts:   0 Thi: 0.4999796 
1118 Rop: 33.18714225905 Str:  58 MRstruts:   0 Thi: 0.4999795 
1119 Rop: 33.18714043954 Str:  58 MRstruts:   0 Thi: 0.4999795 
1120 Rop: 33.18713865363 Str:  58 MRstruts:   0 Thi: 0.4999795 
1121 Rop: 33.18713692596 Str:  58 MRstruts:   0 Thi: 0.4999795 
1122 Rop: 33.18713526132 Str:  58 MRstruts:   0 Thi: 0.4999795 
1123 Rop: 33.18713361891 Str:  58 MRstruts:   0 Thi: 0.4999794 
1124 Rop: 33.18713207942 Str:  58 MRstruts:   0 Thi: 0.4999794 
1125 Rop: 33.18713049675 Str:  58 MRstruts:   0 Thi: 0.4999794 
1126 Rop: 33.18712908259 Str:  58 MRstruts:   0 Thi: 0.4999794 
1127 Rop: 33.18712745476 Str:  58 MRstruts:   0 Thi: 0.4999794 
1128 Rop: 33.18712615559 Str:  58 MRstruts:   0 Thi: 0.4999794 
1129 Rop: 33.18712393878 Str:  58 MRstruts:   0 Thi: 0.4999793 
1130 Rop: 33.18712259186 Str:  58 MRstruts:   0 Thi: 0.4999793 
1131 Rop: 33.18708399533 Str:  58 MRstruts:   0 Thi: 0.4999792 
1132 Rop: 33.18707819431 Str:  58 MRstruts:   0 Thi: 0.4999792 
1133 Rop: 33.18707405255 Str:  58 MRstruts:   0 Thi: 0.4999791 
1134 Rop: 33.18707087963 Str:  58 MRstruts:   0 Thi: 0.4999791 
1135 Rop: 33.18702290511 Str:  55 MRstruts:   0 Thi: 0.4999791 
1136 Rop: 33.18697299097 Str:  58 MRstruts:   0 Thi: 0.4999791 
1137 Rop: 33.18696749705 Str:  58 MRstruts:   0 Thi: 0.4999790 
1138 Rop: 33.18696495719 Str:  58 MRstruts:   0 Thi: 0.4999790 
1139 Rop: 33.18694471726 Str:  57 MRstruts:   0 Thi: 0.4999788 
1140 Rop: 33.18693443293 Str:  57 MRstruts:   0 Thi: 0.4999787 
1141 Rop: 33.18692752121 Str:  57 MRstruts:   0 Thi: 0.4999786 
1142 Rop: 33.18692351514 Str:  57 MRstruts:   0 Thi: 0.4999785 
1143 Rop: 33.18691538210 Str:  57 MRstruts:   0 Thi: 0.4999784 
1144 Rop: 33.18691023599 Str:  57 MRstruts:   0 Thi: 0.4999784 
1145 Rop: 33.18689810941 Str:  57 MRstruts:   0 Thi: 0.4999782 
1146 Rop: 33.18689038439 Str:  57 MRstruts:   0 Thi: 0.4999781 
1147 Rop: 33.18683259182 Str:  57 MRstruts:   0 Thi: 0.4999780 
1148 Rop: 33.18681316915 Str:  57 MRstruts:   0 Thi: 0.4999777 
1149 Rop: 33.18678137851 Str:  57 MRstruts:   0 Thi: 0.4999773 
1150 Rop: 33.18676783801 Str:  57 MRstruts:   0 Thi: 0.4999772 
1151 Rop: 33.18666735491 Str:  56 MRstruts:   0 Thi: 0.4999762 
1152 Rop: 33.18662663602 Str:  57 MRstruts:   0 Thi: 0.4999762 
1153 Rop: 33.18659077874 Str:  57 MRstruts:   0 Thi: 0.4999758 
1154 Rop: 33.18654391705 Str:  56 MRstruts:   0 Thi: 0.4999753 
1155 Rop: 33.18650715387 Str:  57 MRstruts:   0 Thi: 0.4999753 
1156 Rop: 33.18643158112 Str:  57 MRstruts:   0 Thi: 0.4999746 
1157 Rop: 33.18635605871 Str:  57 MRstruts:   0 Thi: 0.4999743 
1158 Rop: 33.18625773376 Str:  58 MRstruts:   0 Thi: 0.4999740 
1159 Rop: 33.18621700501 Str:  58 MRstruts:   0 Thi: 0.4999739 
1160 Rop: 33.18619713936 Str:  58 MRstruts:   0 Thi: 0.4999736 
1161 Rop: 33.18616050392 Str:  58 MRstruts:   0 Thi: 0.4999735 
1162 Rop: 33.18612905160 Str:  58 MRstruts:   0 Thi: 0.4999733 
1163 Rop: 33.18609795246 Str:  58 MRstruts:   0 Thi: 0.4999732 
1164 Rop: 33.18605801497 Str:  58 MRstruts:   0 Thi: 0.4999727 
1165 Rop: 33.18603046648 Str:  59 MRstruts:   0 Thi: 0.4999725 
1166 Rop: 33.18600110619 Str:  59 MRstruts:   0 Thi: 0.4999721 
1167 Rop: 33.18595136741 Str:  59 MRstruts:   0 Thi: 0.4999718 
1168 Rop: 33.18593941049 Str:  58 MRstruts:   0 Thi: 0.4999717 
1169 Rop: 33.18590091169 Str:  58 MRstruts:   0 Thi: 0.4999711 
1170 Rop: 33.18586459076 Str:  58 MRstruts:   0 Thi: 0.4999707 
1171 Rop: 33.18585240455 Str:  58 MRstruts:   0 Thi: 0.4999706 
1172 Rop: 33.18581748500 Str:  58 MRstruts:   0 Thi: 0.4999701 
1173 Rop: 33.18577662630 Str:  58 MRstruts:   0 Thi: 0.4999698 
1174 Rop: 33.18576250363 Str:  58 MRstruts:   0 Thi: 0.4999696 
1175 Rop: 33.18561264956 Str:  56 MRstruts:   0 Thi: 0.4999679 
1176 Rop: 33.18547668749 Str:  58 MRstruts:   0 Thi: 0.4999679 
1177 Rop: 33.18544866480 Str:  58 MRstruts:   0 Thi: 0.4999676 
1178 Rop: 33.18541899155 Str:  58 MRstruts:   0 Thi: 0.4999671 
1179 Rop: 33.18533072074 Str:  57 MRstruts:   0 Thi: 0.4999667 
1180 Rop: 33.18531503783 Str:  57 MRstruts:   0 Thi: 0.4999665 
1181 Rop: 33.18529671056 Str:  57 MRstruts:   0 Thi: 0.4999662 
1182 Rop: 33.18502527533 Str:  56 MRstruts:   0 Thi: 0.4999638 
1183 Rop: 33.18497103395 Str:  57 MRstruts:   0 Thi: 0.4999638 
1184 Rop: 33.18477567546 Str:  58 MRstruts:   0 Thi: 0.4999640 
1185 Rop: 33.18474482170 Str:  58 MRstruts:   0 Thi: 0.4999635 
1186 Rop: 33.18452403959 Str:  58 MRstruts:   0 Thi: 0.4999630 
1187 Rop: 33.18449297405 Str:  58 MRstruts:   0 Thi: 0.4999626 
1188 Rop: 33.18441048523 Str:  57 MRstruts:   0 Thi: 0.4999621 
1189 Rop: 33.18433622812 Str:  58 MRstruts:   0 Thi: 0.4999619 
1190 Rop: 33.18430840205 Str:  57 MRstruts:   0 Thi: 0.4999615 
1191 Rop: 33.18406564564 Str:  58 MRstruts:   0 Thi: 0.4999607 
1192 Rop: 33.18400885370 Str:  58 MRstruts:   0 Thi: 0.4999600 
1193 Rop: 33.18398188900 Str:  58 MRstruts:   0 Thi: 0.4999597 
1194 Rop: 33.18356270027 Str:  56 MRstruts:   0 Thi: 0.4999559 
1195 Rop: 33.18336304123 Str:  58 MRstruts:   0 Thi: 0.4999559 
1196 Rop: 33.18284730347 Str:  56 MRstruts:   0 Thi: 0.4999518 
1197 Rop: 33.18275682382 Str:  57 MRstruts:   0 Thi: 0.4999518 
1198 Rop: 33.18219272024 Str:  57 MRstruts:   0 Thi: 0.4999494 
1199 Rop: 33.18217679137 Str:   2 MRstruts:   0 Thi: 0.5000000 
1200 Rop: 33.18213195203 Str:   3 MRstruts:   0 Thi: 0.5000000 
1201 Rop: 33.18210942191 Str:   4 MRstruts:   0 Thi: 0.5000000 
1202 Rop: 33.18198172124 Str:   5 MRstruts:   0 Thi: 0.5000000 
1203 Rop: 33.18185050284 Str:  15 MRstruts:   0 Thi: 0.4999881 
1204 Rop: 33.18144700283 Str:  31 MRstruts:   0 Thi: 0.4999881 
1205 Rop: 33.18128604821 Str:  38 MRstruts:   0 Thi: 0.4999881 
1206 Rop: 33.18115200573 Str:  43 MRstruts:   0 Thi: 0.4999881 
1207 Rop: 33.18103154859 Str:  48 MRstruts:   0 Thi: 0.4999881 
1208 Rop: 33.18095835379 Str:  50 MRstruts:   0 Thi: 0.4999881 
1209 Rop: 33.18086864295 Str:  54 MRstruts:   0 Thi: 0.4999881 
1210 Rop: 33.18082942011 Str:  56 MRstruts:   0 Thi: 0.4999881 
1211 Rop: 33.18072213838 Str:  57 MRstruts:   0 Thi: 0.4999877 
1212 Rop: 33.18057778979 Str:  57 MRstruts:   0 Thi: 0.4999859 
1213 Rop: 33.18012124206 Str:  55 MRstruts:   0 Thi: 0.4999851 
1214 Rop: 33.18008667147 Str:  57 MRstruts:   0 Thi: 0.4999851 
1215 Rop: 33.17997031378 Str:  57 MRstruts:   0 Thi: 0.4999841 
1216 Rop: 33.17951820490 Str:  56 MRstruts:   0 Thi: 0.4999840 
1217 Rop: 33.17944379566 Str:  56 MRstruts:   0 Thi: 0.4999840 
1218 Rop: 33.17941893487 Str:  57 MRstruts:   0 Thi: 0.4999840 
1219 Rop: 33.17886185060 Str:  58 MRstruts:   0 Thi: 0.4999822 
1220 Rop: 33.17867321125 Str:  58 MRstruts:   0 Thi: 0.4999798 
1221 Rop: 33.17854113126 Str:  58 MRstruts:   0 Thi: 0.4999779 
1222 Rop: 33.17789872527 Str:  59 MRstruts:   0 Thi: 0.4999751 
1223 Rop: 33.17782423816 Str:  59 MRstruts:   0 Thi: 0.4999740 
1224 Rop: 33.17768921940 Str:  59 MRstruts:   0 Thi: 0.4999721 
1225 Rop: 33.17704674464 Str:  57 MRstruts:   0 Thi: 0.4999711 
1226 Rop: 33.17691489807 Str:  59 MRstruts:   0 Thi: 0.4999711 
1227 Rop: 33.17681762041 Str:  59 MRstruts:   0 Thi: 0.4999698 
1228 Rop: 33.17607973304 Str:  59 MRstruts:   0 Thi: 0.4999646 
1229 Rop: 33.17571501484 Str:  60 MRstruts:   0 Thi: 0.4999647 
1230 Rop: 33.17553957657 Str:  60 MRstruts:   0 Thi: 0.4999623 
1231 Rop: 33.17478463808 Str:  57 MRstruts:   0 Thi: 0.4999585 
1232 Rop: 33.17464876079 Str:  60 MRstruts:   0 Thi: 0.4999585 
1233 Rop: 33.17451436019 Str:  60 MRstruts:   0 Thi: 0.4999567 
1234 Rop: 33.17410658264 Str:  60 MRstruts:   0 Thi: 0.4999533 
1235 Rop: 33.17390007518 Str:  60 MRstruts:   0 Thi: 0.4999505 
1236 Rop: 33.17363346322 Str:  58 MRstruts:   0 Thi: 0.4999469 
1237 Rop: 33.17354660973 Str:   2 MRstruts:   0 Thi: 0.5000000 
1238 Rop: 33.17322908219 Str:   3 MRstruts:   0 Thi: 0.5000000 
1239 Rop: 33.17309768402 Str:   8 MRstruts:   0 Thi: 0.4999949 
1240 Rop: 33.17268405147 Str:  12 MRstruts:   0 Thi: 0.4999949 
1241 Rop: 33.17244292823 Str:  17 MRstruts:   0 Thi: 0.4999949 
1242 Rop: 33.17223504381 Str:  23 MRstruts:   0 Thi: 0.4999949 
1243 Rop: 33.17205167164 Str:  28 MRstruts:   0 Thi: 0.4999949 
1244 Rop: 33.17189305104 Str:  34 MRstruts:   0 Thi: 0.4999948 
1245 Rop: 33.17179959307 Str:  38 MRstruts:   0 Thi: 0.4999948 
1246 Rop: 33.17170902515 Str:  41 MRstruts:   0 Thi: 0.4999948 
1247 Rop: 33.17161631924 Str:  48 MRstruts:   0 Thi: 0.4999948 
1248 Rop: 33.17159020221 Str:  51 MRstruts:   0 Thi: 0.4999948 
1249 Rop: 33.17156649833 Str:  53 MRstruts:   0 Thi: 0.4999948 
1250 Rop: 33.17154669592 Str:  54 MRstruts:   0 Thi: 0.4999948 
1251 Rop: 33.17152800598 Str:  56 MRstruts:   0 Thi: 0.4999948 
1252 Rop: 33.17147771242 Str:  58 MRstruts:   0 Thi: 0.4999948 
1253 Rop: 33.17140438852 Str:  59 MRstruts:   0 Thi: 0.4999947 
1254 Rop: 33.17109071042 Str:  56 MRstruts:   0 Thi: 0.4999904 
1255 Rop: 33.17107378516 Str:  60 MRstruts:   0 Thi: 0.4999904 
1256 Rop: 33.17094844294 Str:  62 MRstruts:   0 Thi: 0.4999900 
1257 Rop: 33.17055193791 Str:  59 MRstruts:   0 Thi: 0.4999847 
1258 Rop: 33.17047358484 Str:  61 MRstruts:   0 Thi: 0.4999847 
1259 Rop: 33.17042825558 Str:  62 MRstruts:   0 Thi: 0.4999847 
1260 Rop: 33.17013750305 Str:  63 MRstruts:   0 Thi: 0.4999843 
1261 Rop: 33.16988121528 Str:  64 MRstruts:   0 Thi: 0.4999808 
1262 Rop: 33.16951761502 Str:  65 MRstruts:   0 Thi: 0.4999799 
1263 Rop: 33.16940675669 Str:  66 MRstruts:   0 Thi: 0.4999784 
1264 Rop: 33.16886688505 Str:  67 MRstruts:   0 Thi: 0.4999790 
1265 Rop: 33.16851860690 Str:  65 MRstruts:   0 Thi: 0.4999750 
1266 Rop: 33.16848366416 Str:  66 MRstruts:   0 Thi: 0.4999750 
1267 Rop: 33.16821909564 Str:  65 MRstruts:   0 Thi: 0.4999750 
1268 Rop: 33.16813603101 Str:  65 MRstruts:   0 Thi: 0.4999740 
1269 Rop: 33.16793080647 Str:  62 MRstruts:   0 Thi: 0.4999714 
1270 Rop: 33.16785374200 Str:  63 MRstruts:   0 Thi: 0.4999704 
1271 Rop: 33.16741027465 Str:  63 MRstruts:   0 Thi: 0.4999686 
1272 Rop: 33.16730800904 Str:  63 MRstruts:   0 Thi: 0.4999673 
1273 Rop: 33.16724857186 Str:  63 MRstruts:   0 Thi: 0.4999665 
1274 Rop: 33.16678875938 Str:  63 MRstruts:   0 Thi: 0.4999668 
1275 Rop: 33.16673543625 Str:  64 MRstruts:   0 Thi: 0.4999667 
1276 Rop: 33.16667947121 Str:  63 MRstruts:   0 Thi: 0.4999660 
1277 Rop: 33.16638369736 Str:  64 MRstruts:   0 Thi: 0.4999661 
1278 Rop: 33.16630254463 Str:  64 MRstruts:   0 Thi: 0.4999658 
1279 Rop: 33.16613215452 Str:  64 MRstruts:   0 Thi: 0.4999658 
1280 Rop: 33.16608061921 Str:  65 MRstruts:   0 Thi: 0.4999658 
1281 Rop: 33.16486843566 Str:  47 MRstruts:   0 Thi: 0.4999603 
1282 Rop: 33.16429706733 Str:  58 MRstruts:   0 Thi: 0.4999603 
1283 Rop: 33.16411322566 Str:  63 MRstruts:   0 Thi: 0.4999603 
1284 Rop: 33.16402373441 Str:  64 MRstruts:   0 Thi: 0.4999602 
1285 Rop: 33.16389284485 Str:  64 MRstruts:   0 Thi: 0.4999601 
1286 Rop: 33.16374651598 Str:  65 MRstruts:   0 Thi: 0.4999602 
1287 Rop: 33.16356449879 Str:  65 MRstruts:   0 Thi: 0.4999579 
1288 Rop: 33.16346569538 Str:  65 MRstruts:   0 Thi: 0.4999567 
1289 Rop: 33.16339628086 Str:  65 MRstruts:   0 Thi: 0.4999558 
1290 Rop: 33.16332812658 Str:  65 MRstruts:   0 Thi: 0.4999554 
1291 Rop: 33.16308990452 Str:  64 MRstruts:   0 Thi: 0.4999531 
1292 Rop: 33.16299089694 Str:  64 MRstruts:   0 Thi: 0.4999531 
1293 Rop: 33.16291499544 Str:  65 MRstruts:   0 Thi: 0.4999528 
1294 Rop: 33.16285843121 Str:  65 MRstruts:   0 Thi: 0.4999521 
1295 Rop: 33.16272610096 Str:  65 MRstruts:   0 Thi: 0.4999504 
1296 Rop: 33.16269890862 Str:  65 MRstruts:   0 Thi: 0.4999500 
1297 Rop: 33.16266666937 Str:  65 MRstruts:   0 Thi: 0.4999496 
1298 Rop: 33.16244934582 Str:   6 MRstruts:   0 Thi: 0.4999981 
1299 Rop: 33.16227315226 Str:   8 MRstruts:   0 Thi: 0.4999981 
1300 Rop: 33.16220269126 Str:  10 MRstruts:   0 Thi: 0.4999981 
1301 Rop: 33.16207198543 Str:  11 MRstruts:   0 Thi: 0.4999981 
1302 Rop: 33.16184532788 Str:  13 MRstruts:   0 Thi: 0.4999980 
1303 Rop: 33.16172281727 Str:  15 MRstruts:   0 Thi: 0.4999980 
1304 Rop: 33.16165516552 Str:  20 MRstruts:   0 Thi: 0.4999980 
1305 Rop: 33.16153538556 Str:  24 MRstruts:   0 Thi: 0.4999980 
1306 Rop: 33.16146180353 Str:  26 MRstruts:   0 Thi: 0.4999980 
1307 Rop: 33.16133920298 Str:  30 MRstruts:   0 Thi: 0.4999980 
1308 Rop: 33.16127588459 Str:  32 MRstruts:   0 Thi: 0.4999980 
1309 Rop: 33.16122829384 Str:  36 MRstruts:   0 Thi: 0.4999980 
1310 Rop: 33.16119773838 Str:  37 MRstruts:   0 Thi: 0.4999980 
1311 Rop: 33.16117549255 Str:  40 MRstruts:   0 Thi: 0.4999980 
1312 Rop: 33.16113802689 Str:  43 MRstruts:   0 Thi: 0.4999980 
1313 Rop: 33.16110479189 Str:  46 MRstruts:   0 Thi: 0.4999980 
1314 Rop: 33.16108783920 Str:  47 MRstruts:   0 Thi: 0.4999980 
1315 Rop: 33.16101451781 Str:  46 MRstruts:   0 Thi: 0.4999980 
1316 Rop: 33.16100138920 Str:  50 MRstruts:   0 Thi: 0.4999980 
1317 Rop: 33.16097817458 Str:  52 MRstruts:   0 Thi: 0.4999980 
1318 Rop: 33.16097191079 Str:  54 MRstruts:   0 Thi: 0.4999980 
1319 Rop: 33.16095711273 Str:  55 MRstruts:   0 Thi: 0.4999980 
1320 Rop: 33.16094814344 Str:  56 MRstruts:   0 Thi: 0.4999980 
1321 Rop: 33.16094077216 Str:  58 MRstruts:   0 Thi: 0.4999980 
1322 Rop: 33.16093846140 Str:  59 MRstruts:   0 Thi: 0.4999980 
1323 Rop: 33.16092130127 Str:  60 MRstruts:   0 Thi: 0.4999980 
1324 Rop: 33.16091423543 Str:  63 MRstruts:   0 Thi: 0.4999980 
1325 Rop: 33.16090037311 Str:  64 MRstruts:   0 Thi: 0.4999980 
1326 Rop: 33.16088159994 Str:  65 MRstruts:   0 Thi: 0.4999980 
1327 Rop: 33.16055234300 Str:  59 MRstruts:   0 Thi: 0.4999973 
1328 Rop: 33.16053585304 Str:  66 MRstruts:   0 Thi: 0.4999973 
1329 Rop: 33.16048073083 Str:  64 MRstruts:   0 Thi: 0.4999965 
1330 Rop: 33.16047824894 Str:  65 MRstruts:   0 Thi: 0.4999965 
1331 Rop: 33.16044411206 Str:  66 MRstruts:   0 Thi: 0.4999963 
1332 Rop: 33.15987293232 Str:  42 MRstruts:   0 Thi: 0.4999944 
1333 Rop: 33.15976380665 Str:  61 MRstruts:   0 Thi: 0.4999944 
1334 Rop: 33.15974814665 Str:  63 MRstruts:   0 Thi: 0.4999944 
1335 Rop: 33.15974226147 Str:  64 MRstruts:   0 Thi: 0.4999944 
1336 Rop: 33.15973454502 Str:  64 MRstruts:   0 Thi: 0.4999944 
1337 Rop: 33.15971995992 Str:  65 MRstruts:   0 Thi: 0.4999943 
1338 Rop: 33.15969018488 Str:  65 MRstruts:   0 Thi: 0.4999939 
1339 Rop: 33.15947681058 Str:  66 MRstruts:   0 Thi: 0.4999938 
1340 Rop: 33.15936471296 Str:  66 MRstruts:   0 Thi: 0.4999927 
1341 Rop: 33.15928068286 Str:  66 MRstruts:   0 Thi: 0.4999918 
1342 Rop: 33.15918047419 Str:  66 MRstruts:   0 Thi: 0.4999912 
1343 Rop: 33.15915374824 Str:  65 MRstruts:   0 Thi: 0.4999908 
1344 Rop: 33.15910674947 Str:  66 MRstruts:   0 Thi: 0.4999907 
1345 Rop: 33.15900058091 Str:  67 MRstruts:   0 Thi: 0.4999894 
1346 Rop: 33.15896601711 Str:  67 MRstruts:   0 Thi: 0.4999890 
1347 Rop: 33.15873289648 Str:  66 MRstruts:   0 Thi: 0.4999890 
1348 Rop: 33.15872524652 Str:  67 MRstruts:   0 Thi: 0.4999890 
1349 Rop: 33.15870334146 Str:  67 MRstruts:   0 Thi: 0.4999887 
1350 Rop: 33.15868387492 Str:  67 MRstruts:   0 Thi: 0.4999884 
1351 Rop: 33.15830154366 Str:  61 MRstruts:   0 Thi: 0.4999875 
1352 Rop: 33.15825420452 Str:  65 MRstruts:   0 Thi: 0.4999875 
1353 Rop: 33.15824158335 Str:  66 MRstruts:   0 Thi: 0.4999875 
1354 Rop: 33.15821063116 Str:  66 MRstruts:   0 Thi: 0.4999874 
1355 Rop: 33.15812804635 Str:  66 MRstruts:   0 Thi: 0.4999871 
1356 Rop: 33.15810280122 Str:  68 MRstruts:   0 Thi: 0.4999870 
1357 Rop: 33.15797058236 Str:  66 MRstruts:   0 Thi: 0.4999858 
1358 Rop: 33.15795956085 Str:  68 MRstruts:   0 Thi: 0.4999858 
1359 Rop: 33.15791387928 Str:  67 MRstruts:   0 Thi: 0.4999853 
1360 Rop: 33.15786351867 Str:  68 MRstruts:   0 Thi: 0.4999848 
1361 Rop: 33.15783087979 Str:  68 MRstruts:   0 Thi: 0.4999845 
1362 Rop: 33.15777258153 Str:  66 MRstruts:   0 Thi: 0.4999840 
1363 Rop: 33.15772056258 Str:  68 MRstruts:   0 Thi: 0.4999839 
1364 Rop: 33.15767424476 Str:  68 MRstruts:   0 Thi: 0.4999835 
1365 Rop: 33.15766253294 Str:  67 MRstruts:   0 Thi: 0.4999834 
1366 Rop: 33.15765043530 Str:  67 MRstruts:   0 Thi: 0.4999833 
1367 Rop: 33.15755834912 Str:  67 MRstruts:   0 Thi: 0.4999822 
1368 Rop: 33.15754812224 Str:  67 MRstruts:   0 Thi: 0.4999821 
1369 Rop: 33.15754074539 Str:  67 MRstruts:   0 Thi: 0.4999820 
1370 Rop: 33.15753263244 Str:  67 MRstruts:   0 Thi: 0.4999819 
1371 Rop: 33.15742317025 Str:  67 MRstruts:   0 Thi: 0.4999807 
1372 Rop: 33.15740964248 Str:  67 MRstruts:   0 Thi: 0.4999805 
1373 Rop: 33.15739956325 Str:  67 MRstruts:   0 Thi: 0.4999804 
1374 Rop: 33.15733625079 Str:  67 MRstruts:   0 Thi: 0.4999797 
1375 Rop: 33.15731756286 Str:  66 MRstruts:   0 Thi: 0.4999794 
1376 Rop: 33.15730476113 Str:  66 MRstruts:   0 Thi: 0.4999793 
1377 Rop: 33.15727767065 Str:  67 MRstruts:   0 Thi: 0.4999793 
1378 Rop: 33.15720042812 Str:  66 MRstruts:   0 Thi: 0.4999784 
1379 Rop: 33.15718962640 Str:  66 MRstruts:   0 Thi: 0.4999784 
1380 Rop: 33.15717728872 Str:  67 MRstruts:   0 Thi: 0.4999784 
1381 Rop: 33.15716656762 Str:  67 MRstruts:   0 Thi: 0.4999782 
1382 Rop: 33.15714672992 Str:  67 MRstruts:   0 Thi: 0.4999780 
1383 Rop: 33.15713735104 Str:  67 MRstruts:   0 Thi: 0.4999778 
1384 Rop: 33.15670052378 Str:  49 MRstruts:   0 Thi: 0.4999785 
1385 Rop: 33.15644923982 Str:  63 MRstruts:   0 Thi: 0.4999785 
1386 Rop: 33.15641060981 Str:  66 MRstruts:   0 Thi: 0.4999785 
1387 Rop: 33.15634830916 Str:  67 MRstruts:   0 Thi: 0.4999777 
1388 Rop: 33.15630952321 Str:  66 MRstruts:   0 Thi: 0.4999773 
1389 Rop: 33.15630220621 Str:  66 MRstruts:   0 Thi: 0.4999772 
1390 Rop: 33.15627437044 Str:  66 MRstruts:   0 Thi: 0.4999768 
1391 Rop: 33.15626949698 Str:  66 MRstruts:   0 Thi: 0.4999768 
1392 Rop: 33.15626180946 Str:  66 MRstruts:   0 Thi: 0.4999767 
1393 Rop: 33.15624689240 Str:  66 MRstruts:   0 Thi: 0.4999765 
1394 Rop: 33.15624161474 Str:  66 MRstruts:   0 Thi: 0.4999764 
1395 Rop: 33.15604088526 Str:  65 MRstruts:   0 Thi: 0.4999754 
1396 Rop: 33.15600463948 Str:  65 MRstruts:   0 Thi: 0.4999754 
1397 Rop: 33.15598577120 Str:  67 MRstruts:   0 Thi: 0.4999751 
1398 Rop: 33.15597656571 Str:  67 MRstruts:   0 Thi: 0.4999750 
1399 Rop: 33.15597100446 Str:  66 MRstruts:   0 Thi: 0.4999749 
1400 Rop: 33.15596680112 Str:  66 MRstruts:   0 Thi: 0.4999748 
1401 Rop: 33.15596026807 Str:  66 MRstruts:   0 Thi: 0.4999747 
1402 Rop: 33.15592043491 Str:  66 MRstruts:   0 Thi: 0.4999743 
1403 Rop: 33.15587491079 Str:  67 MRstruts:   0 Thi: 0.4999743 
1404 Rop: 33.15586842254 Str:  67 MRstruts:   0 Thi: 0.4999742 
1405 Rop: 33.15586378383 Str:  67 MRstruts:   0 Thi: 0.4999741 
1406 Rop: 33.15585634953 Str:  67 MRstruts:   0 Thi: 0.4999740 
1407 Rop: 33.15582756875 Str:  67 MRstruts:   0 Thi: 0.4999736 
1408 Rop: 33.15582188698 Str:  67 MRstruts:   0 Thi: 0.4999736 
1409 Rop: 33.15581688565 Str:  67 MRstruts:   0 Thi: 0.4999735 
1410 Rop: 33.15579724790 Str:  67 MRstruts:   0 Thi: 0.4999732 
1411 Rop: 33.15579136802 Str:  67 MRstruts:   0 Thi: 0.4999731 
1412 Rop: 33.15572789419 Str:  68 MRstruts:   0 Thi: 0.4999725 
1413 Rop: 33.15571489107 Str:  68 MRstruts:   0 Thi: 0.4999723 
1414 Rop: 33.15570756792 Str:  68 MRstruts:   0 Thi: 0.4999722 
1415 Rop: 33.15570105636 Str:  68 MRstruts:   0 Thi: 0.4999721 
1416 Rop: 33.15535043155 Str:  57 MRstruts:   0 Thi: 0.4999733 
1417 Rop: 33.15521179766 Str:  66 MRstruts:   0 Thi: 0.4999733 
1418 Rop: 33.15517913368 Str:  67 MRstruts:   0 Thi: 0.4999732 
1419 Rop: 33.15513931975 Str:  67 MRstruts:   0 Thi: 0.4999727 
1420 Rop: 33.15512308276 Str:  68 MRstruts:   0 Thi: 0.4999725 
1421 Rop: 33.15511496982 Str:  68 MRstruts:   0 Thi: 0.4999724 
1422 Rop: 33.15510702605 Str:  68 MRstruts:   0 Thi: 0.4999723 
1423 Rop: 33.15508896335 Str:  68 MRstruts:   0 Thi: 0.4999720 
1424 Rop: 33.15508351628 Str:  68 MRstruts:   0 Thi: 0.4999720 
1425 Rop: 33.15506094646 Str:  68 MRstruts:   0 Thi: 0.4999717 
1426 Rop: 33.15505536682 Str:  68 MRstruts:   0 Thi: 0.4999716 
1427 Rop: 33.15504826343 Str:  68 MRstruts:   0 Thi: 0.4999715 
1428 Rop: 33.15503325213 Str:  68 MRstruts:   0 Thi: 0.4999713 
1429 Rop: 33.15502817920 Str:  68 MRstruts:   0 Thi: 0.4999712 
1430 Rop: 33.15500788984 Str:  69 MRstruts:   0 Thi: 0.4999710 
1431 Rop: 33.15500245107 Str:  69 MRstruts:   0 Thi: 0.4999709 
1432 Rop: 33.15499050073 Str:  69 MRstruts:   0 Thi: 0.4999707 
1433 Rop: 33.15498479636 Str:  69 MRstruts:   0 Thi: 0.4999707 
1434 Rop: 33.15471787471 Str:  54 MRstruts:   0 Thi: 0.4999706 
1435 Rop: 33.15458293266 Str:  67 MRstruts:   0 Thi: 0.4999706 
1436 Rop: 33.15453881870 Str:  67 MRstruts:   0 Thi: 0.4999706 
1437 Rop: 33.15451617468 Str:  69 MRstruts:   0 Thi: 0.4999705 
1438 Rop: 33.15450568528 Str:  69 MRstruts:   0 Thi: 0.4999704 
1439 Rop: 33.15447345070 Str:  69 MRstruts:   0 Thi: 0.4999700 
1440 Rop: 33.15446617029 Str:  68 MRstruts:   0 Thi: 0.4999699 
1441 Rop: 33.15446053814 Str:  68 MRstruts:   0 Thi: 0.4999699 
1442 Rop: 33.15442572278 Str:  69 MRstruts:   0 Thi: 0.4999694 
1443 Rop: 33.15441849905 Str:  69 MRstruts:   0 Thi: 0.4999693 
1444 Rop: 33.15441346707 Str:  69 MRstruts:   0 Thi: 0.4999693 
1445 Rop: 33.15423808335 Str:  65 MRstruts:   0 Thi: 0.4999692 
1446 Rop: 33.15417945732 Str:  67 MRstruts:   0 Thi: 0.4999692 
1447 Rop: 33.15416639569 Str:  68 MRstruts:   0 Thi: 0.4999692 
1448 Rop: 33.15413047188 Str:  68 MRstruts:   0 Thi: 0.4999688 
1449 Rop: 33.15412658777 Str:  68 MRstruts:   0 Thi: 0.4999688 
1450 Rop: 33.15410612486 Str:  69 MRstruts:   0 Thi: 0.4999686 
1451 Rop: 33.15410223347 Str:  68 MRstruts:   0 Thi: 0.4999685 
1452 Rop: 33.15409597693 Str:  68 MRstruts:   0 Thi: 0.4999684 
1453 Rop: 33.15408833025 Str:  68 MRstruts:   0 Thi: 0.4999683 
1454 Rop: 33.15408467713 Str:  68 MRstruts:   0 Thi: 0.4999683 
1455 Rop: 33.15395414275 Str:  64 MRstruts:   0 Thi: 0.4999676 
1456 Rop: 33.15386647584 Str:  67 MRstruts:   0 Thi: 0.4999676 
1457 Rop: 33.15384834406 Str:  68 MRstruts:   0 Thi: 0.4999673 
1458 Rop: 33.15384306892 Str:  68 MRstruts:   0 Thi: 0.4999673 
1459 Rop: 33.15377149955 Str:  68 MRstruts:   0 Thi: 0.4999669 
1460 Rop: 33.15373277508 Str:  69 MRstruts:   0 Thi: 0.4999669 
1461 Rop: 33.15372372720 Str:  69 MRstruts:   0 Thi: 0.4999668 
1462 Rop: 33.15371850292 Str:  69 MRstruts:   0 Thi: 0.4999667 
1463 Rop: 33.15371481555 Str:  69 MRstruts:   0 Thi: 0.4999667 
1464 Rop: 33.15371103278 Str:  69 MRstruts:   0 Thi: 0.4999666 
1465 Rop: 33.15368852357 Str:  68 MRstruts:   0 Thi: 0.4999664 
1466 Rop: 33.15368504255 Str:  68 MRstruts:   0 Thi: 0.4999664 
1467 Rop: 33.15367713972 Str:  68 MRstruts:   0 Thi: 0.4999663 
1468 Rop: 33.15367358403 Str:  68 MRstruts:   0 Thi: 0.4999662 
1469 Rop: 33.15362436231 Str:  68 MRstruts:   0 Thi: 0.4999657 
1470 Rop: 33.15361815788 Str:  68 MRstruts:   0 Thi: 0.4999657 
1471 Rop: 33.15361451002 Str:  68 MRstruts:   0 Thi: 0.4999656 
1472 Rop: 33.15361169434 Str:  68 MRstruts:   0 Thi: 0.4999656 
1473 Rop: 33.15360575062 Str:  68 MRstruts:   0 Thi: 0.4999655 
1474 Rop: 33.15360122209 Str:  68 MRstruts:   0 Thi: 0.4999654 
1475 Rop: 33.15359519538 Str:  68 MRstruts:   0 Thi: 0.4999653 
1476 Rop: 33.15359118919 Str:  68 MRstruts:   0 Thi: 0.4999653 
1477 Rop: 33.15358137009 Str:  68 MRstruts:   0 Thi: 0.4999652 
1478 Rop: 33.15357841840 Str:  68 MRstruts:   0 Thi: 0.4999651 
1479 Rop: 33.15355613296 Str:  68 MRstruts:   0 Thi: 0.4999648 
1480 Rop: 33.15355235843 Str:  68 MRstruts:   0 Thi: 0.4999648 
1481 Rop: 33.15354974455 Str:  68 MRstruts:   0 Thi: 0.4999648 
1482 Rop: 33.15354504506 Str:  68 MRstruts:   0 Thi: 0.4999647 
1483 Rop: 33.15353890713 Str:  68 MRstruts:   0 Thi: 0.4999646 
1484 Rop: 33.15353575077 Str:  68 MRstruts:   0 Thi: 0.4999646 
1485 Rop: 33.15336728070 Str:  64 MRstruts:   0 Thi: 0.4999647 
1486 Rop: 33.15329765622 Str:  67 MRstruts:   0 Thi: 0.4999647 
1487 Rop: 33.15328526985 Str:  67 MRstruts:   0 Thi: 0.4999645 
1488 Rop: 33.15327969340 Str:  68 MRstruts:   0 Thi: 0.4999645 
1489 Rop: 33.15327663831 Str:  68 MRstruts:   0 Thi: 0.4999644 
1490 Rop: 33.15327290957 Str:  68 MRstruts:   0 Thi: 0.4999644 
1491 Rop: 33.15326110054 Str:  68 MRstruts:   0 Thi: 0.4999642 
1492 Rop: 33.15325805377 Str:  68 MRstruts:   0 Thi: 0.4999642 
1493 Rop: 33.15325264614 Str:  68 MRstruts:   0 Thi: 0.4999641 
1494 Rop: 33.15324892476 Str:  68 MRstruts:   0 Thi: 0.4999641 
1495 Rop: 33.15323888461 Str:  68 MRstruts:   0 Thi: 0.4999639 
1496 Rop: 33.15323597879 Str:  68 MRstruts:   0 Thi: 0.4999639 
1497 Rop: 33.15322324411 Str:  68 MRstruts:   0 Thi: 0.4999637 
1498 Rop: 33.15322021038 Str:  68 MRstruts:   0 Thi: 0.4999637 
1499 Rop: 33.15321572243 Str:  68 MRstruts:   0 Thi: 0.4999636 
1500 Rop: 33.15320982481 Str:  68 MRstruts:   0 Thi: 0.4999636 
1501 Rop: 33.15320660998 Str:  68 MRstruts:   0 Thi: 0.4999635 
1502 Rop: 33.15315106123 Str:  68 MRstruts:   0 Thi: 0.4999630 
1503 Rop: 33.15314406443 Str:  68 MRstruts:   0 Thi: 0.4999629 
1504 Rop: 33.15314067925 Str:  68 MRstruts:   0 Thi: 0.4999629 
1505 Rop: 33.15313796303 Str:  68 MRstruts:   0 Thi: 0.4999628 
1506 Rop: 33.15306687638 Str:  66 MRstruts:   0 Thi: 0.4999623 
1507 Rop: 33.15300828082 Str:  68 MRstruts:   0 Thi: 0.4999622 
1508 Rop: 33.15300182590 Str:  68 MRstruts:   0 Thi: 0.4999622 
1509 Rop: 33.15299852064 Str:  68 MRstruts:   0 Thi: 0.4999621 
1510 Rop: 33.15299571196 Str:  68 MRstruts:   0 Thi: 0.4999621 
1511 Rop: 33.15283841093 Str:  62 MRstruts:   0 Thi: 0.4999621 
1512 Rop: 33.15273525949 Str:  68 MRstruts:   0 Thi: 0.4999621 
1513 Rop: 33.15272215666 Str:  68 MRstruts:   0 Thi: 0.4999619 
1514 Rop: 33.15268994724 Str:  68 MRstruts:   0 Thi: 0.4999619 
1515 Rop: 33.15268467085 Str:  68 MRstruts:   0 Thi: 0.4999618 
1516 Rop: 33.15267633148 Str:  68 MRstruts:   0 Thi: 0.4999617 
1517 Rop: 33.15266729965 Str:  68 MRstruts:   0 Thi: 0.4999616 
1518 Rop: 33.15266330857 Str:  68 MRstruts:   0 Thi: 0.4999616 
1519 Rop: 33.15261389225 Str:  68 MRstruts:   0 Thi: 0.4999611 
1520 Rop: 33.15260434730 Str:  68 MRstruts:   0 Thi: 0.4999610 
1521 Rop: 33.15259882554 Str:  68 MRstruts:   0 Thi: 0.4999609 
1522 Rop: 33.15255764681 Str:  69 MRstruts:   0 Thi: 0.4999608 
1523 Rop: 33.15250625286 Str:  69 MRstruts:   0 Thi: 0.4999603 
1524 Rop: 33.15249722965 Str:  69 MRstruts:   0 Thi: 0.4999602 
1525 Rop: 33.15246981979 Str:  69 MRstruts:   0 Thi: 0.4999601 
1526 Rop: 33.15246666519 Str:  69 MRstruts:   0 Thi: 0.4999600 
1527 Rop: 33.15246260511 Str:  69 MRstruts:   0 Thi: 0.4999600 
1528 Rop: 33.15244784222 Str:  68 MRstruts:   0 Thi: 0.4999598 
1529 Rop: 33.15244506235 Str:  68 MRstruts:   0 Thi: 0.4999598 
1530 Rop: 33.15244242665 Str:  68 MRstruts:   0 Thi: 0.4999597 
1531 Rop: 33.15237798490 Str:  69 MRstruts:   0 Thi: 0.4999594 
1532 Rop: 33.15232178999 Str:  69 MRstruts:   0 Thi: 0.4999589 
1533 Rop: 33.15231729824 Str:  69 MRstruts:   0 Thi: 0.4999589 
1534 Rop: 33.15231106464 Str:  69 MRstruts:   0 Thi: 0.4999588 
1535 Rop: 33.15230706115 Str:  69 MRstruts:   0 Thi: 0.4999588 
1536 Rop: 33.15229685150 Str:  69 MRstruts:   0 Thi: 0.4999586 
1537 Rop: 33.15229379109 Str:  69 MRstruts:   0 Thi: 0.4999586 
1538 Rop: 33.15228779376 Str:  69 MRstruts:   0 Thi: 0.4999585 
1539 Rop: 33.15228464550 Str:  69 MRstruts:   0 Thi: 0.4999585 
1540 Rop: 33.15222961763 Str:  69 MRstruts:   0 Thi: 0.4999580 
1541 Rop: 33.15222667179 Str:  69 MRstruts:   0 Thi: 0.4999579 
1542 Rop: 33.15222469303 Str:  69 MRstruts:   0 Thi: 0.4999579 
1543 Rop: 33.15222310673 Str:  69 MRstruts:   0 Thi: 0.4999579 
1544 Rop: 33.15222099299 Str:  69 MRstruts:   0 Thi: 0.4999579 
1545 Rop: 33.15215143106 Str:  70 MRstruts:   0 Thi: 0.4999579 
1546 Rop: 33.15214001254 Str:  70 MRstruts:   0 Thi: 0.4999578 
1547 Rop: 33.15213574271 Str:  70 MRstruts:   0 Thi: 0.4999577 
1548 Rop: 33.15213162172 Str:  70 MRstruts:   0 Thi: 0.4999577 
1549 Rop: 33.15212803282 Str:  70 MRstruts:   0 Thi: 0.4999576 
1550 Rop: 33.15212401764 Str:  70 MRstruts:   0 Thi: 0.4999576 
1551 Rop: 33.15212071625 Str:  70 MRstruts:   0 Thi: 0.4999575 
1552 Rop: 33.15211578801 Str:  70 MRstruts:   0 Thi: 0.4999575 
1553 Rop: 33.15211257708 Str:  70 MRstruts:   0 Thi: 0.4999574 
1554 Rop: 33.15209914129 Str:  70 MRstruts:   0 Thi: 0.4999574 
1555 Rop: 33.15209725250 Str:  70 MRstruts:   0 Thi: 0.4999574 
1556 Rop: 33.15209509497 Str:  70 MRstruts:   0 Thi: 0.4999573 
1557 Rop: 33.15208559026 Str:  70 MRstruts:   0 Thi: 0.4999572 
1558 Rop: 33.15208374778 Str:  70 MRstruts:   0 Thi: 0.4999572 
1559 Rop: 33.15208185593 Str:  70 MRstruts:   0 Thi: 0.4999571 
1560 Rop: 33.15205484731 Str:  70 MRstruts:   0 Thi: 0.4999569 
1561 Rop: 33.15205193434 Str:  70 MRstruts:   0 Thi: 0.4999568 
1562 Rop: 33.15205027497 Str:  70 MRstruts:   0 Thi: 0.4999568 
1563 Rop: 33.15204861711 Str:  70 MRstruts:   0 Thi: 0.4999568 
1564 Rop: 33.15198226194 Str:  67 MRstruts:   0 Thi: 0.4999564 
1565 Rop: 33.15193553273 Str:  69 MRstruts:   0 Thi: 0.4999564 
1566 Rop: 33.15193285434 Str:  69 MRstruts:   0 Thi: 0.4999564 
1567 Rop: 33.15193135304 Str:  69 MRstruts:   0 Thi: 0.4999564 
1568 Rop: 33.15193004027 Str:  69 MRstruts:   0 Thi: 0.4999564 
1569 Rop: 33.15190898516 Str:  68 MRstruts:   0 Thi: 0.4999561 
1570 Rop: 33.15188872162 Str:  70 MRstruts:   0 Thi: 0.4999559 
1571 Rop: 33.15188328477 Str:  70 MRstruts:   0 Thi: 0.4999558 
1572 Rop: 33.15187974044 Str:  70 MRstruts:   0 Thi: 0.4999558 
1573 Rop: 33.15186469115 Str:  70 MRstruts:   0 Thi: 0.4999557 
1574 Rop: 33.15185090806 Str:  70 MRstruts:   0 Thi: 0.4999555 
1575 Rop: 33.15184916715 Str:  70 MRstruts:   0 Thi: 0.4999555 
1576 Rop: 33.15184269853 Str:  70 MRstruts:   0 Thi: 0.4999554 
1577 Rop: 33.15184145936 Str:  70 MRstruts:   0 Thi: 0.4999554 
1578 Rop: 33.15184014961 Str:  70 MRstruts:   0 Thi: 0.4999554 
1579 Rop: 33.15177715025 Str:  68 MRstruts:   0 Thi: 0.4999552 
1580 Rop: 33.15169871074 Str:  69 MRstruts:   0 Thi: 0.4999552 
1581 Rop: 33.15165326046 Str:  70 MRstruts:   0 Thi: 0.4999548 
1582 Rop: 33.15165161298 Str:  70 MRstruts:   0 Thi: 0.4999548 
1583 Rop: 33.15163127581 Str:  70 MRstruts:   0 Thi: 0.4999547 
1584 Rop: 33.15162237333 Str:  70 MRstruts:   0 Thi: 0.4999546 
1585 Rop: 33.15160589342 Str:  70 MRstruts:   0 Thi: 0.4999546 
1586 Rop: 33.15158920014 Str:  70 MRstruts:   0 Thi: 0.4999546 
1587 Rop: 33.15158812268 Str:  70 MRstruts:   0 Thi: 0.4999546 
1588 Rop: 33.15158705114 Str:  70 MRstruts:   0 Thi: 0.4999545 
1589 Rop: 33.15157695761 Str:  70 MRstruts:   0 Thi: 0.4999544 
1590 Rop: 33.15157467445 Str:  70 MRstruts:   0 Thi: 0.4999544 
1591 Rop: 33.15157253287 Str:  70 MRstruts:   0 Thi: 0.4999544 
1592 Rop: 33.15156660014 Str:  70 MRstruts:   0 Thi: 0.4999543 
1593 Rop: 33.15156540292 Str:  70 MRstruts:   0 Thi: 0.4999543 
1594 Rop: 33.15156351458 Str:  70 MRstruts:   0 Thi: 0.4999543 
1595 Rop: 33.15156116983 Str:  70 MRstruts:   0 Thi: 0.4999542 
1596 Rop: 33.15156011393 Str:  70 MRstruts:   0 Thi: 0.4999542 
1597 Rop: 33.15151145236 Str:  69 MRstruts:   0 Thi: 0.4999542 
1598 Rop: 33.15150933995 Str:  69 MRstruts:   0 Thi: 0.4999542 
1599 Rop: 33.15150815449 Str:  69 MRstruts:   0 Thi: 0.4999542 
1600 Rop: 33.15150735930 Str:  69 MRstruts:   0 Thi: 0.4999542 
1601 Rop: 33.15150644811 Str:  69 MRstruts:   0 Thi: 0.4999541 
1602 Rop: 33.15145567803 Str:  67 MRstruts:   0 Thi: 0.4999541 
1603 Rop: 33.15137745216 Str:  68 MRstruts:   0 Thi: 0.4999541 
1604 Rop: 33.15136599498 Str:  69 MRstruts:   0 Thi: 0.4999539 
1605 Rop: 33.15136268634 Str:  69 MRstruts:   0 Thi: 0.4999539 
1606 Rop: 33.15136010361 Str:  69 MRstruts:   0 Thi: 0.4999539 
1607 Rop: 33.15135913373 Str:  69 MRstruts:   0 Thi: 0.4999539 
1608 Rop: 33.15135021887 Str:  69 MRstruts:   0 Thi: 0.4999538 
1609 Rop: 33.15134882929 Str:  69 MRstruts:   0 Thi: 0.4999537 
1610 Rop: 33.15134796808 Str:  69 MRstruts:   0 Thi: 0.4999537 
1611 Rop: 33.15134591615 Str:  69 MRstruts:   0 Thi: 0.4999537 
1612 Rop: 33.15134497198 Str:  69 MRstruts:   0 Thi: 0.4999537 
1613 Rop: 33.15132431312 Str:  69 MRstruts:   0 Thi: 0.4999535 
1614 Rop: 33.15132148465 Str:  69 MRstruts:   0 Thi: 0.4999535 
1615 Rop: 33.15132026892 Str:  69 MRstruts:   0 Thi: 0.4999535 
1616 Rop: 33.15131902229 Str:  69 MRstruts:   0 Thi: 0.4999534 
1617 Rop: 33.15131642100 Str:  69 MRstruts:   0 Thi: 0.4999534 
1618 Rop: 33.15131548680 Str:  69 MRstruts:   0 Thi: 0.4999534 
1619 Rop: 33.15131216690 Str:  69 MRstruts:   0 Thi: 0.4999533 
1620 Rop: 33.15131116241 Str:  69 MRstruts:   0 Thi: 0.4999533 
1621 Rop: 33.15130965193 Str:  69 MRstruts:   0 Thi: 0.4999533 
1622 Rop: 33.15130857004 Str:  69 MRstruts:   0 Thi: 0.4999533 
1623 Rop: 33.15130593483 Str:  69 MRstruts:   0 Thi: 0.4999533 
1624 Rop: 33.15130504362 Str:  69 MRstruts:   0 Thi: 0.4999533 
1625 Rop: 33.15130171078 Str:  69 MRstruts:   0 Thi: 0.4999532 
1626 Rop: 33.15130101131 Str:  69 MRstruts:   0 Thi: 0.4999532 
1627 Rop: 33.15130005169 Str:  69 MRstruts:   0 Thi: 0.4999532 
1628 Rop: 33.15129721702 Str:  69 MRstruts:   0 Thi: 0.4999532 
1629 Rop: 33.15129654868 Str:  69 MRstruts:   0 Thi: 0.4999532 
1630 Rop: 33.15129522040 Str:  69 MRstruts:   0 Thi: 0.4999531 
1631 Rop: 33.15129423857 Str:  69 MRstruts:   0 Thi: 0.4999531 
1632 Rop: 33.15129183101 Str:  69 MRstruts:   0 Thi: 0.4999531 
1633 Rop: 33.15129117470 Str:  69 MRstruts:   0 Thi: 0.4999531 
1634 Rop: 33.15128918508 Str:  69 MRstruts:   0 Thi: 0.4999531 
1635 Rop: 33.15128850049 Str:  69 MRstruts:   0 Thi: 0.4999530 
1636 Rop: 33.15128100951 Str:  69 MRstruts:   0 Thi: 0.4999530 
1637 Rop: 33.15128001149 Str:  69 MRstruts:   0 Thi: 0.4999529 
1638 Rop: 33.15127935326 Str:  69 MRstruts:   0 Thi: 0.4999529 
1639 Rop: 33.15127837267 Str:  69 MRstruts:   0 Thi: 0.4999529 
1640 Rop: 33.15127629509 Str:  69 MRstruts:   0 Thi: 0.4999529 
1641 Rop: 33.15127564525 Str:  69 MRstruts:   0 Thi: 0.4999529 
1642 Rop: 33.15127202500 Str:  69 MRstruts:   0 Thi: 0.4999528 
1643 Rop: 33.15127133983 Str:  69 MRstruts:   0 Thi: 0.4999528 
1644 Rop: 33.15127054641 Str:  69 MRstruts:   0 Thi: 0.4999528 
1645 Rop: 33.15126057584 Str:  69 MRstruts:   0 Thi: 0.4999527 
1646 Rop: 33.15125942650 Str:  69 MRstruts:   0 Thi: 0.4999527 
1647 Rop: 33.15125873614 Str:  69 MRstruts:   0 Thi: 0.4999527 
1648 Rop: 33.15125801129 Str:  69 MRstruts:   0 Thi: 0.4999527 
1649 Rop: 33.15121971359 Str:  68 MRstruts:   0 Thi: 0.4999525 
1650 Rop: 33.15120941671 Str:  69 MRstruts:   0 Thi: 0.4999524 
1651 Rop: 33.15120712927 Str:  69 MRstruts:   0 Thi: 0.4999524 
1652 Rop: 33.15120652231 Str:  69 MRstruts:   0 Thi: 0.4999524 
1653 Rop: 33.15120435164 Str:  69 MRstruts:   0 Thi: 0.4999523 
1654 Rop: 33.15120374514 Str:  69 MRstruts:   0 Thi: 0.4999523 
1655 Rop: 33.15120138470 Str:  69 MRstruts:   0 Thi: 0.4999523 
1656 Rop: 33.15120077232 Str:  69 MRstruts:   0 Thi: 0.4999523 
1657 Rop: 33.15119916897 Str:  69 MRstruts:   0 Thi: 0.4999523 
1658 Rop: 33.15119849322 Str:  69 MRstruts:   0 Thi: 0.4999523 
1659 Rop: 33.15115453488 Str:  68 MRstruts:   0 Thi: 0.4999523 
1660 Rop: 33.15110622606 Str:  69 MRstruts:   0 Thi: 0.4999519 
1661 Rop: 33.15110559759 Str:  69 MRstruts:   0 Thi: 0.4999519 
1662 Rop: 33.15110017365 Str:  69 MRstruts:   0 Thi: 0.4999518 
1663 Rop: 33.15109907250 Str:  69 MRstruts:   0 Thi: 0.4999518 
1664 Rop: 33.15109798873 Str:  69 MRstruts:   0 Thi: 0.4999518 
1665 Rop: 33.15109599354 Str:  69 MRstruts:   0 Thi: 0.4999518 
1666 Rop: 33.15109534302 Str:  69 MRstruts:   0 Thi: 0.4999518 
1667 Rop: 33.15109033612 Str:  69 MRstruts:   0 Thi: 0.4999517 
1668 Rop: 33.15108894647 Str:  69 MRstruts:   0 Thi: 0.4999517 
1669 Rop: 33.15108798806 Str:  69 MRstruts:   0 Thi: 0.4999517 
1670 Rop: 33.15108287952 Str:  69 MRstruts:   0 Thi: 0.4999516 
1671 Rop: 33.15108179794 Str:  69 MRstruts:   0 Thi: 0.4999516 
1672 Rop: 33.15108100847 Str:  69 MRstruts:   0 Thi: 0.4999516 
1673 Rop: 33.15104666126 Str:  69 MRstruts:   0 Thi: 0.4999516 
1674 Rop: 33.15102220613 Str:  69 MRstruts:   0 Thi: 0.4999516 
1675 Rop: 33.15102059432 Str:  69 MRstruts:   0 Thi: 0.4999515 
1676 Rop: 33.15101627198 Str:  69 MRstruts:   0 Thi: 0.4999515 
1677 Rop: 33.15101474065 Str:  69 MRstruts:   0 Thi: 0.4999515 
1678 Rop: 33.15101197495 Str:  69 MRstruts:   0 Thi: 0.4999515 
1679 Rop: 33.15101125744 Str:  69 MRstruts:   0 Thi: 0.4999515 
1680 Rop: 33.15100454432 Str:  69 MRstruts:   0 Thi: 0.4999514 
1681 Rop: 33.15099829888 Str:  69 MRstruts:   0 Thi: 0.4999514 
1682 Rop: 33.15099606046 Str:  69 MRstruts:   0 Thi: 0.4999513 
1683 Rop: 33.15099532522 Str:  69 MRstruts:   0 Thi: 0.4999513 
1684 Rop: 33.15098933320 Str:  70 MRstruts:   0 Thi: 0.4999513 
1685 Rop: 33.15098248532 Str:  69 MRstruts:   0 Thi: 0.4999512 
1686 Rop: 33.15097809044 Str:  70 MRstruts:   0 Thi: 0.4999512 
1687 Rop: 33.15097742156 Str:  70 MRstruts:   0 Thi: 0.4999512 
1688 Rop: 33.15097688036 Str:  70 MRstruts:   0 Thi: 0.4999512 
1689 Rop: 33.15096341758 Str:  70 MRstruts:   0 Thi: 0.4999511 
1690 Rop: 33.15096026741 Str:  70 MRstruts:   0 Thi: 0.4999511 
1691 Rop: 33.15095905627 Str:  70 MRstruts:   0 Thi: 0.4999511 
1692 Rop: 33.15094940953 Str:  70 MRstruts:   0 Thi: 0.4999510 
1693 Rop: 33.15094524877 Str:  69 MRstruts:   0 Thi: 0.4999510 
1694 Rop: 33.15094212408 Str:  70 MRstruts:   0 Thi: 0.4999509 
1695 Rop: 33.15094056429 Str:  70 MRstruts:   0 Thi: 0.4999509 
1696 Rop: 33.15093994232 Str:  70 MRstruts:   0 Thi: 0.4999509 
1697 Rop: 33.15093893442 Str:  70 MRstruts:   0 Thi: 0.4999509 
1698 Rop: 33.15093847964 Str:  70 MRstruts:   0 Thi: 0.4999509 
1699 Rop: 33.15091597632 Str:  70 MRstruts:   0 Thi: 0.4999508 
1700 Rop: 33.15091477964 Str:  70 MRstruts:   0 Thi: 0.4999508 
1701 Rop: 33.15091423692 Str:  70 MRstruts:   0 Thi: 0.4999508 
1702 Rop: 33.15091363432 Str:  70 MRstruts:   0 Thi: 0.4999508 
1703 Rop: 33.15091263647 Str:  70 MRstruts:   0 Thi: 0.4999508 
1704 Rop: 33.15091225596 Str:  70 MRstruts:   0 Thi: 0.4999508 
1705 Rop: 33.15090982969 Str:  70 MRstruts:   0 Thi: 0.4999508 
1706 Rop: 33.15090935357 Str:  70 MRstruts:   0 Thi: 0.4999508 
1707 Rop: 33.15090890495 Str:  70 MRstruts:   0 Thi: 0.4999507 
1708 Rop: 33.15090775968 Str:  70 MRstruts:   0 Thi: 0.4999507 
1709 Rop: 33.15090738754 Str:  70 MRstruts:   0 Thi: 0.4999507 
1710 Rop: 33.15090600313 Str:  70 MRstruts:   0 Thi: 0.4999507 
1711 Rop: 33.15090560562 Str:  70 MRstruts:   0 Thi: 0.4999507 
1712 Rop: 33.15090506181 Str:  70 MRstruts:   0 Thi: 0.4999507 
1713 Rop: 33.15090454626 Str:  70 MRstruts:   0 Thi: 0.4999507 
1714 Rop: 33.15090399210 Str:  70 MRstruts:   0 Thi: 0.4999507 
1715 Rop: 33.15090350607 Str:  70 MRstruts:   0 Thi: 0.4999507 
1716 Rop: 33.15090287172 Str:  70 MRstruts:   0 Thi: 0.4999507 
1717 Rop: 33.15090247010 Str:  70 MRstruts:   0 Thi: 0.4999507 
1718 Rop: 33.15090068108 Str:  70 MRstruts:   0 Thi: 0.4999506 
1719 Rop: 33.15090025070 Str:  70 MRstruts:   0 Thi: 0.4999506 
1720 Rop: 33.15089985290 Str:  70 MRstruts:   0 Thi: 0.4999506 
1721 Rop: 33.15089824120 Str:  70 MRstruts:   0 Thi: 0.4999506 
1722 Rop: 33.15089783609 Str:  70 MRstruts:   0 Thi: 0.4999506 
1723 Rop: 33.15089741520 Str:  70 MRstruts:   0 Thi: 0.4999506 
1724 Rop: 33.15089648155 Str:  70 MRstruts:   0 Thi: 0.4999506 
1725 Rop: 33.15089614667 Str:  70 MRstruts:   0 Thi: 0.4999506 
1726 Rop: 33.15089425455 Str:  70 MRstruts:   0 Thi: 0.4999506 
1727 Rop: 33.15089381238 Str:  70 MRstruts:   0 Thi: 0.4999505 
1728 Rop: 33.15089346341 Str:  70 MRstruts:   0 Thi: 0.4999505 
1729 Rop: 33.15088714103 Str:  70 MRstruts:   0 Thi: 0.4999505 
1730 Rop: 33.15088619006 Str:  70 MRstruts:   0 Thi: 0.4999505 
1731 Rop: 33.15088578312 Str:  70 MRstruts:   0 Thi: 0.4999505 
1732 Rop: 33.15088544701 Str:  70 MRstruts:   0 Thi: 0.4999505 
1733 Rop: 33.15088179115 Str:  70 MRstruts:   0 Thi: 0.4999504 
1734 Rop: 33.15088113445 Str:  70 MRstruts:   0 Thi: 0.4999504 
1735 Rop: 33.15088081210 Str:  70 MRstruts:   0 Thi: 0.4999504 
1736 Rop: 33.15088029140 Str:  70 MRstruts:   0 Thi: 0.4999504 
1737 Rop: 33.15087993761 Str:  70 MRstruts:   0 Thi: 0.4999504 
1738 Rop: 33.15087880229 Str:  70 MRstruts:   0 Thi: 0.4999504 
1739 Rop: 33.15087848265 Str:  70 MRstruts:   0 Thi: 0.4999504 
1740 Rop: 33.15087798397 Str:  70 MRstruts:   0 Thi: 0.4999504 
1741 Rop: 33.15087762869 Str:  70 MRstruts:   0 Thi: 0.4999504 
1742 Rop: 33.15087666269 Str:  70 MRstruts:   0 Thi: 0.4999504 
1743 Rop: 33.15087636286 Str:  70 MRstruts:   0 Thi: 0.4999503 
1744 Rop: 33.15087568379 Str:  70 MRstruts:   0 Thi: 0.4999503 
1745 Rop: 33.15087539425 Str:  70 MRstruts:   0 Thi: 0.4999503 
1746 Rop: 33.15086596223 Str:  70 MRstruts:   0 Thi: 0.4999503 
1747 Rop: 33.15086494872 Str:  70 MRstruts:   0 Thi: 0.4999503 
1748 Rop: 33.15086453967 Str:  70 MRstruts:   0 Thi: 0.4999503 
1749 Rop: 33.15086427663 Str:  70 MRstruts:   0 Thi: 0.4999503 
1750 Rop: 33.15085935919 Str:  70 MRstruts:   0 Thi: 0.4999502 
1751 Rop: 33.15085863825 Str:  70 MRstruts:   0 Thi: 0.4999502 
1752 Rop: 33.15085832162 Str:  70 MRstruts:   0 Thi: 0.4999502 
1753 Rop: 33.15085802414 Str:  70 MRstruts:   0 Thi: 0.4999502 
1754 Rop: 33.15085702745 Str:  70 MRstruts:   0 Thi: 0.4999502 
1755 Rop: 33.15085675468 Str:  70 MRstruts:   0 Thi: 0.4999502 
1756 Rop: 33.15085636411 Str:  70 MRstruts:   0 Thi: 0.4999502 
1757 Rop: 33.15085603314 Str:  70 MRstruts:   0 Thi: 0.4999502 
1758 Rop: 33.15085553412 Str:  70 MRstruts:   0 Thi: 0.4999502 
1759 Rop: 33.15085527823 Str:  70 MRstruts:   0 Thi: 0.4999502 
1760 Rop: 33.15084793296 Str:  71 MRstruts:   0 Thi: 0.4999501 
1761 Rop: 33.15084710276 Str:  70 MRstruts:   0 Thi: 0.4999501 
1762 Rop: 33.15084676200 Str:  70 MRstruts:   0 Thi: 0.4999501 
1763 Rop: 33.15084653667 Str:  70 MRstruts:   0 Thi: 0.4999501 
1764 Rop: 33.15084140415 Str:  70 MRstruts:   0 Thi: 0.4999500 
1765 Rop: 33.15084075138 Str:  70 MRstruts:   0 Thi: 0.4999500 
1766 Rop: 33.15084046848 Str:  70 MRstruts:   0 Thi: 0.4999500 
1767 Rop: 33.15084023808 Str:  70 MRstruts:   0 Thi: 0.4999500 
1768 Rop: 33.15083717518 Str:  70 MRstruts:   0 Thi: 0.4999500 
1769 Rop: 33.15069128074 Str:   5 MRstruts:   0 Thi: 0.4999954 
1770 Rop: 33.15046424087 Str:   8 MRstruts:   0 Thi: 0.4999954 
1771 Rop: 33.15027765506 Str:  16 MRstruts:   0 Thi: 0.4999954 
1772 Rop: 33.15012046262 Str:  19 MRstruts:   0 Thi: 0.4999954 
1773 Rop: 33.14998430162 Str:  23 MRstruts:   0 Thi: 0.4999954 
1774 Rop: 33.14988977531 Str:  32 MRstruts:   0 Thi: 0.4999954 
1775 Rop: 33.14973566131 Str:  35 MRstruts:   0 Thi: 0.4999954 
1776 Rop: 33.14961416643 Str:  38 MRstruts:   0 Thi: 0.4999954 
1777 Rop: 33.14952931732 Str:  43 MRstruts:   0 Thi: 0.4999954 
1778 Rop: 33.14949027258 Str:  46 MRstruts:   0 Thi: 0.4999954 
1779 Rop: 33.14944851134 Str:  48 MRstruts:   0 Thi: 0.4999954 
1780 Rop: 33.14940000322 Str:  54 MRstruts:   0 Thi: 0.4999954 
1781 Rop: 33.14938694552 Str:  56 MRstruts:   0 Thi: 0.4999954 
1782 Rop: 33.14936556233 Str:  58 MRstruts:   0 Thi: 0.4999954 
1783 Rop: 33.14935889357 Str:  60 MRstruts:   0 Thi: 0.4999954 
1784 Rop: 33.14934573466 Str:  61 MRstruts:   0 Thi: 0.4999954 
1785 Rop: 33.14932560728 Str:  64 MRstruts:   0 Thi: 0.4999954 
1786 Rop: 33.14930417182 Str:  66 MRstruts:   0 Thi: 0.4999954 
1787 Rop: 33.14929730818 Str:  67 MRstruts:   0 Thi: 0.4999954 
1788 Rop: 33.14927733386 Str:  70 MRstruts:   0 Thi: 0.4999954 
1789 Rop: 33.14927560695 Str:  70 MRstruts:   0 Thi: 0.4999954 
1790 Rop: 33.14927488393 Str:  70 MRstruts:   0 Thi: 0.4999954 
1791 Rop: 33.14927398168 Str:  70 MRstruts:   0 Thi: 0.4999954 
1792 Rop: 33.14927351581 Str:  70 MRstruts:   0 Thi: 0.4999953 
1793 Rop: 33.14927312661 Str:  70 MRstruts:   0 Thi: 0.4999953 
1794 Rop: 33.14927258034 Str:  70 MRstruts:   0 Thi: 0.4999953 
1795 Rop: 33.14927228407 Str:  70 MRstruts:   0 Thi: 0.4999953 
1796 Rop: 33.14926738464 Str:  70 MRstruts:   0 Thi: 0.4999953 
1797 Rop: 33.14926642888 Str:  70 MRstruts:   0 Thi: 0.4999953 
1798 Rop: 33.14926609534 Str:  70 MRstruts:   0 Thi: 0.4999953 
1799 Rop: 33.14926571420 Str:  70 MRstruts:   0 Thi: 0.4999953 
1800 Rop: 33.14926536279 Str:  70 MRstruts:   0 Thi: 0.4999953 
1801 Rop: 33.14926503321 Str:  70 MRstruts:   0 Thi: 0.4999953 
1802 Rop: 33.14926461331 Str:  70 MRstruts:   0 Thi: 0.4999953 
1803 Rop: 33.14926436020 Str:  70 MRstruts:   0 Thi: 0.4999953 
1804 Rop: 33.14926166632 Str:  70 MRstruts:   0 Thi: 0.4999952 
1805 Rop: 33.14926092423 Str:  70 MRstruts:   0 Thi: 0.4999952 
1806 Rop: 33.14926064896 Str:  70 MRstruts:   0 Thi: 0.4999952 
1807 Rop: 33.14926023610 Str:  70 MRstruts:   0 Thi: 0.4999952 
1808 Rop: 33.14925997418 Str:  70 MRstruts:   0 Thi: 0.4999952 
1809 Rop: 33.14925907654 Str:  70 MRstruts:   0 Thi: 0.4999952 
1810 Rop: 33.14925879225 Str:  70 MRstruts:   0 Thi: 0.4999952 
1811 Rop: 33.14925827966 Str:  70 MRstruts:   0 Thi: 0.4999952 
1812 Rop: 33.14925804923 Str:  70 MRstruts:   0 Thi: 0.4999952 
1813 Rop: 33.14925555928 Str:  70 MRstruts:   0 Thi: 0.4999951 
1814 Rop: 33.14925507749 Str:  70 MRstruts:   0 Thi: 0.4999951 
1815 Rop: 33.14925484264 Str:  70 MRstruts:   0 Thi: 0.4999951 
1816 Rop: 33.14924287601 Str:  67 MRstruts:   0 Thi: 0.4999951 
1817 Rop: 33.14923636121 Str:  70 MRstruts:   0 Thi: 0.4999951 
1818 Rop: 33.14923597464 Str:  70 MRstruts:   0 Thi: 0.4999951 
1819 Rop: 33.14923577953 Str:  70 MRstruts:   0 Thi: 0.4999951 
1820 Rop: 33.14922856999 Str:  71 MRstruts:   0 Thi: 0.4999951 
1821 Rop: 33.14922810509 Str:  71 MRstruts:   0 Thi: 0.4999951 
1822 Rop: 33.14922772112 Str:  71 MRstruts:   0 Thi: 0.4999951 
1823 Rop: 33.14922744913 Str:  70 MRstruts:   0 Thi: 0.4999951 
1824 Rop: 33.14922719029 Str:  70 MRstruts:   0 Thi: 0.4999951 
1825 Rop: 33.14922696999 Str:  70 MRstruts:   0 Thi: 0.4999951 
1826 Rop: 33.14922663839 Str:  70 MRstruts:   0 Thi: 0.4999951 
1827 Rop: 33.14922646259 Str:  70 MRstruts:   0 Thi: 0.4999951 
1828 Rop: 33.14921972140 Str:  70 MRstruts:   0 Thi: 0.4999951 
1829 Rop: 33.14921893470 Str:  70 MRstruts:   0 Thi: 0.4999950 
1830 Rop: 33.14921867156 Str:  70 MRstruts:   0 Thi: 0.4999950 
1831 Rop: 33.14921847267 Str:  70 MRstruts:   0 Thi: 0.4999950 
1832 Rop: 33.14921784825 Str:  70 MRstruts:   0 Thi: 0.4999950 
1833 Rop: 33.14921764802 Str:  70 MRstruts:   0 Thi: 0.4999950 
1834 Rop: 33.14921743537 Str:  70 MRstruts:   0 Thi: 0.4999950 
1835 Rop: 33.14921719523 Str:  70 MRstruts:   0 Thi: 0.4999950 
1836 Rop: 33.14921702134 Str:  70 MRstruts:   0 Thi: 0.4999950 
1837 Rop: 33.14921650108 Str:  70 MRstruts:   0 Thi: 0.4999950 
1838 Rop: 33.14921631739 Str:  70 MRstruts:   0 Thi: 0.4999950 
1839 Rop: 33.14921606845 Str:  70 MRstruts:   0 Thi: 0.4999950 
1840 Rop: 33.14921588930 Str:  70 MRstruts:   0 Thi: 0.4999950 
1841 Rop: 33.14921551586 Str:  70 MRstruts:   0 Thi: 0.4999950 
1842 Rop: 33.14921535497 Str:  70 MRstruts:   0 Thi: 0.4999950 
1843 Rop: 33.14921144061 Str:  71 MRstruts:   0 Thi: 0.4999950 
1844 Rop: 33.14921068727 Str:  71 MRstruts:   0 Thi: 0.4999950 
1845 Rop: 33.14921044932 Str:  70 MRstruts:   0 Thi: 0.4999950 
1846 Rop: 33.14921030109 Str:  70 MRstruts:   0 Thi: 0.4999950 
1847 Rop: 33.14920872075 Str:  71 MRstruts:   0 Thi: 0.4999949 
1848 Rop: 33.14920832368 Str:  70 MRstruts:   0 Thi: 0.4999949 
1849 Rop: 33.14920816856 Str:  70 MRstruts:   0 Thi: 0.4999949 
1850 Rop: 33.14920785229 Str:  70 MRstruts:   0 Thi: 0.4999949 
1851 Rop: 33.14920770663 Str:  70 MRstruts:   0 Thi: 0.4999949 
1852 Rop: 33.14920041215 Str:  69 MRstruts:   0 Thi: 0.4999949 
1853 Rop: 33.14919352188 Str:  69 MRstruts:   0 Thi: 0.4999949 
1854 Rop: 33.14918970363 Str:  70 MRstruts:   0 Thi: 0.4999949 
1855 Rop: 33.14918760284 Str:  71 MRstruts:   0 Thi: 0.4999949 
1856 Rop: 33.14918742565 Str:  71 MRstruts:   0 Thi: 0.4999949 
1857 Rop: 33.14918728727 Str:  70 MRstruts:   0 Thi: 0.4999949 
1858 Rop: 33.14918667773 Str:  71 MRstruts:   0 Thi: 0.4999949 
1859 Rop: 33.14918649432 Str:  70 MRstruts:   0 Thi: 0.4999949 
1860 Rop: 33.14918631841 Str:  70 MRstruts:   0 Thi: 0.4999949 
1861 Rop: 33.14918615217 Str:  70 MRstruts:   0 Thi: 0.4999949 
1862 Rop: 33.14918597435 Str:  70 MRstruts:   0 Thi: 0.4999949 
1863 Rop: 33.14918581479 Str:  70 MRstruts:   0 Thi: 0.4999949 
1864 Rop: 33.14918562332 Str:  70 MRstruts:   0 Thi: 0.4999949 
1865 Rop: 33.14918547866 Str:  70 MRstruts:   0 Thi: 0.4999949 
1866 Rop: 33.14918519961 Str:  70 MRstruts:   0 Thi: 0.4999949 
1867 Rop: 33.14918507289 Str:  70 MRstruts:   0 Thi: 0.4999949 
1868 Rop: 33.14918049584 Str:  71 MRstruts:   0 Thi: 0.4999949 
1869 Rop: 33.14917996844 Str:  71 MRstruts:   0 Thi: 0.4999949 
1870 Rop: 33.14917979678 Str:  70 MRstruts:   0 Thi: 0.4999949 
1871 Rop: 33.14917967940 Str:  70 MRstruts:   0 Thi: 0.4999949 
1872 Rop: 33.14917889264 Str:  71 MRstruts:   0 Thi: 0.4999949 
1873 Rop: 33.14917866277 Str:  70 MRstruts:   0 Thi: 0.4999949 
1874 Rop: 33.14917855218 Str:  70 MRstruts:   0 Thi: 0.4999949 
1875 Rop: 33.14917687031 Str:  70 MRstruts:   0 Thi: 0.4999948 
1876 Rop: 33.14917659051 Str:  70 MRstruts:   0 Thi: 0.4999948 
1877 Rop: 33.14917647384 Str:  70 MRstruts:   0 Thi: 0.4999948 
1878 Rop: 33.14917593013 Str:  71 MRstruts:   0 Thi: 0.4999948 
1879 Rop: 33.14917576703 Str:  70 MRstruts:   0 Thi: 0.4999948 
1880 Rop: 33.14917565544 Str:  70 MRstruts:   0 Thi: 0.4999948 
1881 Rop: 33.14917501987 Str:  71 MRstruts:   0 Thi: 0.4999948 
1882 Rop: 33.14917483484 Str:  70 MRstruts:   0 Thi: 0.4999948 
1883 Rop: 33.14917472945 Str:  70 MRstruts:   0 Thi: 0.4999948 
1884 Rop: 33.14917159597 Str:  70 MRstruts:   0 Thi: 0.4999948 
1885 Rop: 33.14916756970 Str:  71 MRstruts:   0 Thi: 0.4999948 
1886 Rop: 33.14916725901 Str:  70 MRstruts:   0 Thi: 0.4999948 
1887 Rop: 33.14916714189 Str:  70 MRstruts:   0 Thi: 0.4999948 
1888 Rop: 33.14916700941 Str:  70 MRstruts:   0 Thi: 0.4999948 
1889 Rop: 33.14916685870 Str:  70 MRstruts:   0 Thi: 0.4999948 
1890 Rop: 33.14916674794 Str:  70 MRstruts:   0 Thi: 0.4999948 
1891 Rop: 33.14916645874 Str:  70 MRstruts:   0 Thi: 0.4999948 
1892 Rop: 33.14916635159 Str:  70 MRstruts:   0 Thi: 0.4999948 
1893 Rop: 33.14916611312 Str:  70 MRstruts:   0 Thi: 0.4999948 
1894 Rop: 33.14916601170 Str:  70 MRstruts:   0 Thi: 0.4999948 
1895 Rop: 33.14916426575 Str:  71 MRstruts:   0 Thi: 0.4999948 
1896 Rop: 33.14916389287 Str:  71 MRstruts:   0 Thi: 0.4999948 
1897 Rop: 33.14916376565 Str:  70 MRstruts:   0 Thi: 0.4999948 
1898 Rop: 33.14916365511 Str:  70 MRstruts:   0 Thi: 0.4999948 
1899 Rop: 33.14916344897 Str:  70 MRstruts:   0 Thi: 0.4999948 
1900 Rop: 33.14916335646 Str:  70 MRstruts:   0 Thi: 0.4999947 
1901 Rop: 33.14916218578 Str:  70 MRstruts:   0 Thi: 0.4999947 
1902 Rop: 33.14916197236 Str:  70 MRstruts:   0 Thi: 0.4999947 
1903 Rop: 33.14916187700 Str:  70 MRstruts:   0 Thi: 0.4999947 
1904 Rop: 33.14916093989 Str:  71 MRstruts:   0 Thi: 0.4999947 
1905 Rop: 33.14916070501 Str:  70 MRstruts:   0 Thi: 0.4999947 
1906 Rop: 33.14916060985 Str:  70 MRstruts:   0 Thi: 0.4999947 
1907 Rop: 33.14916038389 Str:  70 MRstruts:   0 Thi: 0.4999947 
1908 Rop: 33.14916029175 Str:  70 MRstruts:   0 Thi: 0.4999947 
1909 Rop: 33.14915920385 Str:  71 MRstruts:   0 Thi: 0.4999947 
1910 Rop: 33.14915894419 Str:  70 MRstruts:   0 Thi: 0.4999947 
1911 Rop: 33.14915884532 Str:  70 MRstruts:   0 Thi: 0.4999947 
1912 Rop: 33.14915870546 Str:  70 MRstruts:   0 Thi: 0.4999947 
1913 Rop: 33.14915860876 Str:  70 MRstruts:   0 Thi: 0.4999947 
1914 Rop: 33.14915836324 Str:  70 MRstruts:   0 Thi: 0.4999947 
1915 Rop: 33.14915827135 Str:  70 MRstruts:   0 Thi: 0.4999947 
1916 Rop: 33.14915782647 Str:  70 MRstruts:   0 Thi: 0.4999947 
1917 Rop: 33.14915769482 Str:  70 MRstruts:   0 Thi: 0.4999947 
1918 Rop: 33.14915760832 Str:  70 MRstruts:   0 Thi: 0.4999947 
1919 Rop: 33.14915686620 Str:  71 MRstruts:   0 Thi: 0.4999947 
1920 Rop: 33.14915667034 Str:  70 MRstruts:   0 Thi: 0.4999947 
1921 Rop: 33.14915658518 Str:  70 MRstruts:   0 Thi: 0.4999947 
1922 Rop: 33.14915618865 Str:  70 MRstruts:   0 Thi: 0.4999947 
1923 Rop: 33.14915607598 Str:  70 MRstruts:   0 Thi: 0.4999947 
1924 Rop: 33.14915596360 Str:  70 MRstruts:   0 Thi: 0.4999947 
1925 Rop: 33.14915585718 Str:  70 MRstruts:   0 Thi: 0.4999947 
1926 Rop: 33.14915572828 Str:  70 MRstruts:   0 Thi: 0.4999947 
1927 Rop: 33.14915564031 Str:  70 MRstruts:   0 Thi: 0.4999947 
1928 Rop: 33.14915530130 Str:  70 MRstruts:   0 Thi: 0.4999947 
1929 Rop: 33.14915519280 Str:  70 MRstruts:   0 Thi: 0.4999947 
1930 Rop: 33.14915509532 Str:  70 MRstruts:   0 Thi: 0.4999947 
1931 Rop: 33.14915493436 Str:  70 MRstruts:   0 Thi: 0.4999946 
1932 Rop: 33.14915485489 Str:  70 MRstruts:   0 Thi: 0.4999946 
1933 Rop: 33.14915105922 Str:  70 MRstruts:   0 Thi: 0.4999946 
1934 Rop: 33.14915098060 Str:  70 MRstruts:   0 Thi: 0.4999946 
1935 Rop: 33.14915053292 Str:  69 MRstruts:   0 Thi: 0.4999946 
1936 Rop: 33.14914629725 Str:  70 MRstruts:   0 Thi: 0.4999946 
1937 Rop: 33.14914619100 Str:  70 MRstruts:   0 Thi: 0.4999946 
1938 Rop: 33.14914610108 Str:  70 MRstruts:   0 Thi: 0.4999946 
1939 Rop: 33.14914595823 Str:  70 MRstruts:   0 Thi: 0.4999946 
1940 Rop: 33.14914588734 Str:  70 MRstruts:   0 Thi: 0.4999946 
1941 Rop: 33.14914251862 Str:  70 MRstruts:   0 Thi: 0.4999946 
1942 Rop: 33.14914239931 Str:  70 MRstruts:   0 Thi: 0.4999946 
1943 Rop: 33.14914230758 Str:  70 MRstruts:   0 Thi: 0.4999946 
1944 Rop: 33.14914218687 Str:  70 MRstruts:   0 Thi: 0.4999946 
1945 Rop: 33.14914211306 Str:  70 MRstruts:   0 Thi: 0.4999946 
1946 Rop: 33.14914180253 Str:  70 MRstruts:   0 Thi: 0.4999946 
1947 Rop: 33.14914171480 Str:  70 MRstruts:   0 Thi: 0.4999946 
1948 Rop: 33.14914163507 Str:  70 MRstruts:   0 Thi: 0.4999946 
1949 Rop: 33.14914151589 Str:  70 MRstruts:   0 Thi: 0.4999946 
1950 Rop: 33.14914145079 Str:  70 MRstruts:   0 Thi: 0.4999946 
1951 Rop: 33.14914002236 Str:  70 MRstruts:   0 Thi: 0.4999946 
1952 Rop: 33.14913976772 Str:  70 MRstruts:   0 Thi: 0.4999946 
1953 Rop: 33.14913968153 Str:  70 MRstruts:   0 Thi: 0.4999946 
1954 Rop: 33.14913961253 Str:  70 MRstruts:   0 Thi: 0.4999946 
1955 Rop: 33.14913942104 Str:  70 MRstruts:   0 Thi: 0.4999946 
1956 Rop: 33.14913935156 Str:  70 MRstruts:   0 Thi: 0.4999946 
1957 Rop: 33.14913923746 Str:  70 MRstruts:   0 Thi: 0.4999946 
1958 Rop: 33.14913917248 Str:  70 MRstruts:   0 Thi: 0.4999946 
1959 Rop: 33.14913868777 Str:  70 MRstruts:   0 Thi: 0.4999946 
1960 Rop: 33.14913857883 Str:  70 MRstruts:   0 Thi: 0.4999946 
1961 Rop: 33.14913851601 Str:  70 MRstruts:   0 Thi: 0.4999946 
1962 Rop: 33.14913768419 Str:  70 MRstruts:   0 Thi: 0.4999946 
1963 Rop: 33.14913753666 Str:  70 MRstruts:   0 Thi: 0.4999946 
1964 Rop: 33.14913747375 Str:  70 MRstruts:   0 Thi: 0.4999946 
1965 Rop: 33.14913712230 Str:  70 MRstruts:   0 Thi: 0.4999946 
1966 Rop: 33.14913702172 Str:  70 MRstruts:   0 Thi: 0.4999946 
1967 Rop: 33.14913696380 Str:  70 MRstruts:   0 Thi: 0.4999946 
1968 Rop: 33.14913514051 Str:  70 MRstruts:   0 Thi: 0.4999946 
1969 Rop: 33.14913487527 Str:  70 MRstruts:   0 Thi: 0.4999946 
1970 Rop: 33.14913478931 Str:  70 MRstruts:   0 Thi: 0.4999946 
1971 Rop: 33.14913473244 Str:  70 MRstruts:   0 Thi: 0.4999946 
1972 Rop: 33.14913433002 Str:  70 MRstruts:   0 Thi: 0.4999945 
1973 Rop: 33.14913422103 Str:  70 MRstruts:   0 Thi: 0.4999945 
1974 Rop: 33.14913416751 Str:  70 MRstruts:   0 Thi: 0.4999945 
1975 Rop: 33.14913322603 Str:  70 MRstruts:   0 Thi: 0.4999945 
1976 Rop: 33.14913308302 Str:  70 MRstruts:   0 Thi: 0.4999945 
1977 Rop: 33.14913302504 Str:  70 MRstruts:   0 Thi: 0.4999945 
1978 Rop: 33.14913284876 Str:  70 MRstruts:   0 Thi: 0.4999945 
1979 Rop: 33.14913278847 Str:  70 MRstruts:   0 Thi: 0.4999945 
1980 Rop: 33.14913270173 Str:  70 MRstruts:   0 Thi: 0.4999945 
1981 Rop: 33.14913264431 Str:  70 MRstruts:   0 Thi: 0.4999945 
1982 Rop: 33.14913246456 Str:  70 MRstruts:   0 Thi: 0.4999945 
1983 Rop: 33.14913240462 Str:  70 MRstruts:   0 Thi: 0.4999945 
1984 Rop: 33.14913228219 Str:  70 MRstruts:   0 Thi: 0.4999945 
1985 Rop: 33.14913223035 Str:  70 MRstruts:   0 Thi: 0.4999945 
1986 Rop: 33.14913187131 Str:  70 MRstruts:   0 Thi: 0.4999945 
1987 Rop: 33.14913178421 Str:  70 MRstruts:   0 Thi: 0.4999945 
1988 Rop: 33.14913173030 Str:  70 MRstruts:   0 Thi: 0.4999945 
1989 Rop: 33.14913138277 Str:  70 MRstruts:   0 Thi: 0.4999945 
1990 Rop: 33.14913129845 Str:  70 MRstruts:   0 Thi: 0.4999945 
1991 Rop: 33.14913124535 Str:  70 MRstruts:   0 Thi: 0.4999945 
1992 Rop: 33.14913091462 Str:  70 MRstruts:   0 Thi: 0.4999945 
1993 Rop: 33.14913083234 Str:  70 MRstruts:   0 Thi: 0.4999945 
1994 Rop: 33.14913077897 Str:  70 MRstruts:   0 Thi: 0.4999945 
1995 Rop: 33.14913053306 Str:  70 MRstruts:   0 Thi: 0.4999945 
1996 Rop: 33.14913046484 Str:  70 MRstruts:   0 Thi: 0.4999945 
1997 Rop: 33.14913040243 Str:  70 MRstruts:   0 Thi: 0.4999945 
1998 Rop: 33.14913032716 Str:  70 MRstruts:   0 Thi: 0.4999945 
1999 Rop: 33.14913026960 Str:  70 MRstruts:   0 Thi: 0.4999945 
2000 Rop: 33.14913016679 Str:  70 MRstruts:   0 Thi: 0.4999945 
2001 Rop: 33.14913011696 Str:  70 MRstruts:   0 Thi: 0.4999945 
2002 Rop: 33.14912785181 Str:  70 MRstruts:   0 Thi: 0.4999945 
2003 Rop: 33.14912780282 Str:  70 MRstruts:   0 Thi: 0.4999945 
2004 Rop: 33.14912763472 Str:  70 MRstruts:   0 Thi: 0.4999945 
2005 Rop: 33.14912757951 Str:  70 MRstruts:   0 Thi: 0.4999945 
2006 Rop: 33.14912751834 Str:  70 MRstruts:   0 Thi: 0.4999945 
2007 Rop: 33.14912745728 Str:  70 MRstruts:   0 Thi: 0.4999945 
2008 Rop: 33.14912740039 Str:  70 MRstruts:   0 Thi: 0.4999945 
2009 Rop: 33.14912732938 Str:  70 MRstruts:   0 Thi: 0.4999945 
2010 Rop: 33.14912728247 Str:  70 MRstruts:   0 Thi: 0.4999945 
2011 Rop: 33.14912706998 Str:  70 MRstruts:   0 Thi: 0.4999945 
2012 Rop: 33.14912700582 Str:  70 MRstruts:   0 Thi: 0.4999945 
2013 Rop: 33.14912695848 Str:  70 MRstruts:   0 Thi: 0.4999945 
2014 Rop: 33.14912678806 Str:  70 MRstruts:   0 Thi: 0.4999945 
2015 Rop: 33.14912673276 Str:  70 MRstruts:   0 Thi: 0.4999945 
2016 Rop: 33.14912667610 Str:  70 MRstruts:   0 Thi: 0.4999945 
2017 Rop: 33.14912660950 Str:  70 MRstruts:   0 Thi: 0.4999945 
2018 Rop: 33.14912656180 Str:  70 MRstruts:   0 Thi: 0.4999945 
2019 Rop: 33.14912642038 Str:  70 MRstruts:   0 Thi: 0.4999945 
2020 Rop: 33.14912637098 Str:  70 MRstruts:   0 Thi: 0.4999945 
2021 Rop: 33.14912629494 Str:  70 MRstruts:   0 Thi: 0.4999945 
2022 Rop: 33.14912624923 Str:  70 MRstruts:   0 Thi: 0.4999945 
2023 Rop: 33.14912599739 Str:  70 MRstruts:   0 Thi: 0.4999945 
2024 Rop: 33.14912593231 Str:  70 MRstruts:   0 Thi: 0.4999945 
2025 Rop: 33.14912588423 Str:  70 MRstruts:   0 Thi: 0.4999945 
2026 Rop: 33.14912576934 Str:  70 MRstruts:   0 Thi: 0.4999945 
2027 Rop: 33.14912572472 Str:  70 MRstruts:   0 Thi: 0.4999945 
2028 Rop: 33.14912544402 Str:  70 MRstruts:   0 Thi: 0.4999945 
2029 Rop: 33.14912536663 Str:  70 MRstruts:   0 Thi: 0.4999945 
2030 Rop: 33.14912532554 Str:  70 MRstruts:   0 Thi: 0.4999945 
2031 Rop: 33.14912333470 Str:  70 MRstruts:   0 Thi: 0.4999945 
2032 Rop: 33.14912329520 Str:  70 MRstruts:   0 Thi: 0.4999945 
2033 Rop: 33.14912230658 Str:  69 MRstruts:   0 Thi: 0.4999945 
2034 Rop: 33.14911754140 Str:  70 MRstruts:   0 Thi: 0.4999945 
2035 Rop: 33.14911743598 Str:  70 MRstruts:   0 Thi: 0.4999944 
2036 Rop: 33.14911739370 Str:  70 MRstruts:   0 Thi: 0.4999944 
2037 Rop: 33.14911725006 Str:  70 MRstruts:   0 Thi: 0.4999944 
2038 Rop: 33.14911720078 Str:  70 MRstruts:   0 Thi: 0.4999944 
2039 Rop: 33.14911711701 Str:  70 MRstruts:   0 Thi: 0.4999944 
2040 Rop: 33.14911707824 Str:  70 MRstruts:   0 Thi: 0.4999944 
2041 Rop: 33.14911668302 Str:  70 MRstruts:   0 Thi: 0.4999944 
2042 Rop: 33.14911657563 Str:  70 MRstruts:   0 Thi: 0.4999944 
2043 Rop: 33.14911652563 Str:  70 MRstruts:   0 Thi: 0.4999944 
2044 Rop: 33.14911641140 Str:  70 MRstruts:   0 Thi: 0.4999944 
2045 Rop: 33.14911637450 Str:  70 MRstruts:   0 Thi: 0.4999944 
2046 Rop: 33.14911628066 Str:  70 MRstruts:   0 Thi: 0.4999944 
2047 Rop: 33.14911624639 Str:  70 MRstruts:   0 Thi: 0.4999944 
2048 Rop: 33.14911611695 Str:  70 MRstruts:   0 Thi: 0.4999944 
2049 Rop: 33.14911607900 Str:  70 MRstruts:   0 Thi: 0.4999944 
2050 Rop: 33.14911601328 Str:  70 MRstruts:   0 Thi: 0.4999944 
2051 Rop: 33.14911597949 Str:  70 MRstruts:   0 Thi: 0.4999944 
2052 Rop: 33.14911503960 Str:  70 MRstruts:   0 Thi: 0.4999944 
2053 Rop: 33.14911477161 Str:  70 MRstruts:   0 Thi: 0.4999944 
2054 Rop: 33.14911469227 Str:  70 MRstruts:   0 Thi: 0.4999944 
2055 Rop: 33.14911455708 Str:  70 MRstruts:   0 Thi: 0.4999944 
2056 Rop: 33.14911451314 Str:  70 MRstruts:   0 Thi: 0.4999944 
2057 Rop: 33.14911444613 Str:  70 MRstruts:   0 Thi: 0.4999944 
2058 Rop: 33.14911440809 Str:  70 MRstruts:   0 Thi: 0.4999944 
2059 Rop: 33.14911427721 Str:  70 MRstruts:   0 Thi: 0.4999944 
2060 Rop: 33.14911423372 Str:  70 MRstruts:   0 Thi: 0.4999944 
2061 Rop: 33.14911417262 Str:  70 MRstruts:   0 Thi: 0.4999944 
2062 Rop: 33.14911413883 Str:  70 MRstruts:   0 Thi: 0.4999944 
2063 Rop: 33.14911335352 Str:  70 MRstruts:   0 Thi: 0.4999944 
2064 Rop: 33.14911323128 Str:  70 MRstruts:   0 Thi: 0.4999944 
2065 Rop: 33.14911318695 Str:  70 MRstruts:   0 Thi: 0.4999944 
2066 Rop: 33.14911315481 Str:  70 MRstruts:   0 Thi: 0.4999944 
2067 Rop: 33.14911281392 Str:  70 MRstruts:   0 Thi: 0.4999944 
2068 Rop: 33.14911270286 Str:  70 MRstruts:   0 Thi: 0.4999944 
2069 Rop: 33.14911265984 Str:  70 MRstruts:   0 Thi: 0.4999944 
2070 Rop: 33.14911185667 Str:  70 MRstruts:   0 Thi: 0.4999944 
2071 Rop: 33.14911094120 Str:  70 MRstruts:   0 Thi: 0.4999944 
2072 Rop: 33.14911086485 Str:  70 MRstruts:   0 Thi: 0.4999944 
2073 Rop: 33.14911062509 Str:  70 MRstruts:   0 Thi: 0.4999944 
2074 Rop: 33.14910979917 Str:  70 MRstruts:   0 Thi: 0.4999944 
2075 Rop: 33.14910904753 Str:  70 MRstruts:   0 Thi: 0.4999944 
2076 Rop: 33.14910887012 Str:  70 MRstruts:   0 Thi: 0.4999944 
2077 Rop: 33.14910879459 Str:  70 MRstruts:   0 Thi: 0.4999944 
2078 Rop: 33.14910875730 Str:  70 MRstruts:   0 Thi: 0.4999944 
2079 Rop: 33.14910836604 Str:  70 MRstruts:   0 Thi: 0.4999944 
2080 Rop: 33.14910813443 Str:  70 MRstruts:   0 Thi: 0.4999944 
2081 Rop: 33.14910782704 Str:  70 MRstruts:   0 Thi: 0.4999944 
2082 Rop: 33.14910545816 Str:  70 MRstruts:   0 Thi: 0.4999944 
2083 Rop: 33.14910053738 Str:  70 MRstruts:   0 Thi: 0.4999943 
2084 Rop: 33.14909972601 Str:  70 MRstruts:   0 Thi: 0.4999943 
2085 Rop: 33.14909953366 Str:  70 MRstruts:   0 Thi: 0.4999943 
2086 Rop: 33.14909949982 Str:  70 MRstruts:   0 Thi: 0.4999943 
2087 Rop: 33.14909942145 Str:  70 MRstruts:   0 Thi: 0.4999943 
2088 Rop: 33.14909939173 Str:  70 MRstruts:   0 Thi: 0.4999943 
2089 Rop: 33.14909925497 Str:  70 MRstruts:   0 Thi: 0.4999943 
2090 Rop: 33.14909921313 Str:  70 MRstruts:   0 Thi: 0.4999943 
2091 Rop: 33.14909918172 Str:  70 MRstruts:   0 Thi: 0.4999943 
2092 Rop: 33.14909909614 Str:  70 MRstruts:   0 Thi: 0.4999943 
2093 Rop: 33.14909906548 Str:  70 MRstruts:   0 Thi: 0.4999943 
2094 Rop: 33.14909900369 Str:  70 MRstruts:   0 Thi: 0.4999943 
2095 Rop: 33.14909897630 Str:  69 MRstruts:   0 Thi: 0.4999943 
2096 Rop: 33.14909799587 Str:  70 MRstruts:   0 Thi: 0.4999943 
2097 Rop: 33.14909784632 Str:  70 MRstruts:   0 Thi: 0.4999943 
2098 Rop: 33.14909778310 Str:  70 MRstruts:   0 Thi: 0.4999943 
2099 Rop: 33.14909765551 Str:  69 MRstruts:   0 Thi: 0.4999943 
2100 Rop: 33.14909763425 Str:  69 MRstruts:   0 Thi: 0.4999943 
2101 Rop: 33.14909748724 Str:  70 MRstruts:   0 Thi: 0.4999943 
2102 Rop: 33.14909746175 Str:  70 MRstruts:   0 Thi: 0.4999943 
2103 Rop: 33.14909742858 Str:  69 MRstruts:   0 Thi: 0.4999943 
2104 Rop: 33.14909734782 Str:  69 MRstruts:   0 Thi: 0.4999943 
2105 Rop: 33.14909732401 Str:  69 MRstruts:   0 Thi: 0.4999943 
2106 Rop: 33.14909727335 Str:  69 MRstruts:   0 Thi: 0.4999943 
2107 Rop: 33.14909725086 Str:  69 MRstruts:   0 Thi: 0.4999943 
2108 Rop: 33.14909630504 Str:  69 MRstruts:   0 Thi: 0.4999943 
2109 Rop: 33.14909626289 Str:  69 MRstruts:   0 Thi: 0.4999943 
2110 Rop: 33.14909623631 Str:  69 MRstruts:   0 Thi: 0.4999943 
2111 Rop: 33.14909618982 Str:  69 MRstruts:   0 Thi: 0.4999943 
2112 Rop: 33.14909616078 Str:  69 MRstruts:   0 Thi: 0.4999943 
2113 Rop: 33.14909609921 Str:  69 MRstruts:   0 Thi: 0.4999943 
2114 Rop: 33.14909607786 Str:  69 MRstruts:   0 Thi: 0.4999943 
2115 Rop: 33.14909599338 Str:  69 MRstruts:   0 Thi: 0.4999943 
2116 Rop: 33.14909597047 Str:  69 MRstruts:   0 Thi: 0.4999943 
2117 Rop: 33.14909593519 Str:  69 MRstruts:   0 Thi: 0.4999943 
2118 Rop: 33.14909590941 Str:  69 MRstruts:   0 Thi: 0.4999943 
2119 Rop: 33.14909584484 Str:  69 MRstruts:   0 Thi: 0.4999943 
2120 Rop: 33.14909582169 Str:  69 MRstruts:   0 Thi: 0.4999943 
2121 Rop: 33.14909575265 Str:  69 MRstruts:   0 Thi: 0.4999943 
2122 Rop: 33.14909572899 Str:  69 MRstruts:   0 Thi: 0.4999943 
2123 Rop: 33.14909566184 Str:  69 MRstruts:   0 Thi: 0.4999943 
2124 Rop: 33.14909563848 Str:  69 MRstruts:   0 Thi: 0.4999943 
2125 Rop: 33.14909558115 Str:  69 MRstruts:   0 Thi: 0.4999943 
2126 Rop: 33.14909555869 Str:  69 MRstruts:   0 Thi: 0.4999943 
2127 Rop: 33.14909537958 Str:  69 MRstruts:   0 Thi: 0.4999943 
2128 Rop: 33.14909533757 Str:  69 MRstruts:   0 Thi: 0.4999943 
2129 Rop: 33.14909531577 Str:  69 MRstruts:   0 Thi: 0.4999943 
2130 Rop: 33.14909511410 Str:  69 MRstruts:   0 Thi: 0.4999943 
2131 Rop: 33.14909507094 Str:  69 MRstruts:   0 Thi: 0.4999943 
2132 Rop: 33.14909504881 Str:  69 MRstruts:   0 Thi: 0.4999943 
2133 Rop: 33.14909481033 Str:  69 MRstruts:   0 Thi: 0.4999943 
2134 Rop: 33.14909475603 Str:  69 MRstruts:   0 Thi: 0.4999943 
2135 Rop: 33.14909473227 Str:  69 MRstruts:   0 Thi: 0.4999943 
2136 Rop: 33.14909466482 Str:  69 MRstruts:   0 Thi: 0.4999943 
2137 Rop: 33.14909464012 Str:  69 MRstruts:   0 Thi: 0.4999943 
2138 Rop: 33.14909457385 Str:  69 MRstruts:   0 Thi: 0.4999943 
2139 Rop: 33.14909454892 Str:  69 MRstruts:   0 Thi: 0.4999943 
2140 Rop: 33.14909449111 Str:  69 MRstruts:   0 Thi: 0.4999943 
2141 Rop: 33.14909446732 Str:  69 MRstruts:   0 Thi: 0.4999943 
2142 Rop: 33.14909432319 Str:  69 MRstruts:   0 Thi: 0.4999942 
2143 Rop: 33.14909427581 Str:  69 MRstruts:   0 Thi: 0.4999942 
2144 Rop: 33.14909424849 Str:  69 MRstruts:   0 Thi: 0.4999942 
2145 Rop: 33.14909417433 Str:  69 MRstruts:   0 Thi: 0.4999942 
2146 Rop: 33.14909415337 Str:  69 MRstruts:   0 Thi: 0.4999942 
2147 Rop: 33.14909412223 Str:  69 MRstruts:   0 Thi: 0.4999942 
2148 Rop: 33.14909409611 Str:  69 MRstruts:   0 Thi: 0.4999942 
2149 Rop: 33.14909405836 Str:  69 MRstruts:   0 Thi: 0.4999942 
2150 Rop: 33.14909403656 Str:  69 MRstruts:   0 Thi: 0.4999942 
2151 Rop: 33.14909385850 Str:  69 MRstruts:   0 Thi: 0.4999942 
2152 Rop: 33.14909382029 Str:  69 MRstruts:   0 Thi: 0.4999942 
2153 Rop: 33.14909379973 Str:  69 MRstruts:   0 Thi: 0.4999942 
2154 Rop: 33.14909345752 Str:  69 MRstruts:   0 Thi: 0.4999942 
2155 Rop: 33.14909339415 Str:  69 MRstruts:   0 Thi: 0.4999942 
2156 Rop: 33.14909336929 Str:  69 MRstruts:   0 Thi: 0.4999942 
2157 Rop: 33.14909334257 Str:  69 MRstruts:   0 Thi: 0.4999942 
2158 Rop: 33.14909331064 Str:  69 MRstruts:   0 Thi: 0.4999942 
2159 Rop: 33.14909328792 Str:  69 MRstruts:   0 Thi: 0.4999942 
2160 Rop: 33.14909322360 Str:  69 MRstruts:   0 Thi: 0.4999942 
2161 Rop: 33.14909320223 Str:  69 MRstruts:   0 Thi: 0.4999942 
2162 Rop: 33.14909315950 Str:  69 MRstruts:   0 Thi: 0.4999942 
2163 Rop: 33.14909313962 Str:  69 MRstruts:   0 Thi: 0.4999942 
2164 Rop: 33.14909204870 Str:  69 MRstruts:   0 Thi: 0.4999942 
2165 Rop: 33.14909202425 Str:  69 MRstruts:   0 Thi: 0.4999942 
2166 Rop: 33.14909200316 Str:  69 MRstruts:   0 Thi: 0.4999942 
2167 Rop: 33.14909194483 Str:  69 MRstruts:   0 Thi: 0.4999942 
2168 Rop: 33.14909192518 Str:  69 MRstruts:   0 Thi: 0.4999942 
2169 Rop: 33.14909188330 Str:  69 MRstruts:   0 Thi: 0.4999942 
2170 Rop: 33.14909186497 Str:  69 MRstruts:   0 Thi: 0.4999942 
2171 Rop: 33.14909134272 Str:  69 MRstruts:   0 Thi: 0.4999942 
2172 Rop: 33.14909127470 Str:  69 MRstruts:   0 Thi: 0.4999942 
2173 Rop: 33.14909124958 Str:  69 MRstruts:   0 Thi: 0.4999942 
2174 Rop: 33.14909123055 Str:  69 MRstruts:   0 Thi: 0.4999942 
2175 Rop: 33.14909112367 Str:  69 MRstruts:   0 Thi: 0.4999942 
2176 Rop: 33.14909109659 Str:  69 MRstruts:   0 Thi: 0.4999942 
2177 Rop: 33.14909107886 Str:  69 MRstruts:   0 Thi: 0.4999942 
2178 Rop: 33.14909054886 Str:  69 MRstruts:   0 Thi: 0.4999942 
2179 Rop: 33.14909048397 Str:  69 MRstruts:   0 Thi: 0.4999942 
2180 Rop: 33.14909045993 Str:  69 MRstruts:   0 Thi: 0.4999942 
2181 Rop: 33.14909044178 Str:  69 MRstruts:   0 Thi: 0.4999942 
2182 Rop: 33.14909033898 Str:  69 MRstruts:   0 Thi: 0.4999942 
2183 Rop: 33.14909031318 Str:  69 MRstruts:   0 Thi: 0.4999942 
2184 Rop: 33.14909029620 Str:  69 MRstruts:   0 Thi: 0.4999942 
2185 Rop: 33.14908985683 Str:  69 MRstruts:   0 Thi: 0.4999942 
2186 Rop: 33.14908979624 Str:  69 MRstruts:   0 Thi: 0.4999942 
2187 Rop: 33.14908977367 Str:  69 MRstruts:   0 Thi: 0.4999942 
2188 Rop: 33.14908975577 Str:  69 MRstruts:   0 Thi: 0.4999942 
2189 Rop: 33.14908968243 Str:  69 MRstruts:   0 Thi: 0.4999942 
2190 Rop: 33.14908966183 Str:  69 MRstruts:   0 Thi: 0.4999942 
2191 Rop: 33.14908964226 Str:  69 MRstruts:   0 Thi: 0.4999942 
2192 Rop: 33.14908960643 Str:  69 MRstruts:   0 Thi: 0.4999942 
2193 Rop: 33.14908959052 Str:  69 MRstruts:   0 Thi: 0.4999942 
2194 Rop: 33.14908916446 Str:  69 MRstruts:   0 Thi: 0.4999942 
2195 Rop: 33.14908911168 Str:  69 MRstruts:   0 Thi: 0.4999942 
2196 Rop: 33.14908909138 Str:  69 MRstruts:   0 Thi: 0.4999942 
2197 Rop: 33.14908907307 Str:  69 MRstruts:   0 Thi: 0.4999942 
2198 Rop: 33.14908903263 Str:  69 MRstruts:   0 Thi: 0.4999942 
2199 Rop: 33.14908901696 Str:  69 MRstruts:   0 Thi: 0.4999942 
2200 Rop: 33.14908891170 Str:  69 MRstruts:   0 Thi: 0.4999942 
2201 Rop: 33.14908888612 Str:  69 MRstruts:   0 Thi: 0.4999942 
2202 Rop: 33.14908887075 Str:  69 MRstruts:   0 Thi: 0.4999942 
2203 Rop: 33.14908800755 Str:  69 MRstruts:   0 Thi: 0.4999942 
2204 Rop: 33.14908798504 Str:  69 MRstruts:   0 Thi: 0.4999942 
2205 Rop: 33.14908796166 Str:  69 MRstruts:   0 Thi: 0.4999942 
2206 Rop: 33.14908794510 Str:  69 MRstruts:   0 Thi: 0.4999942 
2207 Rop: 33.14908790196 Str:  69 MRstruts:   0 Thi: 0.4999942 
2208 Rop: 33.14908788697 Str:  69 MRstruts:   0 Thi: 0.4999942 
2209 Rop: 33.14908784324 Str:  69 MRstruts:   0 Thi: 0.4999942 
2210 Rop: 33.14908782822 Str:  69 MRstruts:   0 Thi: 0.4999942 
2211 Rop: 33.14908778993 Str:  69 MRstruts:   0 Thi: 0.4999942 
2212 Rop: 33.14908777549 Str:  69 MRstruts:   0 Thi: 0.4999942 
2213 Rop: 33.14908770026 Str:  69 MRstruts:   0 Thi: 0.4999942 
2214 Rop: 33.14908768039 Str:  69 MRstruts:   0 Thi: 0.4999942 
2215 Rop: 33.14908766505 Str:  69 MRstruts:   0 Thi: 0.4999942 
2216 Rop: 33.14908758995 Str:  69 MRstruts:   0 Thi: 0.4999942 
2217 Rop: 33.14908757025 Str:  69 MRstruts:   0 Thi: 0.4999942 
2218 Rop: 33.14908755507 Str:  69 MRstruts:   0 Thi: 0.4999942 
2219 Rop: 33.14908747686 Str:  69 MRstruts:   0 Thi: 0.4999942 
2220 Rop: 33.14908745660 Str:  69 MRstruts:   0 Thi: 0.4999942 
2221 Rop: 33.14908744194 Str:  69 MRstruts:   0 Thi: 0.4999942 
2222 Rop: 33.14908731766 Str:  69 MRstruts:   0 Thi: 0.4999942 
2223 Rop: 33.14908729031 Str:  69 MRstruts:   0 Thi: 0.4999942 
2224 Rop: 33.14908727648 Str:  69 MRstruts:   0 Thi: 0.4999942 
2225 Rop: 33.14908718841 Str:  69 MRstruts:   0 Thi: 0.4999942 
2226 Rop: 33.14908716709 Str:  69 MRstruts:   0 Thi: 0.4999942 
2227 Rop: 33.14908715319 Str:  69 MRstruts:   0 Thi: 0.4999942 
2228 Rop: 33.14908675197 Str:  69 MRstruts:   0 Thi: 0.4999942 
2229 Rop: 33.14908670484 Str:  69 MRstruts:   0 Thi: 0.4999942 
2230 Rop: 33.14908668693 Str:  69 MRstruts:   0 Thi: 0.4999942 
2231 Rop: 33.14908667082 Str:  69 MRstruts:   0 Thi: 0.4999942 
2232 Rop: 33.14908663960 Str:  69 MRstruts:   0 Thi: 0.4999942 
2233 Rop: 33.14908662650 Str:  69 MRstruts:   0 Thi: 0.4999942 
2234 Rop: 33.14908641544 Str:  69 MRstruts:   0 Thi: 0.4999942 
2235 Rop: 33.14908637915 Str:  69 MRstruts:   0 Thi: 0.4999942 
2236 Rop: 33.14908636406 Str:  69 MRstruts:   0 Thi: 0.4999942 
2237 Rop: 33.14908634509 Str:  69 MRstruts:   0 Thi: 0.4999942 
2238 Rop: 33.14908632784 Str:  69 MRstruts:   0 Thi: 0.4999942 
2239 Rop: 33.14908630732 Str:  69 MRstruts:   0 Thi: 0.4999942 
2240 Rop: 33.14908629224 Str:  69 MRstruts:   0 Thi: 0.4999942 
2241 Rop: 33.14908625691 Str:  69 MRstruts:   0 Thi: 0.4999942 
2242 Rop: 33.14908624382 Str:  69 MRstruts:   0 Thi: 0.4999942 
2243 Rop: 33.14908618417 Str:  69 MRstruts:   0 Thi: 0.4999942 
2244 Rop: 33.14908616772 Str:  69 MRstruts:   0 Thi: 0.4999942 
2245 Rop: 33.14908615225 Str:  69 MRstruts:   0 Thi: 0.4999942 
2246 Rop: 33.14908612324 Str:  69 MRstruts:   0 Thi: 0.4999942 
2247 Rop: 33.14908611057 Str:  69 MRstruts:   0 Thi: 0.4999942 
2248 Rop: 33.14908580763 Str:  69 MRstruts:   0 Thi: 0.4999942 
2249 Rop: 33.14908576518 Str:  69 MRstruts:   0 Thi: 0.4999942 
2250 Rop: 33.14908574892 Str:  69 MRstruts:   0 Thi: 0.4999942 
2251 Rop: 33.14908573435 Str:  69 MRstruts:   0 Thi: 0.4999942 
2252 Rop: 33.14908570097 Str:  69 MRstruts:   0 Thi: 0.4999942 
2253 Rop: 33.14908568842 Str:  69 MRstruts:   0 Thi: 0.4999942 
2254 Rop: 33.14908562619 Str:  69 MRstruts:   0 Thi: 0.4999942 
2255 Rop: 33.14908560957 Str:  69 MRstruts:   0 Thi: 0.4999942 
2256 Rop: 33.14908559563 Str:  69 MRstruts:   0 Thi: 0.4999942 
2257 Rop: 33.14908555328 Str:  69 MRstruts:   0 Thi: 0.4999942 
2258 Rop: 33.14908553976 Str:  69 MRstruts:   0 Thi: 0.4999942 
2259 Rop: 33.14908551615 Str:  69 MRstruts:   0 Thi: 0.4999942 
2260 Rop: 33.14908550366 Str:  69 MRstruts:   0 Thi: 0.4999942 
2261 Rop: 33.14908522483 Str:  69 MRstruts:   0 Thi: 0.4999942 
2262 Rop: 33.14908518447 Str:  69 MRstruts:   0 Thi: 0.4999942 
2263 Rop: 33.14908516889 Str:  69 MRstruts:   0 Thi: 0.4999942 
2264 Rop: 33.14908515484 Str:  69 MRstruts:   0 Thi: 0.4999942 
2265 Rop: 33.14908512353 Str:  69 MRstruts:   0 Thi: 0.4999942 
2266 Rop: 33.14908511153 Str:  69 MRstruts:   0 Thi: 0.4999942 
2267 Rop: 33.14908504356 Str:  69 MRstruts:   0 Thi: 0.4999942 
2268 Rop: 33.14908502636 Str:  69 MRstruts:   0 Thi: 0.4999942 
2269 Rop: 33.14908501390 Str:  69 MRstruts:   0 Thi: 0.4999942 
2270 Rop: 33.14908491168 Str:  69 MRstruts:   0 Thi: 0.4999942 
2271 Rop: 33.14908488925 Str:  69 MRstruts:   0 Thi: 0.4999942 
2272 Rop: 33.14908487755 Str:  69 MRstruts:   0 Thi: 0.4999942 
2273 Rop: 33.14908476947 Str:  69 MRstruts:   0 Thi: 0.4999942 
2274 Rop: 33.14908474599 Str:  69 MRstruts:   0 Thi: 0.4999942 
2275 Rop: 33.14908473430 Str:  69 MRstruts:   0 Thi: 0.4999942 
2276 Rop: 33.14908466971 Str:  69 MRstruts:   0 Thi: 0.4999942 
2277 Rop: 33.14908465326 Str:  69 MRstruts:   0 Thi: 0.4999942 
2278 Rop: 33.14908464092 Str:  69 MRstruts:   0 Thi: 0.4999942 
2279 Rop: 33.14908456509 Str:  69 MRstruts:   0 Thi: 0.4999942 
2280 Rop: 33.14908454691 Str:  69 MRstruts:   0 Thi: 0.4999942 
2281 Rop: 33.14908453537 Str:  69 MRstruts:   0 Thi: 0.4999942 
2282 Rop: 33.14908403683 Str:  69 MRstruts:   0 Thi: 0.4999942 
2283 Rop: 33.14908400488 Str:  69 MRstruts:   0 Thi: 0.4999942 
2284 Rop: 33.14908399186 Str:  69 MRstruts:   0 Thi: 0.4999942 
2285 Rop: 33.14908397608 Str:  69 MRstruts:   0 Thi: 0.4999942 
2286 Rop: 33.14908396154 Str:  69 MRstruts:   0 Thi: 0.4999942 
2287 Rop: 33.14908394404 Str:  69 MRstruts:   0 Thi: 0.4999942 
2288 Rop: 33.14908393151 Str:  69 MRstruts:   0 Thi: 0.4999942 
2289 Rop: 33.14908389833 Str:  69 MRstruts:   0 Thi: 0.4999942 
2290 Rop: 33.14908388694 Str:  69 MRstruts:   0 Thi: 0.4999942 
2291 Rop: 33.14908385746 Str:  69 MRstruts:   0 Thi: 0.4999942 
2292 Rop: 33.14908384646 Str:  69 MRstruts:   0 Thi: 0.4999942 
2293 Rop: 33.14908379270 Str:  69 MRstruts:   0 Thi: 0.4999942 
2294 Rop: 33.14908377825 Str:  69 MRstruts:   0 Thi: 0.4999942 
2295 Rop: 33.14908376615 Str:  69 MRstruts:   0 Thi: 0.4999942 
2296 Rop: 33.14908372632 Str:  69 MRstruts:   0 Thi: 0.4999942 
2297 Rop: 33.14908371408 Str:  69 MRstruts:   0 Thi: 0.4999942 
2298 Rop: 33.14908369702 Str:  69 MRstruts:   0 Thi: 0.4999942 
2299 Rop: 33.14908368448 Str:  69 MRstruts:   0 Thi: 0.4999942 
2300 Rop: 33.14908365544 Str:  69 MRstruts:   0 Thi: 0.4999942 
2301 Rop: 33.14908364461 Str:  69 MRstruts:   0 Thi: 0.4999942 
2302 Rop: 33.14908359085 Str:  69 MRstruts:   0 Thi: 0.4999942 
2303 Rop: 33.14908357654 Str:  69 MRstruts:   0 Thi: 0.4999942 
2304 Rop: 33.14908356462 Str:  69 MRstruts:   0 Thi: 0.4999942 
2305 Rop: 33.14908352552 Str:  69 MRstruts:   0 Thi: 0.4999942 
2306 Rop: 33.14908351346 Str:  69 MRstruts:   0 Thi: 0.4999942 
2307 Rop: 33.14908349644 Str:  69 MRstruts:   0 Thi: 0.4999942 
2308 Rop: 33.14908348425 Str:  69 MRstruts:   0 Thi: 0.4999942 
2309 Rop: 33.14908345290 Str:  69 MRstruts:   0 Thi: 0.4999942 
2310 Rop: 33.14908344194 Str:  69 MRstruts:   0 Thi: 0.4999942 
2311 Rop: 33.14908340862 Str:  69 MRstruts:   0 Thi: 0.4999942 
2312 Rop: 33.14908339745 Str:  69 MRstruts:   0 Thi: 0.4999942 
2313 Rop: 33.14908337278 Str:  69 MRstruts:   0 Thi: 0.4999942 
2314 Rop: 33.14908336236 Str:  69 MRstruts:   0 Thi: 0.4999942 
2315 Rop: 33.14908318925 Str:  69 MRstruts:   0 Thi: 0.4999942 
2316 Rop: 33.14908315871 Str:  69 MRstruts:   0 Thi: 0.4999942 
2317 Rop: 33.14908314635 Str:  69 MRstruts:   0 Thi: 0.4999942 
2318 Rop: 33.14908313242 Str:  69 MRstruts:   0 Thi: 0.4999942 
2319 Rop: 33.14908311658 Str:  69 MRstruts:   0 Thi: 0.4999942 
2320 Rop: 33.14908310423 Str:  69 MRstruts:   0 Thi: 0.4999942 
2321 Rop: 33.14908308021 Str:  69 MRstruts:   0 Thi: 0.4999942 
2322 Rop: 33.14908307007 Str:  69 MRstruts:   0 Thi: 0.4999942 
2323 Rop: 33.14908291356 Str:  69 MRstruts:   0 Thi: 0.4999941 
2324 Rop: 33.14908288608 Str:  69 MRstruts:   0 Thi: 0.4999941 
2325 Rop: 33.14908287450 Str:  69 MRstruts:   0 Thi: 0.4999941 
2326 Rop: 33.14908285812 Str:  69 MRstruts:   0 Thi: 0.4999941 
2327 Rop: 33.14908284669 Str:  69 MRstruts:   0 Thi: 0.4999941 
2328 Rop: 33.14908281254 Str:  69 MRstruts:   0 Thi: 0.4999941 
2329 Rop: 33.14908280159 Str:  69 MRstruts:   0 Thi: 0.4999941 
2330 Rop: 33.14908278157 Str:  69 MRstruts:   0 Thi: 0.4999941 
2331 Rop: 33.14908277141 Str:  69 MRstruts:   0 Thi: 0.4999941 
2332 Rop: 33.14908241406 Str:  69 MRstruts:   0 Thi: 0.4999941 
2333 Rop: 33.14908238134 Str:  69 MRstruts:   0 Thi: 0.4999941 
2334 Rop: 33.14908236867 Str:  69 MRstruts:   0 Thi: 0.4999941 
2335 Rop: 33.14908235730 Str:  69 MRstruts:   0 Thi: 0.4999941 
2336 Rop: 33.14908233164 Str:  69 MRstruts:   0 Thi: 0.4999941 
2337 Rop: 33.14908232188 Str:  69 MRstruts:   0 Thi: 0.4999941 
2338 Rop: 33.14908226535 Str:  69 MRstruts:   0 Thi: 0.4999941 
2339 Rop: 33.14908225107 Str:  69 MRstruts:   0 Thi: 0.4999941 
2340 Rop: 33.14908224120 Str:  69 MRstruts:   0 Thi: 0.4999941 
2341 Rop: 33.14908209257 Str:  69 MRstruts:   0 Thi: 0.4999941 
2342 Rop: 33.14908206525 Str:  69 MRstruts:   0 Thi: 0.4999941 
2343 Rop: 33.14908205405 Str:  69 MRstruts:   0 Thi: 0.4999941 
2344 Rop: 33.14908204077 Str:  69 MRstruts:   0 Thi: 0.4999941 
2345 Rop: 33.14908202738 Str:  69 MRstruts:   0 Thi: 0.4999941 
2346 Rop: 33.14908201447 Str:  69 MRstruts:   0 Thi: 0.4999941 
2347 Rop: 33.14908200034 Str:  69 MRstruts:   0 Thi: 0.4999941 
2348 Rop: 33.14908198860 Str:  69 MRstruts:   0 Thi: 0.4999941 
2349 Rop: 33.14908196978 Str:  69 MRstruts:   0 Thi: 0.4999941 
2350 Rop: 33.14908196036 Str:  69 MRstruts:   0 Thi: 0.4999941 
2351 Rop: 33.14908150527 Str:  69 MRstruts:   0 Thi: 0.4999941 
2352 Rop: 33.14908148042 Str:  69 MRstruts:   0 Thi: 0.4999941 
2353 Rop: 33.14908147004 Str:  69 MRstruts:   0 Thi: 0.4999941 
2354 Rop: 33.14908145641 Str:  69 MRstruts:   0 Thi: 0.4999941 
2355 Rop: 33.14908144522 Str:  69 MRstruts:   0 Thi: 0.4999941 
2356 Rop: 33.14908142754 Str:  69 MRstruts:   0 Thi: 0.4999941 
2357 Rop: 33.14908141840 Str:  69 MRstruts:   0 Thi: 0.4999941 
2358 Rop: 33.14908117193 Str:  69 MRstruts:   0 Thi: 0.4999941 
2359 Rop: 33.14908114218 Str:  69 MRstruts:   0 Thi: 0.4999941 
2360 Rop: 33.14908113070 Str:  69 MRstruts:   0 Thi: 0.4999941 
2361 Rop: 33.14908112035 Str:  69 MRstruts:   0 Thi: 0.4999941 
2362 Rop: 33.14908109837 Str:  69 MRstruts:   0 Thi: 0.4999941 
2363 Rop: 33.14908108963 Str:  69 MRstruts:   0 Thi: 0.4999941 
2364 Rop: 33.14908100927 Str:  69 MRstruts:   0 Thi: 0.4999941 
2365 Rop: 33.14908099169 Str:  69 MRstruts:   0 Thi: 0.4999941 
2366 Rop: 33.14908098297 Str:  69 MRstruts:   0 Thi: 0.4999941 
2367 Rop: 33.14908094425 Str:  69 MRstruts:   0 Thi: 0.4999941 
2368 Rop: 33.14908093351 Str:  69 MRstruts:   0 Thi: 0.4999941 
2369 Rop: 33.14908092234 Str:  69 MRstruts:   0 Thi: 0.4999941 
2370 Rop: 33.14908090768 Str:  69 MRstruts:   0 Thi: 0.4999941 
2371 Rop: 33.14908089821 Str:  69 MRstruts:   0 Thi: 0.4999941 
2372 Rop: 33.14908085952 Str:  69 MRstruts:   0 Thi: 0.4999941 
2373 Rop: 33.14908084888 Str:  69 MRstruts:   0 Thi: 0.4999941 
2374 Rop: 33.14908083780 Str:  69 MRstruts:   0 Thi: 0.4999941 
2375 Rop: 33.14908082312 Str:  69 MRstruts:   0 Thi: 0.4999941 
2376 Rop: 33.14908081376 Str:  69 MRstruts:   0 Thi: 0.4999941 
2377 Rop: 33.14908077273 Str:  69 MRstruts:   0 Thi: 0.4999941 
2378 Rop: 33.14908076175 Str:  69 MRstruts:   0 Thi: 0.4999941 
2379 Rop: 33.14908075143 Str:  69 MRstruts:   0 Thi: 0.4999941 
2380 Rop: 33.14908073266 Str:  69 MRstruts:   0 Thi: 0.4999941 
2381 Rop: 33.14908072419 Str:  69 MRstruts:   0 Thi: 0.4999941 
2382 Rop: 33.14908034840 Str:  69 MRstruts:   0 Thi: 0.4999941 
2383 Rop: 33.14908032060 Str:  69 MRstruts:   0 Thi: 0.4999941 
2384 Rop: 33.14908030991 Str:  69 MRstruts:   0 Thi: 0.4999941 
2385 Rop: 33.14908030060 Str:  69 MRstruts:   0 Thi: 0.4999941 
2386 Rop: 33.14908027398 Str:  69 MRstruts:   0 Thi: 0.4999941 
2387 Rop: 33.14908026525 Str:  69 MRstruts:   0 Thi: 0.4999941 
2388 Rop: 33.14908024832 Str:  69 MRstruts:   0 Thi: 0.4999941 
2389 Rop: 33.14908024013 Str:  69 MRstruts:   0 Thi: 0.4999941 
2390 Rop: 33.14907979119 Str:  69 MRstruts:   0 Thi: 0.4999941 
2391 Rop: 33.14907978106 Str:  69 MRstruts:   0 Thi: 0.4999941 
2392 Rop: 33.14907977180 Str:  69 MRstruts:   0 Thi: 0.4999941 
2393 Rop: 33.14907975290 Str:  69 MRstruts:   0 Thi: 0.4999941 
2394 Rop: 33.14907974514 Str:  69 MRstruts:   0 Thi: 0.4999941 
2395 Rop: 33.14907964013 Str:  69 MRstruts:   0 Thi: 0.4999941 
2396 Rop: 33.14907961951 Str:  69 MRstruts:   0 Thi: 0.4999941 
2397 Rop: 33.14907961079 Str:  69 MRstruts:   0 Thi: 0.4999941 
2398 Rop: 33.14907959889 Str:  69 MRstruts:   0 Thi: 0.4999941 
2399 Rop: 33.14907958955 Str:  69 MRstruts:   0 Thi: 0.4999941 
2400 Rop: 33.14907957289 Str:  69 MRstruts:   0 Thi: 0.4999941 
2401 Rop: 33.14907956522 Str:  69 MRstruts:   0 Thi: 0.4999941 
2402 Rop: 33.14907913328 Str:  69 MRstruts:   0 Thi: 0.4999941 
2403 Rop: 33.14907911996 Str:  69 MRstruts:   0 Thi: 0.4999941 
2404 Rop: 33.14907911275 Str:  69 MRstruts:   0 Thi: 0.4999941 
2405 Rop: 33.14907903763 Str:  69 MRstruts:   0 Thi: 0.4999941 
2406 Rop: 33.14907902264 Str:  69 MRstruts:   0 Thi: 0.4999941 
2407 Rop: 33.14907901523 Str:  69 MRstruts:   0 Thi: 0.4999941 
2408 Rop: 33.14907897728 Str:  69 MRstruts:   0 Thi: 0.4999941 
2409 Rop: 33.14907896720 Str:  69 MRstruts:   0 Thi: 0.4999941 
2410 Rop: 33.14907895952 Str:  69 MRstruts:   0 Thi: 0.4999941 
2411 Rop: 33.14907890639 Str:  69 MRstruts:   0 Thi: 0.4999941 
2412 Rop: 33.14907889375 Str:  69 MRstruts:   0 Thi: 0.4999941 
2413 Rop: 33.14907888668 Str:  69 MRstruts:   0 Thi: 0.4999941 
2414 Rop: 33.14907876657 Str:  69 MRstruts:   0 Thi: 0.4999941 
2415 Rop: 33.14907874688 Str:  69 MRstruts:   0 Thi: 0.4999941 
2416 Rop: 33.14907873863 Str:  69 MRstruts:   0 Thi: 0.4999941 
2417 Rop: 33.14907872726 Str:  69 MRstruts:   0 Thi: 0.4999941 
2418 Rop: 33.14907871917 Str:  69 MRstruts:   0 Thi: 0.4999941 
2419 Rop: 33.14907869580 Str:  69 MRstruts:   0 Thi: 0.4999941 
2420 Rop: 33.14907868815 Str:  69 MRstruts:   0 Thi: 0.4999941 
2421 Rop: 33.14907867444 Str:  69 MRstruts:   0 Thi: 0.4999941 
2422 Rop: 33.14907866713 Str:  69 MRstruts:   0 Thi: 0.4999941 
2423 Rop: 33.14907854556 Str:  69 MRstruts:   0 Thi: 0.4999941 
2424 Rop: 33.14907852615 Str:  69 MRstruts:   0 Thi: 0.4999941 
2425 Rop: 33.14907851802 Str:  69 MRstruts:   0 Thi: 0.4999941 
2426 Rop: 33.14907850703 Str:  69 MRstruts:   0 Thi: 0.4999941 
2427 Rop: 33.14907849895 Str:  69 MRstruts:   0 Thi: 0.4999941 
2428 Rop: 33.14907847853 Str:  69 MRstruts:   0 Thi: 0.4999941 
2429 Rop: 33.14907847136 Str:  69 MRstruts:   0 Thi: 0.4999941 
2430 Rop: 33.14907845157 Str:  69 MRstruts:   0 Thi: 0.4999941 
2431 Rop: 33.14907844443 Str:  69 MRstruts:   0 Thi: 0.4999941 
2432 Rop: 33.14907841424 Str:  69 MRstruts:   0 Thi: 0.4999941 
2433 Rop: 33.14907840563 Str:  69 MRstruts:   0 Thi: 0.4999941 
2434 Rop: 33.14907839720 Str:  69 MRstruts:   0 Thi: 0.4999941 
2435 Rop: 33.14907838172 Str:  69 MRstruts:   0 Thi: 0.4999941 
2436 Rop: 33.14907837494 Str:  69 MRstruts:   0 Thi: 0.4999941 
2437 Rop: 33.14907822976 Str:  69 MRstruts:   0 Thi: 0.4999941 
2438 Rop: 33.14907820924 Str:  69 MRstruts:   0 Thi: 0.4999941 
2439 Rop: 33.14907820094 Str:  69 MRstruts:   0 Thi: 0.4999941 
2440 Rop: 33.14907819147 Str:  69 MRstruts:   0 Thi: 0.4999941 
2441 Rop: 33.14907818183 Str:  69 MRstruts:   0 Thi: 0.4999941 
2442 Rop: 33.14907817220 Str:  69 MRstruts:   0 Thi: 0.4999941 
2443 Rop: 33.14907816294 Str:  69 MRstruts:   0 Thi: 0.4999941 
2444 Rop: 33.14907815249 Str:  69 MRstruts:   0 Thi: 0.4999941 
2445 Rop: 33.14907814442 Str:  69 MRstruts:   0 Thi: 0.4999941 
2446 Rop: 33.14907812732 Str:  69 MRstruts:   0 Thi: 0.4999941 
2447 Rop: 33.14907812061 Str:  69 MRstruts:   0 Thi: 0.4999941 
2448 Rop: 33.14907807810 Str:  69 MRstruts:   0 Thi: 0.4999941 
2449 Rop: 33.14907806793 Str:  69 MRstruts:   0 Thi: 0.4999941 
2450 Rop: 33.14907806090 Str:  69 MRstruts:   0 Thi: 0.4999941 
2451 Rop: 33.14907797414 Str:  69 MRstruts:   0 Thi: 0.4999941 
2452 Rop: 33.14907795833 Str:  69 MRstruts:   0 Thi: 0.4999941 
2453 Rop: 33.14907795118 Str:  69 MRstruts:   0 Thi: 0.4999941 
2454 Rop: 33.14907793403 Str:  69 MRstruts:   0 Thi: 0.4999941 
2455 Rop: 33.14907792740 Str:  69 MRstruts:   0 Thi: 0.4999941 
2456 Rop: 33.14907789041 Str:  69 MRstruts:   0 Thi: 0.4999941 
2457 Rop: 33.14907788117 Str:  69 MRstruts:   0 Thi: 0.4999941 
2458 Rop: 33.14907787379 Str:  69 MRstruts:   0 Thi: 0.4999941 
2459 Rop: 33.14907784555 Str:  69 MRstruts:   0 Thi: 0.4999941 
2460 Rop: 33.14907783759 Str:  69 MRstruts:   0 Thi: 0.4999941 
2461 Rop: 33.14907782810 Str:  69 MRstruts:   0 Thi: 0.4999941 
2462 Rop: 33.14907781928 Str:  69 MRstruts:   0 Thi: 0.4999941 
2463 Rop: 33.14907780844 Str:  69 MRstruts:   0 Thi: 0.4999941 
2464 Rop: 33.14907780112 Str:  69 MRstruts:   0 Thi: 0.4999941 
2465 Rop: 33.14907777317 Str:  69 MRstruts:   0 Thi: 0.4999941 
2466 Rop: 33.14907776510 Str:  69 MRstruts:   0 Thi: 0.4999941 
2467 Rop: 33.14907775693 Str:  69 MRstruts:   0 Thi: 0.4999941 
2468 Rop: 33.14907774328 Str:  69 MRstruts:   0 Thi: 0.4999941 
2469 Rop: 33.14907773679 Str:  69 MRstruts:   0 Thi: 0.4999941 
2470 Rop: 33.14907736902 Str:  69 MRstruts:   0 Thi: 0.4999941 
2471 Rop: 33.14907736124 Str:  69 MRstruts:   0 Thi: 0.4999941 
2472 Rop: 33.14907735250 Str:  69 MRstruts:   0 Thi: 0.4999941 
2473 Rop: 33.14907734332 Str:  69 MRstruts:   0 Thi: 0.4999941 
2474 Rop: 33.14907733466 Str:  69 MRstruts:   0 Thi: 0.4999941 
2475 Rop: 33.14907732537 Str:  69 MRstruts:   0 Thi: 0.4999941 
2476 Rop: 33.14907731692 Str:  69 MRstruts:   0 Thi: 0.4999941 
2477 Rop: 33.14907730701 Str:  69 MRstruts:   0 Thi: 0.4999941 
2478 Rop: 33.14907729931 Str:  69 MRstruts:   0 Thi: 0.4999941 
2479 Rop: 33.14907728555 Str:  69 MRstruts:   0 Thi: 0.4999941 
2480 Rop: 33.14907727919 Str:  69 MRstruts:   0 Thi: 0.4999941 
2481 Rop: 33.14907689979 Str:  69 MRstruts:   0 Thi: 0.4999941 
2482 Rop: 33.14907689059 Str:  69 MRstruts:   0 Thi: 0.4999941 
2483 Rop: 33.14907688448 Str:  69 MRstruts:   0 Thi: 0.4999941 
2484 Rop: 33.14907667205 Str:  69 MRstruts:   0 Thi: 0.4999941 
2485 Rop: 33.14907664567 Str:  69 MRstruts:   0 Thi: 0.4999941 
2486 Rop: 33.14907663613 Str:  69 MRstruts:   0 Thi: 0.4999941 
2487 Rop: 33.14907663026 Str:  69 MRstruts:   0 Thi: 0.4999941 
2488 Rop: 33.14907629357 Str:  69 MRstruts:   0 Thi: 0.4999941 
2489 Rop: 33.14907628616 Str:  69 MRstruts:   0 Thi: 0.4999941 
2490 Rop: 33.14907627890 Str:  69 MRstruts:   0 Thi: 0.4999941 
2491 Rop: 33.14907626765 Str:  69 MRstruts:   0 Thi: 0.4999941 
2492 Rop: 33.14907626163 Str:  69 MRstruts:   0 Thi: 0.4999941 
2493 Rop: 33.14907617656 Str:  69 MRstruts:   0 Thi: 0.4999941 
2494 Rop: 33.14907616221 Str:  69 MRstruts:   0 Thi: 0.4999941 
2495 Rop: 33.14907615590 Str:  69 MRstruts:   0 Thi: 0.4999941 
2496 Rop: 33.14907614305 Str:  69 MRstruts:   0 Thi: 0.4999941 
2497 Rop: 33.14907613744 Str:  69 MRstruts:   0 Thi: 0.4999941 
2498 Rop: 33.14907603928 Str:  69 MRstruts:   0 Thi: 0.4999941 
2499 Rop: 33.14907602385 Str:  69 MRstruts:   0 Thi: 0.4999941 
2500 Rop: 33.14907601733 Str:  69 MRstruts:   0 Thi: 0.4999941 
2501 Rop: 33.14907600692 Str:  69 MRstruts:   0 Thi: 0.4999941 
2502 Rop: 33.14907600109 Str:  69 MRstruts:   0 Thi: 0.4999941 
2503 Rop: 33.14907590988 Str:  68 MRstruts:   0 Thi: 0.4999941 
2504 Rop: 33.14906699575 Str:  69 MRstruts:   0 Thi: 0.4999941 
2505 Rop: 33.14906697623 Str:  69 MRstruts:   0 Thi: 0.4999941 
2506 Rop: 33.14906696831 Str:  69 MRstruts:   0 Thi: 0.4999941 
2507 Rop: 33.14906696199 Str:  69 MRstruts:   0 Thi: 0.4999941 
2508 Rop: 33.14906688989 Str:  69 MRstruts:   0 Thi: 0.4999941 
2509 Rop: 33.14906687052 Str:  69 MRstruts:   0 Thi: 0.4999941 
2510 Rop: 33.14906686142 Str:  69 MRstruts:   0 Thi: 0.4999941 
2511 Rop: 33.14906683173 Str:  69 MRstruts:   0 Thi: 0.4999941 
2512 Rop: 33.14906682306 Str:  69 MRstruts:   0 Thi: 0.4999941 
2513 Rop: 33.14906680375 Str:  69 MRstruts:   0 Thi: 0.4999941 
2514 Rop: 33.14906679792 Str:  69 MRstruts:   0 Thi: 0.4999941 
2515 Rop: 33.14906675948 Str:  69 MRstruts:   0 Thi: 0.4999941 
2516 Rop: 33.14906675136 Str:  69 MRstruts:   0 Thi: 0.4999941 
2517 Rop: 33.14906673814 Str:  69 MRstruts:   0 Thi: 0.4999941 
2518 Rop: 33.14906672811 Str:  69 MRstruts:   0 Thi: 0.4999941 
2519 Rop: 33.14906672206 Str:  69 MRstruts:   0 Thi: 0.4999941 
2520 Rop: 33.14906669782 Str:  69 MRstruts:   0 Thi: 0.4999941 
2521 Rop: 33.14906669071 Str:  69 MRstruts:   0 Thi: 0.4999941 
2522 Rop: 33.14906668411 Str:  69 MRstruts:   0 Thi: 0.4999941 
2523 Rop: 33.14906666974 Str:  69 MRstruts:   0 Thi: 0.4999941 
2524 Rop: 33.14906666424 Str:  69 MRstruts:   0 Thi: 0.4999941 
2525 Rop: 33.14906663913 Str:  69 MRstruts:   0 Thi: 0.4999941 
2526 Rop: 33.14906663232 Str:  69 MRstruts:   0 Thi: 0.4999941 
2527 Rop: 33.14906662479 Str:  69 MRstruts:   0 Thi: 0.4999941 
2528 Rop: 33.14906661670 Str:  69 MRstruts:   0 Thi: 0.4999941 
2529 Rop: 33.14906660922 Str:  69 MRstruts:   0 Thi: 0.4999941 
2530 Rop: 33.14906660099 Str:  69 MRstruts:   0 Thi: 0.4999941 
2531 Rop: 33.14906659378 Str:  69 MRstruts:   0 Thi: 0.4999941 
2532 Rop: 33.14906658471 Str:  69 MRstruts:   0 Thi: 0.4999941 
2533 Rop: 33.14906657832 Str:  69 MRstruts:   0 Thi: 0.4999941 
2534 Rop: 33.14906656246 Str:  69 MRstruts:   0 Thi: 0.4999941 
2535 Rop: 33.14906655679 Str:  69 MRstruts:   0 Thi: 0.4999941 
2536 Rop: 33.14906653145 Str:  69 MRstruts:   0 Thi: 0.4999941 
2537 Rop: 33.14906652437 Str:  69 MRstruts:   0 Thi: 0.4999941 
2538 Rop: 33.14906651823 Str:  69 MRstruts:   0 Thi: 0.4999941 
2539 Rop: 33.14906649765 Str:  69 MRstruts:   0 Thi: 0.4999941 
2540 Rop: 33.14906649138 Str:  69 MRstruts:   0 Thi: 0.4999941 
2541 Rop: 33.14906648358 Str:  69 MRstruts:   0 Thi: 0.4999941 
2542 Rop: 33.14906647583 Str:  69 MRstruts:   0 Thi: 0.4999941 
2543 Rop: 33.14906646846 Str:  69 MRstruts:   0 Thi: 0.4999941 
2544 Rop: 33.14906645967 Str:  69 MRstruts:   0 Thi: 0.4999941 
2545 Rop: 33.14906645355 Str:  69 MRstruts:   0 Thi: 0.4999941 
2546 Rop: 33.14906643284 Str:  69 MRstruts:   0 Thi: 0.4999941 
2547 Rop: 33.14906642657 Str:  69 MRstruts:   0 Thi: 0.4999941 
2548 Rop: 33.14906641891 Str:  69 MRstruts:   0 Thi: 0.4999941 
2549 Rop: 33.14906641096 Str:  69 MRstruts:   0 Thi: 0.4999941 
2550 Rop: 33.14906640399 Str:  69 MRstruts:   0 Thi: 0.4999941 
2551 Rop: 33.14906639382 Str:  69 MRstruts:   0 Thi: 0.4999941 
2552 Rop: 33.14906638834 Str:  69 MRstruts:   0 Thi: 0.4999941 
2553 Rop: 33.14906624963 Str:  69 MRstruts:   0 Thi: 0.4999941 
2554 Rop: 33.14906622691 Str:  69 MRstruts:   0 Thi: 0.4999941 
2555 Rop: 33.14906621861 Str:  69 MRstruts:   0 Thi: 0.4999941 
2556 Rop: 33.14906621330 Str:  69 MRstruts:   0 Thi: 0.4999941 
2557 Rop: 33.14906587698 Str:  69 MRstruts:   0 Thi: 0.4999941 
2558 Rop: 33.14906586976 Str:  69 MRstruts:   0 Thi: 0.4999941 
2559 Rop: 33.14906586430 Str:  69 MRstruts:   0 Thi: 0.4999941 
2560 Rop: 33.14906581351 Str:  69 MRstruts:   0 Thi: 0.4999941 
2561 Rop: 33.14906580186 Str:  69 MRstruts:   0 Thi: 0.4999941 
2562 Rop: 33.14906579645 Str:  69 MRstruts:   0 Thi: 0.4999941 
2563 Rop: 33.14906578405 Str:  69 MRstruts:   0 Thi: 0.4999941 
2564 Rop: 33.14906577881 Str:  69 MRstruts:   0 Thi: 0.4999941 
2565 Rop: 33.14906564237 Str:  69 MRstruts:   0 Thi: 0.4999941 
2566 Rop: 33.14906561988 Str:  69 MRstruts:   0 Thi: 0.4999941 
2567 Rop: 33.14906561174 Str:  69 MRstruts:   0 Thi: 0.4999941 
2568 Rop: 33.14906560663 Str:  69 MRstruts:   0 Thi: 0.4999941 
2569 Rop: 33.14906527858 Str:  69 MRstruts:   0 Thi: 0.4999941 
2570 Rop: 33.14906527385 Str:  69 MRstruts:   0 Thi: 0.4999941 
2571 Rop: 33.14906526656 Str:  69 MRstruts:   0 Thi: 0.4999941 
2572 Rop: 33.14906525954 Str:  69 MRstruts:   0 Thi: 0.4999941 
2573 Rop: 33.14906525258 Str:  69 MRstruts:   0 Thi: 0.4999941 
2574 Rop: 33.14906524501 Str:  69 MRstruts:   0 Thi: 0.4999941 
2575 Rop: 33.14906523891 Str:  69 MRstruts:   0 Thi: 0.4999941 
2576 Rop: 33.14906522718 Str:  69 MRstruts:   0 Thi: 0.4999941 
2577 Rop: 33.14906522229 Str:  69 MRstruts:   0 Thi: 0.4999941 
2578 Rop: 33.14906517217 Str:  69 MRstruts:   0 Thi: 0.4999941 
2579 Rop: 33.14906516247 Str:  69 MRstruts:   0 Thi: 0.4999941 
2580 Rop: 33.14906515740 Str:  69 MRstruts:   0 Thi: 0.4999941 
2581 Rop: 33.14906510950 Str:  69 MRstruts:   0 Thi: 0.4999941 
2582 Rop: 33.14906509852 Str:  69 MRstruts:   0 Thi: 0.4999941 
2583 Rop: 33.14906509338 Str:  69 MRstruts:   0 Thi: 0.4999941 
2584 Rop: 33.14906508153 Str:  69 MRstruts:   0 Thi: 0.4999941 
2585 Rop: 33.14906507652 Str:  69 MRstruts:   0 Thi: 0.4999941 
2586 Rop: 33.14906494542 Str:  69 MRstruts:   0 Thi: 0.4999941 
2587 Rop: 33.14906492382 Str:  69 MRstruts:   0 Thi: 0.4999941 
2588 Rop: 33.14906491597 Str:  69 MRstruts:   0 Thi: 0.4999941 
2589 Rop: 33.14906491118 Str:  69 MRstruts:   0 Thi: 0.4999941 
2590 Rop: 33.14906471943 Str:  69 MRstruts:   0 Thi: 0.4999941 
2591 Rop: 33.14906470738 Str:  69 MRstruts:   0 Thi: 0.4999941 
2592 Rop: 33.14906470202 Str:  69 MRstruts:   0 Thi: 0.4999941 
2593 Rop: 33.14906469381 Str:  69 MRstruts:   0 Thi: 0.4999941 
2594 Rop: 33.14906468863 Str:  69 MRstruts:   0 Thi: 0.4999941 
2595 Rop: 33.14906465867 Str:  69 MRstruts:   0 Thi: 0.4999941 
2596 Rop: 33.14906465098 Str:  69 MRstruts:   0 Thi: 0.4999941 
2597 Rop: 33.14906464624 Str:  69 MRstruts:   0 Thi: 0.4999941 
2598 Rop: 33.14906440102 Str:  69 MRstruts:   0 Thi: 0.4999941 
2599 Rop: 33.14906439326 Str:  69 MRstruts:   0 Thi: 0.4999941 
2600 Rop: 33.14906438834 Str:  69 MRstruts:   0 Thi: 0.4999941 
2601 Rop: 33.14906414926 Str:  69 MRstruts:   0 Thi: 0.4999941 
2602 Rop: 33.14906412790 Str:  69 MRstruts:   0 Thi: 0.4999941 
2603 Rop: 33.14906411584 Str:  69 MRstruts:   0 Thi: 0.4999941 
2604 Rop: 33.14906409917 Str:  69 MRstruts:   0 Thi: 0.4999941 
2605 Rop: 33.14906409354 Str:  69 MRstruts:   0 Thi: 0.4999941 
2606 Rop: 33.14906391484 Str:  69 MRstruts:   0 Thi: 0.4999941 
2607 Rop: 33.14906387208 Str:  69 MRstruts:   0 Thi: 0.4999941 
2608 Rop: 33.14906384706 Str:  69 MRstruts:   0 Thi: 0.4999941 
2609 Rop: 33.14906384130 Str:  69 MRstruts:   0 Thi: 0.4999941 
2610 Rop: 33.14906377061 Str:  69 MRstruts:   0 Thi: 0.4999941 
2611 Rop: 33.14906375170 Str:  69 MRstruts:   0 Thi: 0.4999941 
2612 Rop: 33.14906373940 Str:  69 MRstruts:   0 Thi: 0.4999941 
2613 Rop: 33.14906367717 Str:  69 MRstruts:   0 Thi: 0.4999941 
2614 Rop: 33.14906362172 Str:  69 MRstruts:   0 Thi: 0.4999941 
2615 Rop: 33.14906358343 Str:  69 MRstruts:   0 Thi: 0.4999941 
2616 Rop: 33.14906355763 Str:  69 MRstruts:   0 Thi: 0.4999941 
2617 Rop: 33.14906354605 Str:  69 MRstruts:   0 Thi: 0.4999941 
2618 Rop: 33.14906353876 Str:  69 MRstruts:   0 Thi: 0.4999941 
2619 Rop: 33.14906352999 Str:  69 MRstruts:   0 Thi: 0.4999941 
2620 Rop: 33.14906352472 Str:  69 MRstruts:   0 Thi: 0.4999941 
2621 Rop: 33.14906349364 Str:  69 MRstruts:   0 Thi: 0.4999941 
2622 Rop: 33.14906348649 Str:  69 MRstruts:   0 Thi: 0.4999941 
2623 Rop: 33.14906348164 Str:  69 MRstruts:   0 Thi: 0.4999941 
2624 Rop: 33.14906340961 Str:  69 MRstruts:   0 Thi: 0.4999941 
2625 Rop: 33.14906339882 Str:  69 MRstruts:   0 Thi: 0.4999941 
2626 Rop: 33.14906339385 Str:  69 MRstruts:   0 Thi: 0.4999941 
2627 Rop: 33.14906338155 Str:  69 MRstruts:   0 Thi: 0.4999941 
2628 Rop: 33.14906337695 Str:  69 MRstruts:   0 Thi: 0.4999941 
2629 Rop: 33.14906335468 Str:  69 MRstruts:   0 Thi: 0.4999941 
2630 Rop: 33.14906334875 Str:  69 MRstruts:   0 Thi: 0.4999941 
2631 Rop: 33.14906334269 Str:  69 MRstruts:   0 Thi: 0.4999941 
2632 Rop: 33.14906333518 Str:  69 MRstruts:   0 Thi: 0.4999941 
2633 Rop: 33.14906332968 Str:  69 MRstruts:   0 Thi: 0.4999941 
2634 Rop: 33.14906331836 Str:  69 MRstruts:   0 Thi: 0.4999941 
2635 Rop: 33.14906331370 Str:  69 MRstruts:   0 Thi: 0.4999941 
2636 Rop: 33.14906321176 Str:  69 MRstruts:   0 Thi: 0.4999941 
2637 Rop: 33.14906319286 Str:  69 MRstruts:   0 Thi: 0.4999941 
2638 Rop: 33.14906318592 Str:  69 MRstruts:   0 Thi: 0.4999941 
2639 Rop: 33.14906318137 Str:  69 MRstruts:   0 Thi: 0.4999941 
2640 Rop: 33.14906292728 Str:  69 MRstruts:   0 Thi: 0.4999941 
2641 Rop: 33.14906290974 Str:  69 MRstruts:   0 Thi: 0.4999941 
2642 Rop: 33.14906290314 Str:  69 MRstruts:   0 Thi: 0.4999941 
2643 Rop: 33.14906289877 Str:  69 MRstruts:   0 Thi: 0.4999941 
2644 Rop: 33.14906261929 Str:  69 MRstruts:   0 Thi: 0.4999941 
2645 Rop: 33.14906260579 Str:  69 MRstruts:   0 Thi: 0.4999941 
2646 Rop: 33.14906258848 Str:  69 MRstruts:   0 Thi: 0.4999941 
2647 Rop: 33.14906258402 Str:  69 MRstruts:   0 Thi: 0.4999941 
2648 Rop: 33.14906257357 Str:  69 MRstruts:   0 Thi: 0.4999941 
2649 Rop: 33.14906256917 Str:  69 MRstruts:   0 Thi: 0.4999941 
2650 Rop: 33.14906240219 Str:  69 MRstruts:   0 Thi: 0.4999941 
2651 Rop: 33.14906237933 Str:  69 MRstruts:   0 Thi: 0.4999941 
2652 Rop: 33.14906237066 Str:  69 MRstruts:   0 Thi: 0.4999941 
2653 Rop: 33.14906236602 Str:  69 MRstruts:   0 Thi: 0.4999941 
2654 Rop: 33.14906235289 Str:  69 MRstruts:   0 Thi: 0.4999941 
2655 Rop: 33.14906234790 Str:  69 MRstruts:   0 Thi: 0.4999941 
2656 Rop: 33.14906224869 Str:  69 MRstruts:   0 Thi: 0.4999941 
2657 Rop: 33.14906218402 Str:  69 MRstruts:   0 Thi: 0.4999941 
2658 Rop: 33.14906217011 Str:  69 MRstruts:   0 Thi: 0.4999941 
2659 Rop: 33.14906215291 Str:  69 MRstruts:   0 Thi: 0.4999941 
2660 Rop: 33.14906213279 Str:  69 MRstruts:   0 Thi: 0.4999941 
2661 Rop: 33.14906211679 Str:  69 MRstruts:   0 Thi: 0.4999941 
2662 Rop: 33.14906210258 Str:  69 MRstruts:   0 Thi: 0.4999941 
2663 Rop: 33.14906209186 Str:  69 MRstruts:   0 Thi: 0.4999941 
2664 Rop: 33.14906208488 Str:  69 MRstruts:   0 Thi: 0.4999941 
2665 Rop: 33.14906206369 Str:  69 MRstruts:   0 Thi: 0.4999941 
2666 Rop: 33.14906205788 Str:  69 MRstruts:   0 Thi: 0.4999941 
2667 Rop: 33.14906205324 Str:  69 MRstruts:   0 Thi: 0.4999941 
2668 Rop: 33.14906201050 Str:  69 MRstruts:   0 Thi: 0.4999941 
2669 Rop: 33.14906200042 Str:  69 MRstruts:   0 Thi: 0.4999941 
2670 Rop: 33.14906199580 Str:  69 MRstruts:   0 Thi: 0.4999941 
2671 Rop: 33.14906198673 Str:  69 MRstruts:   0 Thi: 0.4999941 
2672 Rop: 33.14906198215 Str:  69 MRstruts:   0 Thi: 0.4999941 
2673 Rop: 33.14906187528 Str:  69 MRstruts:   0 Thi: 0.4999941 
2674 Rop: 33.14906186322 Str:  69 MRstruts:   0 Thi: 0.4999941 
2675 Rop: 33.14906185809 Str:  69 MRstruts:   0 Thi: 0.4999941 
2676 Rop: 33.14906185107 Str:  69 MRstruts:   0 Thi: 0.4999941 
2677 Rop: 33.14906184621 Str:  69 MRstruts:   0 Thi: 0.4999941 
2678 Rop: 33.14906182799 Str:  69 MRstruts:   0 Thi: 0.4999941 
2679 Rop: 33.14906182266 Str:  69 MRstruts:   0 Thi: 0.4999941 
2680 Rop: 33.14906181753 Str:  69 MRstruts:   0 Thi: 0.4999941 
2681 Rop: 33.14906180511 Str:  69 MRstruts:   0 Thi: 0.4999941 
2682 Rop: 33.14906180069 Str:  69 MRstruts:   0 Thi: 0.4999941 
2683 Rop: 33.14906178885 Str:  69 MRstruts:   0 Thi: 0.4999941 
2684 Rop: 33.14906178438 Str:  69 MRstruts:   0 Thi: 0.4999941 
2685 Rop: 33.14906174914 Str:  69 MRstruts:   0 Thi: 0.4999941 
2686 Rop: 33.14906174054 Str:  69 MRstruts:   0 Thi: 0.4999941 
2687 Rop: 33.14906173622 Str:  69 MRstruts:   0 Thi: 0.4999941 
2688 Rop: 33.14906172004 Str:  69 MRstruts:   0 Thi: 0.4999941 
2689 Rop: 33.14906171518 Str:  69 MRstruts:   0 Thi: 0.4999941 
2690 Rop: 33.14906170627 Str:  69 MRstruts:   0 Thi: 0.4999941 
2691 Rop: 33.14906170203 Str:  69 MRstruts:   0 Thi: 0.4999941 
2692 Rop: 33.14906147517 Str:  69 MRstruts:   0 Thi: 0.4999941 
2693 Rop: 33.14906146878 Str:  69 MRstruts:   0 Thi: 0.4999941 
2694 Rop: 33.14906146424 Str:  69 MRstruts:   0 Thi: 0.4999941 
2695 Rop: 33.14906141105 Str:  69 MRstruts:   0 Thi: 0.4999941 
2696 Rop: 33.14906140174 Str:  69 MRstruts:   0 Thi: 0.4999941 
2697 Rop: 33.14906139720 Str:  69 MRstruts:   0 Thi: 0.4999941 
2698 Rop: 33.14906137399 Str:  69 MRstruts:   0 Thi: 0.4999941 
2699 Rop: 33.14906136757 Str:  69 MRstruts:   0 Thi: 0.4999941 
2700 Rop: 33.14906136312 Str:  69 MRstruts:   0 Thi: 0.4999941 
2701 Rop: 33.14906128005 Str:  69 MRstruts:   0 Thi: 0.4999941 
2702 Rop: 33.14906126343 Str:  69 MRstruts:   0 Thi: 0.4999941 
2703 Rop: 33.14906125717 Str:  69 MRstruts:   0 Thi: 0.4999941 
2704 Rop: 33.14906125282 Str:  69 MRstruts:   0 Thi: 0.4999941 
2705 Rop: 33.14906113280 Str:  69 MRstruts:   0 Thi: 0.4999941 
2706 Rop: 33.14906111285 Str:  69 MRstruts:   0 Thi: 0.4999941 
2707 Rop: 33.14906110559 Str:  69 MRstruts:   0 Thi: 0.4999941 
2708 Rop: 33.14906110157 Str:  69 MRstruts:   0 Thi: 0.4999941 
2709 Rop: 33.14906107999 Str:  69 MRstruts:   0 Thi: 0.4999941 
2710 Rop: 33.14906107505 Str:  69 MRstruts:   0 Thi: 0.4999941 
2711 Rop: 33.14906106930 Str:  69 MRstruts:   0 Thi: 0.4999941 
2712 Rop: 33.14906106206 Str:  69 MRstruts:   0 Thi: 0.4999941 
2713 Rop: 33.14906105700 Str:  69 MRstruts:   0 Thi: 0.4999941 
2714 Rop: 33.14906104498 Str:  69 MRstruts:   0 Thi: 0.4999941 
2715 Rop: 33.14906104053 Str:  69 MRstruts:   0 Thi: 0.4999941 
2716 Rop: 33.14906101069 Str:  69 MRstruts:   0 Thi: 0.4999941 
2717 Rop: 33.14906100308 Str:  69 MRstruts:   0 Thi: 0.4999941 
2718 Rop: 33.14906099886 Str:  69 MRstruts:   0 Thi: 0.4999941 
2719 Rop: 33.14906094452 Str:  69 MRstruts:   0 Thi: 0.4999941 
2720 Rop: 33.14906093465 Str:  69 MRstruts:   0 Thi: 0.4999941 
2721 Rop: 33.14906092998 Str:  69 MRstruts:   0 Thi: 0.4999941 
2722 Rop: 33.14906090251 Str:  69 MRstruts:   0 Thi: 0.4999941 
2723 Rop: 33.14906089455 Str:  69 MRstruts:   0 Thi: 0.4999941 
2724 Rop: 33.14906088993 Str:  69 MRstruts:   0 Thi: 0.4999941 
2725 Rop: 33.14906070295 Str:  69 MRstruts:   0 Thi: 0.4999941 
2726 Rop: 33.14906068102 Str:  69 MRstruts:   0 Thi: 0.4999941 
2727 Rop: 33.14906067237 Str:  69 MRstruts:   0 Thi: 0.4999941 
2728 Rop: 33.14906066794 Str:  69 MRstruts:   0 Thi: 0.4999941 
2729 Rop: 33.14906066210 Str:  69 MRstruts:   0 Thi: 0.4999941 
2730 Rop: 33.14906065318 Str:  69 MRstruts:   0 Thi: 0.4999941 
2731 Rop: 33.14906064918 Str:  69 MRstruts:   0 Thi: 0.4999941 
2732 Rop: 33.14906053491 Str:  69 MRstruts:   0 Thi: 0.4999941 
2733 Rop: 33.14906051804 Str:  69 MRstruts:   0 Thi: 0.4999941 
2734 Rop: 33.14906050956 Str:  69 MRstruts:   0 Thi: 0.4999941 
2735 Rop: 33.14906050024 Str:  69 MRstruts:   0 Thi: 0.4999941 
2736 Rop: 33.14906049451 Str:  69 MRstruts:   0 Thi: 0.4999941 
2737 Rop: 33.14906047736 Str:  69 MRstruts:   0 Thi: 0.4999940 
2738 Rop: 33.14906047260 Str:  69 MRstruts:   0 Thi: 0.4999940 
2739 Rop: 33.14906046489 Str:  69 MRstruts:   0 Thi: 0.4999940 
2740 Rop: 33.14906046065 Str:  69 MRstruts:   0 Thi: 0.4999940 
2741 Rop: 33.14906036473 Str:  69 MRstruts:   0 Thi: 0.4999940 
2742 Rop: 33.14906034575 Str:  69 MRstruts:   0 Thi: 0.4999940 
2743 Rop: 33.14906033898 Str:  69 MRstruts:   0 Thi: 0.4999940 
2744 Rop: 33.14906033460 Str:  69 MRstruts:   0 Thi: 0.4999940 
2745 Rop: 33.14906018560 Str:  69 MRstruts:   0 Thi: 0.4999940 
2746 Rop: 33.14906016088 Str:  69 MRstruts:   0 Thi: 0.4999940 
2747 Rop: 33.14906015228 Str:  69 MRstruts:   0 Thi: 0.4999940 
2748 Rop: 33.14906014786 Str:  69 MRstruts:   0 Thi: 0.4999940 
2749 Rop: 33.14906011953 Str:  69 MRstruts:   0 Thi: 0.4999940 
2750 Rop: 33.14906011113 Str:  69 MRstruts:   0 Thi: 0.4999940 
2751 Rop: 33.14906010418 Str:  69 MRstruts:   0 Thi: 0.4999940 
2752 Rop: 33.14906009872 Str:  69 MRstruts:   0 Thi: 0.4999940 
2753 Rop: 33.14906009014 Str:  69 MRstruts:   0 Thi: 0.4999940 
2754 Rop: 33.14906008610 Str:  69 MRstruts:   0 Thi: 0.4999940 
2755 Rop: 33.14905989848 Str:  69 MRstruts:   0 Thi: 0.4999940 
2756 Rop: 33.14905988605 Str:  69 MRstruts:   0 Thi: 0.4999940 
2757 Rop: 33.14905987678 Str:  69 MRstruts:   0 Thi: 0.4999940 
2758 Rop: 33.14905987080 Str:  69 MRstruts:   0 Thi: 0.4999940 
2759 Rop: 33.14905985524 Str:  69 MRstruts:   0 Thi: 0.4999940 
2760 Rop: 33.14905985055 Str:  69 MRstruts:   0 Thi: 0.4999940 
2761 Rop: 33.14905984486 Str:  69 MRstruts:   0 Thi: 0.4999940 
2762 Rop: 33.14905983750 Str:  69 MRstruts:   0 Thi: 0.4999940 
2763 Rop: 33.14905983321 Str:  69 MRstruts:   0 Thi: 0.4999940 
2764 Rop: 33.14905978138 Str:  69 MRstruts:   0 Thi: 0.4999940 
2765 Rop: 33.14905976960 Str:  69 MRstruts:   0 Thi: 0.4999940 
2766 Rop: 33.14905976472 Str:  69 MRstruts:   0 Thi: 0.4999940 
2767 Rop: 33.14905975892 Str:  69 MRstruts:   0 Thi: 0.4999940 
2768 Rop: 33.14905975230 Str:  69 MRstruts:   0 Thi: 0.4999940 
2769 Rop: 33.14905974752 Str:  69 MRstruts:   0 Thi: 0.4999940 
2770 Rop: 33.14905973295 Str:  69 MRstruts:   0 Thi: 0.4999940 
2771 Rop: 33.14905972830 Str:  69 MRstruts:   0 Thi: 0.4999940 
2772 Rop: 33.14905972201 Str:  69 MRstruts:   0 Thi: 0.4999940 
2773 Rop: 33.14905971635 Str:  69 MRstruts:   0 Thi: 0.4999940 
2774 Rop: 33.14905971001 Str:  69 MRstruts:   0 Thi: 0.4999940 
2775 Rop: 33.14905970446 Str:  69 MRstruts:   0 Thi: 0.4999940 
2776 Rop: 33.14905969774 Str:  69 MRstruts:   0 Thi: 0.4999940 
2777 Rop: 33.14905969258 Str:  69 MRstruts:   0 Thi: 0.4999940 
2778 Rop: 33.14905968371 Str:  69 MRstruts:   0 Thi: 0.4999940 
2779 Rop: 33.14905967939 Str:  69 MRstruts:   0 Thi: 0.4999940 
2780 Rop: 33.14905952482 Str:  69 MRstruts:   0 Thi: 0.4999940 
2781 Rop: 33.14905951413 Str:  69 MRstruts:   0 Thi: 0.4999940 
2782 Rop: 33.14905950944 Str:  69 MRstruts:   0 Thi: 0.4999940 
2783 Rop: 33.14905950096 Str:  69 MRstruts:   0 Thi: 0.4999940 
2784 Rop: 33.14905949689 Str:  69 MRstruts:   0 Thi: 0.4999940 
2785 Rop: 33.14905925677 Str:  69 MRstruts:   0 Thi: 0.4999940 
2786 Rop: 33.14905925217 Str:  69 MRstruts:   0 Thi: 0.4999940 
2787 Rop: 33.14905924267 Str:  69 MRstruts:   0 Thi: 0.4999940 
2788 Rop: 33.14905923864 Str:  69 MRstruts:   0 Thi: 0.4999940 
2789 Rop: 33.14905919555 Str:  69 MRstruts:   0 Thi: 0.4999940 
2790 Rop: 33.14905918757 Str:  69 MRstruts:   0 Thi: 0.4999940 
2791 Rop: 33.14905918331 Str:  69 MRstruts:   0 Thi: 0.4999940 
2792 Rop: 33.14905913185 Str:  69 MRstruts:   0 Thi: 0.4999940 
2793 Rop: 33.14905912014 Str:  69 MRstruts:   0 Thi: 0.4999940 
2794 Rop: 33.14905911526 Str:  69 MRstruts:   0 Thi: 0.4999940 
2795 Rop: 33.14905910956 Str:  69 MRstruts:   0 Thi: 0.4999940 
2796 Rop: 33.14905910289 Str:  69 MRstruts:   0 Thi: 0.4999940 
2797 Rop: 33.14905909824 Str:  69 MRstruts:   0 Thi: 0.4999940 
2798 Rop: 33.14905908139 Str:  69 MRstruts:   0 Thi: 0.4999940 
2799 Rop: 33.14905907639 Str:  69 MRstruts:   0 Thi: 0.4999940 
2800 Rop: 33.14905907141 Str:  69 MRstruts:   0 Thi: 0.4999940 
2801 Rop: 33.14905906068 Str:  69 MRstruts:   0 Thi: 0.4999940 
2802 Rop: 33.14905905659 Str:  69 MRstruts:   0 Thi: 0.4999940 
2803 Rop: 33.14905903951 Str:  69 MRstruts:   0 Thi: 0.4999940 
2804 Rop: 33.14905903471 Str:  69 MRstruts:   0 Thi: 0.4999940 
2805 Rop: 33.14905902755 Str:  69 MRstruts:   0 Thi: 0.4999940 
2806 Rop: 33.14905902320 Str:  69 MRstruts:   0 Thi: 0.4999940 
2807 Rop: 33.14905898443 Str:  69 MRstruts:   0 Thi: 0.4999940 
2808 Rop: 33.14905897522 Str:  69 MRstruts:   0 Thi: 0.4999940 
2809 Rop: 33.14905897094 Str:  69 MRstruts:   0 Thi: 0.4999940 
2810 Rop: 33.14905896196 Str:  69 MRstruts:   0 Thi: 0.4999940 
2811 Rop: 33.14905895768 Str:  69 MRstruts:   0 Thi: 0.4999940 
2812 Rop: 33.14905875770 Str:  69 MRstruts:   0 Thi: 0.4999940 
2813 Rop: 33.14905875015 Str:  69 MRstruts:   0 Thi: 0.4999940 
2814 Rop: 33.14905874594 Str:  69 MRstruts:   0 Thi: 0.4999940 
2815 Rop: 33.14905865046 Str:  69 MRstruts:   0 Thi: 0.4999940 
2816 Rop: 33.14905863211 Str:  69 MRstruts:   0 Thi: 0.4999940 
2817 Rop: 33.14905862543 Str:  69 MRstruts:   0 Thi: 0.4999940 
2818 Rop: 33.14905862143 Str:  69 MRstruts:   0 Thi: 0.4999940 
2819 Rop: 33.14905850754 Str:  69 MRstruts:   0 Thi: 0.4999940 
2820 Rop: 33.14905849598 Str:  69 MRstruts:   0 Thi: 0.4999940 
2821 Rop: 33.14905849110 Str:  69 MRstruts:   0 Thi: 0.4999940 
2822 Rop: 33.14905848423 Str:  69 MRstruts:   0 Thi: 0.4999940 
2823 Rop: 33.14905847978 Str:  69 MRstruts:   0 Thi: 0.4999940 
2824 Rop: 33.14905845527 Str:  69 MRstruts:   0 Thi: 0.4999940 
2825 Rop: 33.14905844879 Str:  69 MRstruts:   0 Thi: 0.4999940 
2826 Rop: 33.14905844478 Str:  69 MRstruts:   0 Thi: 0.4999940 
2827 Rop: 33.14905829787 Str:  69 MRstruts:   0 Thi: 0.4999940 
2828 Rop: 33.14905828746 Str:  69 MRstruts:   0 Thi: 0.4999940 
2829 Rop: 33.14905828285 Str:  69 MRstruts:   0 Thi: 0.4999940 
2830 Rop: 33.14905827410 Str:  69 MRstruts:   0 Thi: 0.4999940 
2831 Rop: 33.14905827013 Str:  69 MRstruts:   0 Thi: 0.4999940 
2832 Rop: 33.14905817621 Str:  69 MRstruts:   0 Thi: 0.4999940 
2833 Rop: 33.14905816637 Str:  69 MRstruts:   0 Thi: 0.4999940 
2834 Rop: 33.14905816183 Str:  69 MRstruts:   0 Thi: 0.4999940 
2835 Rop: 33.14905815270 Str:  69 MRstruts:   0 Thi: 0.4999940 
2836 Rop: 33.14905814874 Str:  69 MRstruts:   0 Thi: 0.4999940 
2837 Rop: 33.14905807831 Str:  69 MRstruts:   0 Thi: 0.4999940 
2838 Rop: 33.14905806975 Str:  69 MRstruts:   0 Thi: 0.4999940 
2839 Rop: 33.14905806390 Str:  69 MRstruts:   0 Thi: 0.4999940 
2840 Rop: 33.14905803783 Str:  69 MRstruts:   0 Thi: 0.4999940 
2841 Rop: 33.14905803017 Str:  69 MRstruts:   0 Thi: 0.4999940 
2842 Rop: 33.14905802284 Str:  69 MRstruts:   0 Thi: 0.4999940 
2843 Rop: 33.14905801355 Str:  69 MRstruts:   0 Thi: 0.4999940 
2844 Rop: 33.14905800917 Str:  69 MRstruts:   0 Thi: 0.4999940 
2845 Rop: 33.14905790972 Str:  69 MRstruts:   0 Thi: 0.4999940 
2846 Rop: 33.14905789740 Str:  69 MRstruts:   0 Thi: 0.4999940 
2847 Rop: 33.14905788863 Str:  69 MRstruts:   0 Thi: 0.4999940 
2848 Rop: 33.14905786648 Str:  69 MRstruts:   0 Thi: 0.4999940 
2849 Rop: 33.14905786015 Str:  69 MRstruts:   0 Thi: 0.4999940 
2850 Rop: 33.14905784309 Str:  69 MRstruts:   0 Thi: 0.4999940 
2851 Rop: 33.14905783501 Str:  69 MRstruts:   0 Thi: 0.4999940 
2852 Rop: 33.14905780052 Str:  69 MRstruts:   0 Thi: 0.4999940 
2853 Rop: 33.14905779047 Str:  69 MRstruts:   0 Thi: 0.4999940 
2854 Rop: 33.14905778045 Str:  69 MRstruts:   0 Thi: 0.4999940 
2855 Rop: 33.14905777117 Str:  69 MRstruts:   0 Thi: 0.4999940 
2856 Rop: 33.14905776498 Str:  69 MRstruts:   0 Thi: 0.4999940 
2857 Rop: 33.14905775740 Str:  69 MRstruts:   0 Thi: 0.4999940 
2858 Rop: 33.14905775326 Str:  69 MRstruts:   0 Thi: 0.4999940 
2859 Rop: 33.14905764062 Str:  69 MRstruts:   0 Thi: 0.4999940 
2860 Rop: 33.14905761943 Str:  69 MRstruts:   0 Thi: 0.4999940 
2861 Rop: 33.14905761188 Str:  69 MRstruts:   0 Thi: 0.4999940 
2862 Rop: 33.14905760786 Str:  69 MRstruts:   0 Thi: 0.4999940 
2863 Rop: 33.14905758884 Str:  69 MRstruts:   0 Thi: 0.4999940 
2864 Rop: 33.14905758391 Str:  69 MRstruts:   0 Thi: 0.4999940 
2865 Rop: 33.14905757683 Str:  69 MRstruts:   0 Thi: 0.4999940 
2866 Rop: 33.14905757243 Str:  69 MRstruts:   0 Thi: 0.4999940 
2867 Rop: 33.14905754596 Str:  69 MRstruts:   0 Thi: 0.4999940 
2868 Rop: 33.14905753916 Str:  69 MRstruts:   0 Thi: 0.4999940 
2869 Rop: 33.14905753517 Str:  69 MRstruts:   0 Thi: 0.4999940 
2870 Rop: 33.14905745064 Str:  69 MRstruts:   0 Thi: 0.4999940 
2871 Rop: 33.14905743833 Str:  69 MRstruts:   0 Thi: 0.4999940 
2872 Rop: 33.14905743309 Str:  69 MRstruts:   0 Thi: 0.4999940 
2873 Rop: 33.14905742530 Str:  69 MRstruts:   0 Thi: 0.4999940 
2874 Rop: 33.14905742081 Str:  69 MRstruts:   0 Thi: 0.4999940 
2875 Rop: 33.14905739214 Str:  69 MRstruts:   0 Thi: 0.4999940 
2876 Rop: 33.14905738481 Str:  69 MRstruts:   0 Thi: 0.4999940 
2877 Rop: 33.14905738083 Str:  69 MRstruts:   0 Thi: 0.4999940 
2878 Rop: 33.14905735718 Str:  69 MRstruts:   0 Thi: 0.4999940 
2879 Rop: 33.14905735176 Str:  69 MRstruts:   0 Thi: 0.4999940 
2880 Rop: 33.14905734594 Str:  69 MRstruts:   0 Thi: 0.4999940 
2881 Rop: 33.14905733962 Str:  69 MRstruts:   0 Thi: 0.4999940 
2882 Rop: 33.14905733424 Str:  69 MRstruts:   0 Thi: 0.4999940 
2883 Rop: 33.14905732742 Str:  69 MRstruts:   0 Thi: 0.4999940 
2884 Rop: 33.14905732253 Str:  69 MRstruts:   0 Thi: 0.4999940 
2885 Rop: 33.14905731219 Str:  69 MRstruts:   0 Thi: 0.4999940 
2886 Rop: 33.14905730802 Str:  69 MRstruts:   0 Thi: 0.4999940 
2887 Rop: 33.14905722376 Str:  69 MRstruts:   0 Thi: 0.4999940 
2888 Rop: 33.14905720674 Str:  69 MRstruts:   0 Thi: 0.4999940 
2889 Rop: 33.14905720045 Str:  69 MRstruts:   0 Thi: 0.4999940 
2890 Rop: 33.14905719646 Str:  69 MRstruts:   0 Thi: 0.4999940 
2891 Rop: 33.14905696820 Str:  68 MRstruts:   0 Thi: 0.4999940 
2892 Rop: 33.14905397894 Str:  69 MRstruts:   0 Thi: 0.4999940 
2893 Rop: 33.14905396649 Str:  69 MRstruts:   0 Thi: 0.4999940 
2894 Rop: 33.14905395762 Str:  69 MRstruts:   0 Thi: 0.4999940 
2895 Rop: 33.14905394968 Str:  69 MRstruts:   0 Thi: 0.4999940 
2896 Rop: 33.14905394345 Str:  69 MRstruts:   0 Thi: 0.4999940 
2897 Rop: 33.14905393480 Str:  69 MRstruts:   0 Thi: 0.4999940 
2898 Rop: 33.14905393029 Str:  69 MRstruts:   0 Thi: 0.4999940 
2899 Rop: 33.14905384741 Str:  69 MRstruts:   0 Thi: 0.4999940 
2900 Rop: 33.14905383332 Str:  69 MRstruts:   0 Thi: 0.4999940 
2901 Rop: 33.14905382778 Str:  69 MRstruts:   0 Thi: 0.4999940 
2902 Rop: 33.14905382127 Str:  69 MRstruts:   0 Thi: 0.4999940 
2903 Rop: 33.14905381462 Str:  69 MRstruts:   0 Thi: 0.4999940 
2904 Rop: 33.14905380954 Str:  69 MRstruts:   0 Thi: 0.4999940 
2905 Rop: 33.14905379678 Str:  69 MRstruts:   0 Thi: 0.4999940 
2906 Rop: 33.14905379236 Str:  69 MRstruts:   0 Thi: 0.4999940 
2907 Rop: 33.14905378368 Str:  69 MRstruts:   0 Thi: 0.4999940 
2908 Rop: 33.14905377924 Str:  69 MRstruts:   0 Thi: 0.4999940 
2909 Rop: 33.14905369596 Str:  69 MRstruts:   0 Thi: 0.4999940 
2910 Rop: 33.14905368538 Str:  69 MRstruts:   0 Thi: 0.4999940 
2911 Rop: 33.14905368069 Str:  69 MRstruts:   0 Thi: 0.4999940 
2912 Rop: 33.14905367334 Str:  69 MRstruts:   0 Thi: 0.4999940 
2913 Rop: 33.14905366893 Str:  69 MRstruts:   0 Thi: 0.4999940 
2914 Rop: 33.14905363223 Str:  69 MRstruts:   0 Thi: 0.4999940 
2915 Rop: 33.14905362381 Str:  69 MRstruts:   0 Thi: 0.4999940 
2916 Rop: 33.14905361963 Str:  69 MRstruts:   0 Thi: 0.4999940 
2917 Rop: 33.14905360652 Str:  69 MRstruts:   0 Thi: 0.4999940 
2918 Rop: 33.14905360210 Str:  69 MRstruts:   0 Thi: 0.4999940 
2919 Rop: 33.14905358683 Str:  69 MRstruts:   0 Thi: 0.4999940 
2920 Rop: 33.14905358211 Str:  69 MRstruts:   0 Thi: 0.4999940 
2921 Rop: 33.14905357621 Str:  69 MRstruts:   0 Thi: 0.4999940 
2922 Rop: 33.14905356987 Str:  69 MRstruts:   0 Thi: 0.4999940 
2923 Rop: 33.14905356481 Str:  69 MRstruts:   0 Thi: 0.4999940 
2924 Rop: 33.14905355445 Str:  69 MRstruts:   0 Thi: 0.4999940 
2925 Rop: 33.14905355037 Str:  69 MRstruts:   0 Thi: 0.4999940 
2926 Rop: 33.14905352688 Str:  69 MRstruts:   0 Thi: 0.4999940 
2927 Rop: 33.14905352121 Str:  69 MRstruts:   0 Thi: 0.4999940 
2928 Rop: 33.14905351634 Str:  69 MRstruts:   0 Thi: 0.4999940 
2929 Rop: 33.14905350375 Str:  69 MRstruts:   0 Thi: 0.4999940 
2930 Rop: 33.14905349940 Str:  69 MRstruts:   0 Thi: 0.4999940 
2931 Rop: 33.14905348066 Str:  69 MRstruts:   0 Thi: 0.4999940 
2932 Rop: 33.14905347530 Str:  69 MRstruts:   0 Thi: 0.4999940 
2933 Rop: 33.14905347074 Str:  69 MRstruts:   0 Thi: 0.4999940 
2934 Rop: 33.14905344924 Str:  69 MRstruts:   0 Thi: 0.4999940 
2935 Rop: 33.14905344337 Str:  69 MRstruts:   0 Thi: 0.4999940 
2936 Rop: 33.14905343914 Str:  69 MRstruts:   0 Thi: 0.4999940 
2937 Rop: 33.14905334779 Str:  69 MRstruts:   0 Thi: 0.4999940 
2938 Rop: 33.14905333007 Str:  69 MRstruts:   0 Thi: 0.4999940 
2939 Rop: 33.14905332352 Str:  69 MRstruts:   0 Thi: 0.4999940 
2940 Rop: 33.14905331947 Str:  69 MRstruts:   0 Thi: 0.4999940 
2941 Rop: 33.14905314281 Str:  69 MRstruts:   0 Thi: 0.4999940 
2942 Rop: 33.14905313273 Str:  69 MRstruts:   0 Thi: 0.4999940 
2943 Rop: 33.14905312816 Str:  69 MRstruts:   0 Thi: 0.4999940 
2944 Rop: 33.14905311833 Str:  69 MRstruts:   0 Thi: 0.4999940 
2945 Rop: 33.14905311429 Str:  69 MRstruts:   0 Thi: 0.4999940 
2946 Rop: 33.14905308257 Str:  69 MRstruts:   0 Thi: 0.4999940 
2947 Rop: 33.14905307590 Str:  69 MRstruts:   0 Thi: 0.4999940 
2948 Rop: 33.14905307159 Str:  69 MRstruts:   0 Thi: 0.4999940 
2949 Rop: 33.14905293006 Str:  69 MRstruts:   0 Thi: 0.4999940 
2950 Rop: 33.14905291875 Str:  69 MRstruts:   0 Thi: 0.4999940 
2951 Rop: 33.14905291393 Str:  69 MRstruts:   0 Thi: 0.4999940 
2952 Rop: 33.14905290721 Str:  69 MRstruts:   0 Thi: 0.4999940 
2953 Rop: 33.14905290259 Str:  69 MRstruts:   0 Thi: 0.4999940 
2954 Rop: 33.14905288431 Str:  69 MRstruts:   0 Thi: 0.4999940 
2955 Rop: 33.14905287907 Str:  69 MRstruts:   0 Thi: 0.4999940 
2956 Rop: 33.14905287440 Str:  69 MRstruts:   0 Thi: 0.4999940 
2957 Rop: 33.14905285747 Str:  69 MRstruts:   0 Thi: 0.4999940 
2958 Rop: 33.14905285247 Str:  69 MRstruts:   0 Thi: 0.4999940 
2959 Rop: 33.14905284748 Str:  69 MRstruts:   0 Thi: 0.4999940 
2960 Rop: 33.14905283674 Str:  69 MRstruts:   0 Thi: 0.4999940 
2961 Rop: 33.14905283264 Str:  69 MRstruts:   0 Thi: 0.4999940 
2962 Rop: 33.14905281567 Str:  69 MRstruts:   0 Thi: 0.4999940 
2963 Rop: 33.14905281088 Str:  69 MRstruts:   0 Thi: 0.4999940 
2964 Rop: 33.14905280345 Str:  69 MRstruts:   0 Thi: 0.4999940 
2965 Rop: 33.14905279919 Str:  69 MRstruts:   0 Thi: 0.4999940 
2966 Rop: 33.14905273214 Str:  69 MRstruts:   0 Thi: 0.4999940 
2967 Rop: 33.14905271791 Str:  69 MRstruts:   0 Thi: 0.4999940 
2968 Rop: 33.14905271236 Str:  69 MRstruts:   0 Thi: 0.4999940 
2969 Rop: 33.14905270800 Str:  69 MRstruts:   0 Thi: 0.4999940 
2970 Rop: 33.14905266870 Str:  69 MRstruts:   0 Thi: 0.4999940 
2971 Rop: 33.14905265942 Str:  69 MRstruts:   0 Thi: 0.4999940 
2972 Rop: 33.14905265510 Str:  69 MRstruts:   0 Thi: 0.4999940 
2973 Rop: 33.14905264667 Str:  69 MRstruts:   0 Thi: 0.4999940 
2974 Rop: 33.14905264231 Str:  69 MRstruts:   0 Thi: 0.4999940 
2975 Rop: 33.14905256979 Str:  69 MRstruts:   0 Thi: 0.4999940 
2976 Rop: 33.14905255949 Str:  69 MRstruts:   0 Thi: 0.4999940 
2977 Rop: 33.14905255489 Str:  69 MRstruts:   0 Thi: 0.4999940 
2978 Rop: 33.14905254565 Str:  69 MRstruts:   0 Thi: 0.4999940 
2979 Rop: 33.14905254163 Str:  69 MRstruts:   0 Thi: 0.4999940 
2980 Rop: 33.14905248442 Str:  69 MRstruts:   0 Thi: 0.4999940 
2981 Rop: 33.14905247515 Str:  69 MRstruts:   0 Thi: 0.4999940 
2982 Rop: 33.14905247074 Str:  69 MRstruts:   0 Thi: 0.4999940 
2983 Rop: 33.14905245696 Str:  69 MRstruts:   0 Thi: 0.4999940 
2984 Rop: 33.14905245248 Str:  69 MRstruts:   0 Thi: 0.4999940 
2985 Rop: 33.14905244563 Str:  69 MRstruts:   0 Thi: 0.4999940 
2986 Rop: 33.14905244063 Str:  69 MRstruts:   0 Thi: 0.4999940 
2987 Rop: 33.14905243044 Str:  69 MRstruts:   0 Thi: 0.4999940 
2988 Rop: 33.14905242621 Str:  69 MRstruts:   0 Thi: 0.4999940 
2989 Rop: 33.14905230619 Str:  69 MRstruts:   0 Thi: 0.4999940 
2990 Rop: 33.14905228490 Str:  69 MRstruts:   0 Thi: 0.4999940 
2991 Rop: 33.14905227734 Str:  69 MRstruts:   0 Thi: 0.4999940 
2992 Rop: 33.14905227330 Str:  69 MRstruts:   0 Thi: 0.4999940 
2993 Rop: 33.14905224979 Str:  69 MRstruts:   0 Thi: 0.4999940 
2994 Rop: 33.14905224416 Str:  69 MRstruts:   0 Thi: 0.4999940 
2995 Rop: 33.14905223926 Str:  69 MRstruts:   0 Thi: 0.4999940 
2996 Rop: 33.14905222778 Str:  69 MRstruts:   0 Thi: 0.4999940 
2997 Rop: 33.14905222353 Str:  69 MRstruts:   0 Thi: 0.4999940 
2998 Rop: 33.14905218745 Str:  69 MRstruts:   0 Thi: 0.4999940 
2999 Rop: 33.14905217877 Str:  69 MRstruts:   0 Thi: 0.4999940 
3000 Rop: 33.14905217458 Str:  69 MRstruts:   0 Thi: 0.4999940 
3001 Rop: 33.14905216371 Str:  69 MRstruts:   0 Thi: 0.4999940 
3002 Rop: 33.14905215948 Str:  69 MRstruts:   0 Thi: 0.4999940 
3003 Rop: 33.14905210466 Str:  69 MRstruts:   0 Thi: 0.4999940 
3004 Rop: 33.14905209242 Str:  69 MRstruts:   0 Thi: 0.4999940 
3005 Rop: 33.14905208740 Str:  69 MRstruts:   0 Thi: 0.4999940 
3006 Rop: 33.14905208250 Str:  69 MRstruts:   0 Thi: 0.4999940 
3007 Rop: 33.14905207079 Str:  69 MRstruts:   0 Thi: 0.4999940 
3008 Rop: 33.14905206660 Str:  69 MRstruts:   0 Thi: 0.4999940 
3009 Rop: 33.14905205557 Str:  69 MRstruts:   0 Thi: 0.4999940 
3010 Rop: 33.14905205133 Str:  69 MRstruts:   0 Thi: 0.4999940 
3011 Rop: 33.14905200116 Str:  69 MRstruts:   0 Thi: 0.4999940 
3012 Rop: 33.14905198977 Str:  69 MRstruts:   0 Thi: 0.4999940 
3013 Rop: 33.14905198495 Str:  69 MRstruts:   0 Thi: 0.4999940 
3014 Rop: 33.14905197959 Str:  69 MRstruts:   0 Thi: 0.4999940 
3015 Rop: 33.14905197153 Str:  69 MRstruts:   0 Thi: 0.4999940 
3016 Rop: 33.14905196744 Str:  69 MRstruts:   0 Thi: 0.4999940 
3017 Rop: 33.14905170007 Str:  69 MRstruts:   0 Thi: 0.4999940 
3018 Rop: 33.14905168558 Str:  69 MRstruts:   0 Thi: 0.4999940 
3019 Rop: 33.14905167997 Str:  69 MRstruts:   0 Thi: 0.4999940 
3020 Rop: 33.14905167569 Str:  69 MRstruts:   0 Thi: 0.4999940 
3021 Rop: 33.14905162229 Str:  69 MRstruts:   0 Thi: 0.4999940 
3022 Rop: 33.14905161036 Str:  69 MRstruts:   0 Thi: 0.4999940 
3023 Rop: 33.14905160541 Str:  69 MRstruts:   0 Thi: 0.4999940 
3024 Rop: 33.14905160037 Str:  69 MRstruts:   0 Thi: 0.4999940 
3025 Rop: 33.14905159020 Str:  69 MRstruts:   0 Thi: 0.4999940 
3026 Rop: 33.14905158617 Str:  69 MRstruts:   0 Thi: 0.4999940 
3027 Rop: 33.14905156308 Str:  69 MRstruts:   0 Thi: 0.4999940 
3028 Rop: 33.14905155756 Str:  69 MRstruts:   0 Thi: 0.4999940 
3029 Rop: 33.14905155256 Str:  69 MRstruts:   0 Thi: 0.4999940 
3030 Rop: 33.14905154262 Str:  69 MRstruts:   0 Thi: 0.4999940 
3031 Rop: 33.14905153840 Str:  69 MRstruts:   0 Thi: 0.4999940 
3032 Rop: 33.14905136216 Str:  69 MRstruts:   0 Thi: 0.4999940 
3033 Rop: 33.14905133803 Str:  69 MRstruts:   0 Thi: 0.4999940 
3034 Rop: 33.14905132957 Str:  69 MRstruts:   0 Thi: 0.4999940 
3035 Rop: 33.14905132541 Str:  69 MRstruts:   0 Thi: 0.4999940 
3036 Rop: 33.14905131379 Str:  69 MRstruts:   0 Thi: 0.4999940 
3037 Rop: 33.14905130953 Str:  69 MRstruts:   0 Thi: 0.4999940 
3038 Rop: 33.14905127622 Str:  69 MRstruts:   0 Thi: 0.4999940 
3039 Rop: 33.14905126805 Str:  69 MRstruts:   0 Thi: 0.4999940 
3040 Rop: 33.14905126394 Str:  69 MRstruts:   0 Thi: 0.4999940 
3041 Rop: 33.14905125020 Str:  69 MRstruts:   0 Thi: 0.4999940 
3042 Rop: 33.14905124577 Str:  69 MRstruts:   0 Thi: 0.4999940 
3043 Rop: 33.14905123264 Str:  69 MRstruts:   0 Thi: 0.4999940 
3044 Rop: 33.14905122826 Str:  69 MRstruts:   0 Thi: 0.4999940 
3045 Rop: 33.14905122063 Str:  69 MRstruts:   0 Thi: 0.4999940 
3046 Rop: 33.14905121607 Str:  69 MRstruts:   0 Thi: 0.4999940 
3047 Rop: 33.14905119166 Str:  69 MRstruts:   0 Thi: 0.4999940 
3048 Rop: 33.14905118598 Str:  69 MRstruts:   0 Thi: 0.4999940 
3049 Rop: 33.14905118117 Str:  69 MRstruts:   0 Thi: 0.4999940 
3050 Rop: 33.14905116806 Str:  69 MRstruts:   0 Thi: 0.4999940 
3051 Rop: 33.14905116370 Str:  69 MRstruts:   0 Thi: 0.4999940 
3052 Rop: 33.14905114753 Str:  69 MRstruts:   0 Thi: 0.4999940 
3053 Rop: 33.14905114268 Str:  69 MRstruts:   0 Thi: 0.4999940 
3054 Rop: 33.14905113749 Str:  69 MRstruts:   0 Thi: 0.4999940 
3055 Rop: 33.14905112852 Str:  69 MRstruts:   0 Thi: 0.4999940 
3056 Rop: 33.14905112452 Str:  69 MRstruts:   0 Thi: 0.4999940 
3057 Rop: 33.14905104507 Str:  69 MRstruts:   0 Thi: 0.4999940 
3058 Rop: 33.14905103461 Str:  69 MRstruts:   0 Thi: 0.4999940 
3059 Rop: 33.14905102997 Str:  69 MRstruts:   0 Thi: 0.4999940 
3060 Rop: 33.14905102133 Str:  69 MRstruts:   0 Thi: 0.4999940 
3061 Rop: 33.14905101732 Str:  69 MRstruts:   0 Thi: 0.4999940 
3062 Rop: 33.14905086969 Str:  69 MRstruts:   0 Thi: 0.4999940 
3063 Rop: 33.14905085905 Str:  69 MRstruts:   0 Thi: 0.4999940 
3064 Rop: 33.14905085438 Str:  69 MRstruts:   0 Thi: 0.4999940 
3065 Rop: 33.14905084610 Str:  69 MRstruts:   0 Thi: 0.4999940 
3066 Rop: 33.14905084205 Str:  69 MRstruts:   0 Thi: 0.4999940 
3067 Rop: 33.14905057150 Str:  69 MRstruts:   0 Thi: 0.4999940 
3068 Rop: 33.14905053663 Str:  69 MRstruts:   0 Thi: 0.4999940 
3069 Rop: 33.14905052689 Str:  69 MRstruts:   0 Thi: 0.4999940 
3070 Rop: 33.14905052231 Str:  69 MRstruts:   0 Thi: 0.4999940 
3071 Rop: 33.14905048855 Str:  69 MRstruts:   0 Thi: 0.4999940 
3072 Rop: 33.14905047809 Str:  69 MRstruts:   0 Thi: 0.4999940 
3073 Rop: 33.14905047203 Str:  69 MRstruts:   0 Thi: 0.4999940 
3074 Rop: 33.14905046410 Str:  69 MRstruts:   0 Thi: 0.4999940 
3075 Rop: 33.14905045961 Str:  69 MRstruts:   0 Thi: 0.4999940 
3076 Rop: 33.14905042902 Str:  69 MRstruts:   0 Thi: 0.4999940 
3077 Rop: 33.14905042246 Str:  69 MRstruts:   0 Thi: 0.4999940 
3078 Rop: 33.14905041806 Str:  69 MRstruts:   0 Thi: 0.4999940 
3079 Rop: 33.14905034923 Str:  69 MRstruts:   0 Thi: 0.4999940 
3080 Rop: 33.14905033998 Str:  69 MRstruts:   0 Thi: 0.4999940 
3081 Rop: 33.14905033562 Str:  69 MRstruts:   0 Thi: 0.4999940 
3082 Rop: 33.14905032659 Str:  69 MRstruts:   0 Thi: 0.4999940 
3083 Rop: 33.14905032271 Str:  69 MRstruts:   0 Thi: 0.4999940 
3084 Rop: 33.14905026194 Str:  69 MRstruts:   0 Thi: 0.4999940 
3085 Rop: 33.14905025421 Str:  69 MRstruts:   0 Thi: 0.4999940 
3086 Rop: 33.14905025018 Str:  69 MRstruts:   0 Thi: 0.4999940 
3087 Rop: 33.14905024097 Str:  69 MRstruts:   0 Thi: 0.4999940 
3088 Rop: 33.14905023726 Str:  69 MRstruts:   0 Thi: 0.4999940 
3089 Rop: 33.14905018543 Str:  69 MRstruts:   0 Thi: 0.4999940 
3090 Rop: 33.14905017937 Str:  69 MRstruts:   0 Thi: 0.4999940 
3091 Rop: 33.14905017530 Str:  69 MRstruts:   0 Thi: 0.4999940 
3092 Rop: 33.14905015751 Str:  69 MRstruts:   0 Thi: 0.4999940 
3093 Rop: 33.14905015279 Str:  69 MRstruts:   0 Thi: 0.4999940 
3094 Rop: 33.14905014553 Str:  69 MRstruts:   0 Thi: 0.4999940 
3095 Rop: 33.14905013674 Str:  69 MRstruts:   0 Thi: 0.4999940 
3096 Rop: 33.14905013298 Str:  69 MRstruts:   0 Thi: 0.4999940 
3097 Rop: 33.14905000500 Str:  69 MRstruts:   0 Thi: 0.4999940 
3098 Rop: 33.14904994936 Str:  69 MRstruts:   0 Thi: 0.4999940 
3099 Rop: 33.14904992189 Str:  69 MRstruts:   0 Thi: 0.4999940 
3100 Rop: 33.14904989310 Str:  69 MRstruts:   0 Thi: 0.4999940 
3101 Rop: 33.14904988916 Str:  69 MRstruts:   0 Thi: 0.4999940 
3102 Rop: 33.14904985220 Str:  69 MRstruts:   0 Thi: 0.4999940 
3103 Rop: 33.14904984500 Str:  69 MRstruts:   0 Thi: 0.4999940 
3104 Rop: 33.14904984118 Str:  69 MRstruts:   0 Thi: 0.4999940 
3105 Rop: 33.14904983602 Str:  69 MRstruts:   0 Thi: 0.4999940 
3106 Rop: 33.14904982551 Str:  69 MRstruts:   0 Thi: 0.4999940 
3107 Rop: 33.14904982165 Str:  69 MRstruts:   0 Thi: 0.4999940 
3108 Rop: 33.14904980578 Str:  69 MRstruts:   0 Thi: 0.4999940 
3109 Rop: 33.14904980145 Str:  69 MRstruts:   0 Thi: 0.4999940 
3110 Rop: 33.14904979283 Str:  69 MRstruts:   0 Thi: 0.4999940 
3111 Rop: 33.14904978896 Str:  69 MRstruts:   0 Thi: 0.4999940 
3112 Rop: 33.14904967864 Str:  69 MRstruts:   0 Thi: 0.4999940 
3113 Rop: 33.14904966774 Str:  69 MRstruts:   0 Thi: 0.4999940 
3114 Rop: 33.14904966218 Str:  69 MRstruts:   0 Thi: 0.4999940 
3115 Rop: 33.14904959249 Str:  69 MRstruts:   0 Thi: 0.4999940 
3116 Rop: 33.14904952863 Str:  69 MRstruts:   0 Thi: 0.4999940 
3117 Rop: 33.14904951122 Str:  69 MRstruts:   0 Thi: 0.4999940 
3118 Rop: 33.14904949316 Str:  69 MRstruts:   0 Thi: 0.4999940 
3119 Rop: 33.14904948335 Str:  69 MRstruts:   0 Thi: 0.4999940 
3120 Rop: 33.14904947718 Str:  69 MRstruts:   0 Thi: 0.4999940 
3121 Rop: 33.14904946880 Str:  69 MRstruts:   0 Thi: 0.4999940 
3122 Rop: 33.14904946447 Str:  69 MRstruts:   0 Thi: 0.4999940 
3123 Rop: 33.14904916861 Str:  69 MRstruts:   0 Thi: 0.4999940 
3124 Rop: 33.14904913991 Str:  69 MRstruts:   0 Thi: 0.4999940 
3125 Rop: 33.14904913046 Str:  69 MRstruts:   0 Thi: 0.4999940 
3126 Rop: 33.14904911230 Str:  69 MRstruts:   0 Thi: 0.4999940 
3127 Rop: 33.14904909532 Str:  69 MRstruts:   0 Thi: 0.4999940 
3128 Rop: 33.14904908744 Str:  69 MRstruts:   0 Thi: 0.4999940 
3129 Rop: 33.14904908161 Str:  69 MRstruts:   0 Thi: 0.4999940 
3130 Rop: 33.14904907369 Str:  69 MRstruts:   0 Thi: 0.4999940 
3131 Rop: 33.14904906917 Str:  69 MRstruts:   0 Thi: 0.4999940 
3132 Rop: 33.14904904259 Str:  69 MRstruts:   0 Thi: 0.4999940 
3133 Rop: 33.14904903665 Str:  69 MRstruts:   0 Thi: 0.4999940 
3134 Rop: 33.14904903207 Str:  69 MRstruts:   0 Thi: 0.4999940 
3135 Rop: 33.14904901033 Str:  69 MRstruts:   0 Thi: 0.4999940 
3136 Rop: 33.14904900497 Str:  69 MRstruts:   0 Thi: 0.4999940 
3137 Rop: 33.14904899978 Str:  69 MRstruts:   0 Thi: 0.4999940 
3138 Rop: 33.14904899171 Str:  69 MRstruts:   0 Thi: 0.4999940 
3139 Rop: 33.14904898729 Str:  69 MRstruts:   0 Thi: 0.4999940 
3140 Rop: 33.14904894714 Str:  69 MRstruts:   0 Thi: 0.4999940 
3141 Rop: 33.14904893969 Str:  69 MRstruts:   0 Thi: 0.4999940 
3142 Rop: 33.14904893549 Str:  69 MRstruts:   0 Thi: 0.4999940 
3143 Rop: 33.14904883385 Str:  69 MRstruts:   0 Thi: 0.4999940 
3144 Rop: 33.14904881444 Str:  69 MRstruts:   0 Thi: 0.4999940 
3145 Rop: 33.14904880743 Str:  69 MRstruts:   0 Thi: 0.4999940 
3146 Rop: 33.14904880346 Str:  69 MRstruts:   0 Thi: 0.4999940 
3147 Rop: 33.14904876479 Str:  69 MRstruts:   0 Thi: 0.4999940 
3148 Rop: 33.14904875751 Str:  69 MRstruts:   0 Thi: 0.4999940 
3149 Rop: 33.14904875330 Str:  69 MRstruts:   0 Thi: 0.4999940 
3150 Rop: 33.14904860306 Str:  69 MRstruts:   0 Thi: 0.4999940 
3151 Rop: 33.14904857925 Str:  69 MRstruts:   0 Thi: 0.4999940 
3152 Rop: 33.14904857089 Str:  69 MRstruts:   0 Thi: 0.4999940 
3153 Rop: 33.14904856676 Str:  69 MRstruts:   0 Thi: 0.4999940 
3154 Rop: 33.14904855458 Str:  69 MRstruts:   0 Thi: 0.4999940 
3155 Rop: 33.14904855028 Str:  69 MRstruts:   0 Thi: 0.4999940 
3156 Rop: 33.14904852766 Str:  69 MRstruts:   0 Thi: 0.4999940 
3157 Rop: 33.14904852149 Str:  69 MRstruts:   0 Thi: 0.4999940 
3158 Rop: 33.14904851741 Str:  69 MRstruts:   0 Thi: 0.4999940 
3159 Rop: 33.14904823114 Str:  69 MRstruts:   0 Thi: 0.4999940 
3160 Rop: 33.14904822309 Str:  69 MRstruts:   0 Thi: 0.4999940 
3161 Rop: 33.14904821914 Str:  69 MRstruts:   0 Thi: 0.4999940 
3162 Rop: 33.14904821426 Str:  69 MRstruts:   0 Thi: 0.4999940 
3163 Rop: 33.14904820296 Str:  69 MRstruts:   0 Thi: 0.4999940 
3164 Rop: 33.14904819890 Str:  69 MRstruts:   0 Thi: 0.4999940 
3165 Rop: 33.14904818667 Str:  69 MRstruts:   0 Thi: 0.4999940 
3166 Rop: 33.14904818244 Str:  69 MRstruts:   0 Thi: 0.4999940 
3167 Rop: 33.14904815999 Str:  69 MRstruts:   0 Thi: 0.4999940 
3168 Rop: 33.14904815413 Str:  69 MRstruts:   0 Thi: 0.4999940 
3169 Rop: 33.14904815013 Str:  69 MRstruts:   0 Thi: 0.4999940 
3170 Rop: 33.14904785732 Str:  69 MRstruts:   0 Thi: 0.4999940 
3171 Rop: 33.14904784501 Str:  69 MRstruts:   0 Thi: 0.4999940 
3172 Rop: 33.14904783923 Str:  69 MRstruts:   0 Thi: 0.4999940 
3173 Rop: 33.14904779905 Str:  69 MRstruts:   0 Thi: 0.4999940 
3174 Rop: 33.14904779214 Str:  69 MRstruts:   0 Thi: 0.4999940 
3175 Rop: 33.14904778684 Str:  69 MRstruts:   0 Thi: 0.4999940 
3176 Rop: 33.14904775946 Str:  69 MRstruts:   0 Thi: 0.4999940 
3177 Rop: 33.14904774042 Str:  69 MRstruts:   0 Thi: 0.4999940 
3178 Rop: 33.14904770894 Str:  69 MRstruts:   0 Thi: 0.4999940 
3179 Rop: 33.14904769120 Str:  69 MRstruts:   0 Thi: 0.4999940 
3180 Rop: 33.14904766038 Str:  69 MRstruts:   0 Thi: 0.4999940 
3181 Rop: 33.14904764527 Str:  69 MRstruts:   0 Thi: 0.4999940 
3182 Rop: 33.14904762551 Str:  69 MRstruts:   0 Thi: 0.4999940 
3183 Rop: 33.14904761114 Str:  69 MRstruts:   0 Thi: 0.4999940 
3184 Rop: 33.14904760513 Str:  69 MRstruts:   0 Thi: 0.4999940 
3185 Rop: 33.14904759256 Str:  69 MRstruts:   0 Thi: 0.4999940 
3186 Rop: 33.14904758847 Str:  69 MRstruts:   0 Thi: 0.4999940 
3187 Rop: 33.14904756950 Str:  69 MRstruts:   0 Thi: 0.4999940 
3188 Rop: 33.14904756466 Str:  69 MRstruts:   0 Thi: 0.4999940 
3189 Rop: 33.14904756054 Str:  69 MRstruts:   0 Thi: 0.4999940 
3190 Rop: 33.14904750382 Str:  69 MRstruts:   0 Thi: 0.4999940 
3191 Rop: 33.14904748874 Str:  69 MRstruts:   0 Thi: 0.4999940 
3192 Rop: 33.14904748298 Str:  69 MRstruts:   0 Thi: 0.4999940 
3193 Rop: 33.14904747577 Str:  69 MRstruts:   0 Thi: 0.4999940 
3194 Rop: 33.14904747081 Str:  69 MRstruts:   0 Thi: 0.4999940 
3195 Rop: 33.14904745908 Str:  69 MRstruts:   0 Thi: 0.4999940 
3196 Rop: 33.14904745489 Str:  69 MRstruts:   0 Thi: 0.4999940 
3197 Rop: 33.14904742792 Str:  69 MRstruts:   0 Thi: 0.4999940 
3198 Rop: 33.14904742127 Str:  69 MRstruts:   0 Thi: 0.4999940 
3199 Rop: 33.14904741739 Str:  69 MRstruts:   0 Thi: 0.4999940 
3200 Rop: 33.14904738155 Str:  69 MRstruts:   0 Thi: 0.4999940 
3201 Rop: 33.14904737517 Str:  69 MRstruts:   0 Thi: 0.4999940 
3202 Rop: 33.14904737118 Str:  69 MRstruts:   0 Thi: 0.4999940 
3203 Rop: 33.14904723120 Str:  69 MRstruts:   0 Thi: 0.4999940 
3204 Rop: 33.14904721522 Str:  69 MRstruts:   0 Thi: 0.4999940 
3205 Rop: 33.14904720822 Str:  69 MRstruts:   0 Thi: 0.4999940 
3206 Rop: 33.14904720426 Str:  69 MRstruts:   0 Thi: 0.4999940 
3207 Rop: 33.14904719945 Str:  69 MRstruts:   0 Thi: 0.4999940 
3208 Rop: 33.14904717664 Str:  69 MRstruts:   0 Thi: 0.4999940 
3209 Rop: 33.14904717005 Str:  69 MRstruts:   0 Thi: 0.4999940 
3210 Rop: 33.14904716556 Str:  69 MRstruts:   0 Thi: 0.4999940 
3211 Rop: 33.14904709866 Str:  69 MRstruts:   0 Thi: 0.4999940 
3212 Rop: 33.14904708420 Str:  69 MRstruts:   0 Thi: 0.4999940 
3213 Rop: 33.14904707714 Str:  69 MRstruts:   0 Thi: 0.4999940 
3214 Rop: 33.14904706580 Str:  69 MRstruts:   0 Thi: 0.4999940 
3215 Rop: 33.14904706173 Str:  69 MRstruts:   0 Thi: 0.4999940 
3216 Rop: 33.14904693504 Str:  69 MRstruts:   0 Thi: 0.4999940 
3217 Rop: 33.14904691388 Str:  69 MRstruts:   0 Thi: 0.4999940 
3218 Rop: 33.14904690406 Str:  69 MRstruts:   0 Thi: 0.4999940 
3219 Rop: 33.14904689935 Str:  69 MRstruts:   0 Thi: 0.4999940 
3220 Rop: 33.14904688052 Str:  69 MRstruts:   0 Thi: 0.4999940 
3221 Rop: 33.14904687540 Str:  69 MRstruts:   0 Thi: 0.4999940 
3222 Rop: 33.14904687113 Str:  69 MRstruts:   0 Thi: 0.4999940 
3223 Rop: 33.14904683430 Str:  69 MRstruts:   0 Thi: 0.4999940 
3224 Rop: 33.14904682513 Str:  69 MRstruts:   0 Thi: 0.4999940 
3225 Rop: 33.14904682078 Str:  69 MRstruts:   0 Thi: 0.4999940 
3226 Rop: 33.14904680925 Str:  69 MRstruts:   0 Thi: 0.4999940 
3227 Rop: 33.14904680489 Str:  69 MRstruts:   0 Thi: 0.4999940 
3228 Rop: 33.14904677339 Str:  69 MRstruts:   0 Thi: 0.4999940 
3229 Rop: 33.14904676497 Str:  69 MRstruts:   0 Thi: 0.4999940 
3230 Rop: 33.14904676061 Str:  69 MRstruts:   0 Thi: 0.4999940 
3231 Rop: 33.14904672019 Str:  69 MRstruts:   0 Thi: 0.4999940 
3232 Rop: 33.14904670933 Str:  69 MRstruts:   0 Thi: 0.4999940 
3233 Rop: 33.14904670308 Str:  69 MRstruts:   0 Thi: 0.4999940 
3234 Rop: 33.14904669109 Str:  69 MRstruts:   0 Thi: 0.4999940 
3235 Rop: 33.14904668702 Str:  69 MRstruts:   0 Thi: 0.4999940 
3236 Rop: 33.14904659767 Str:  69 MRstruts:   0 Thi: 0.4999940 
3237 Rop: 33.14904658111 Str:  69 MRstruts:   0 Thi: 0.4999940 
3238 Rop: 33.14904657192 Str:  69 MRstruts:   0 Thi: 0.4999940 
3239 Rop: 33.14904656292 Str:  69 MRstruts:   0 Thi: 0.4999940 
3240 Rop: 33.14904654477 Str:  69 MRstruts:   0 Thi: 0.4999940 
3241 Rop: 33.14904653947 Str:  69 MRstruts:   0 Thi: 0.4999940 
3242 Rop: 33.14904653190 Str:  69 MRstruts:   0 Thi: 0.4999940 
3243 Rop: 33.14904652705 Str:  69 MRstruts:   0 Thi: 0.4999940 
3244 Rop: 33.14904651597 Str:  69 MRstruts:   0 Thi: 0.4999940 
3245 Rop: 33.14904651178 Str:  69 MRstruts:   0 Thi: 0.4999940 
3246 Rop: 33.14904646755 Str:  69 MRstruts:   0 Thi: 0.4999940 
3247 Rop: 33.14904645724 Str:  69 MRstruts:   0 Thi: 0.4999940 
3248 Rop: 33.14904645270 Str:  69 MRstruts:   0 Thi: 0.4999940 
3249 Rop: 33.14904644682 Str:  69 MRstruts:   0 Thi: 0.4999940 
3250 Rop: 33.14904644068 Str:  69 MRstruts:   0 Thi: 0.4999940 
3251 Rop: 33.14904643565 Str:  69 MRstruts:   0 Thi: 0.4999940 
3252 Rop: 33.14904642595 Str:  69 MRstruts:   0 Thi: 0.4999940 
3253 Rop: 33.14904642200 Str:  69 MRstruts:   0 Thi: 0.4999940 
3254 Rop: 33.14904639187 Str:  69 MRstruts:   0 Thi: 0.4999940 
3255 Rop: 33.14904638562 Str:  69 MRstruts:   0 Thi: 0.4999940 
3256 Rop: 33.14904638130 Str:  69 MRstruts:   0 Thi: 0.4999940 
3257 Rop: 33.14904631713 Str:  69 MRstruts:   0 Thi: 0.4999940 
3258 Rop: 33.14904630785 Str:  69 MRstruts:   0 Thi: 0.4999940 
3259 Rop: 33.14904630347 Str:  69 MRstruts:   0 Thi: 0.4999940 
3260 Rop: 33.14904629105 Str:  69 MRstruts:   0 Thi: 0.4999940 
3261 Rop: 33.14904628685 Str:  69 MRstruts:   0 Thi: 0.4999940 
3262 Rop: 33.14904627841 Str:  69 MRstruts:   0 Thi: 0.4999940 
3263 Rop: 33.14904627411 Str:  69 MRstruts:   0 Thi: 0.4999940 
3264 Rop: 33.14904619998 Str:  69 MRstruts:   0 Thi: 0.4999940 
3265 Rop: 33.14904619001 Str:  69 MRstruts:   0 Thi: 0.4999940 
3266 Rop: 33.14904618548 Str:  69 MRstruts:   0 Thi: 0.4999940 
3267 Rop: 33.14904617634 Str:  69 MRstruts:   0 Thi: 0.4999940 
3268 Rop: 33.14904617240 Str:  69 MRstruts:   0 Thi: 0.4999940 
3269 Rop: 33.14904612146 Str:  69 MRstruts:   0 Thi: 0.4999940 
3270 Rop: 33.14904611308 Str:  69 MRstruts:   0 Thi: 0.4999940 
3271 Rop: 33.14904610883 Str:  69 MRstruts:   0 Thi: 0.4999940 
3272 Rop: 33.14904608578 Str:  69 MRstruts:   0 Thi: 0.4999940 
3273 Rop: 33.14904607967 Str:  69 MRstruts:   0 Thi: 0.4999940 
3274 Rop: 33.14904607567 Str:  69 MRstruts:   0 Thi: 0.4999940 
3275 Rop: 33.14904580404 Str:  69 MRstruts:   0 Thi: 0.4999940 
3276 Rop: 33.14904577964 Str:  69 MRstruts:   0 Thi: 0.4999940 
3277 Rop: 33.14904577547 Str:  69 MRstruts:   0 Thi: 0.4999940 
3278 Rop: 33.14904577144 Str:  69 MRstruts:   0 Thi: 0.4999940 
3279 Rop: 33.14904570749 Str:  69 MRstruts:   0 Thi: 0.4999939 
3280 Rop: 33.14904568576 Str:  69 MRstruts:   0 Thi: 0.4999939 
3281 Rop: 33.14904567594 Str:  69 MRstruts:   0 Thi: 0.4999939 
3282 Rop: 33.14904567143 Str:  69 MRstruts:   0 Thi: 0.4999939 
3283 Rop: 33.14904562432 Str:  69 MRstruts:   0 Thi: 0.4999939 
3284 Rop: 33.14904561531 Str:  69 MRstruts:   0 Thi: 0.4999939 
3285 Rop: 33.14904561109 Str:  69 MRstruts:   0 Thi: 0.4999939 
3286 Rop: 33.14904560687 Str:  69 MRstruts:   0 Thi: 0.4999939 
3287 Rop: 33.14904557547 Str:  69 MRstruts:   0 Thi: 0.4999939 
3288 Rop: 33.14904556670 Str:  69 MRstruts:   0 Thi: 0.4999939 
3289 Rop: 33.14904556226 Str:  69 MRstruts:   0 Thi: 0.4999939 
3290 Rop: 33.14904551597 Str:  69 MRstruts:   0 Thi: 0.4999939 
3291 Rop: 33.14904550266 Str:  69 MRstruts:   0 Thi: 0.4999939 
3292 Rop: 33.14904549452 Str:  69 MRstruts:   0 Thi: 0.4999939 
3293 Rop: 33.14904548912 Str:  69 MRstruts:   0 Thi: 0.4999939 
3294 Rop: 33.14904548065 Str:  69 MRstruts:   0 Thi: 0.4999939 
3295 Rop: 33.14904547670 Str:  69 MRstruts:   0 Thi: 0.4999939 
3296 Rop: 33.14904529913 Str:  69 MRstruts:   0 Thi: 0.4999939 
3297 Rop: 33.14904529049 Str:  69 MRstruts:   0 Thi: 0.4999939 
3298 Rop: 33.14904528614 Str:  69 MRstruts:   0 Thi: 0.4999939 
3299 Rop: 33.14904525729 Str:  69 MRstruts:   0 Thi: 0.4999939 
3300 Rop: 33.14904524946 Str:  69 MRstruts:   0 Thi: 0.4999939 
3301 Rop: 33.14904524515 Str:  69 MRstruts:   0 Thi: 0.4999939 
3302 Rop: 33.14904519399 Str:  69 MRstruts:   0 Thi: 0.4999939 
3303 Rop: 33.14904518106 Str:  69 MRstruts:   0 Thi: 0.4999939 
3304 Rop: 33.14904517074 Str:  69 MRstruts:   0 Thi: 0.4999939 
3305 Rop: 33.14904516580 Str:  69 MRstruts:   0 Thi: 0.4999939 
3306 Rop: 33.14904514890 Str:  69 MRstruts:   0 Thi: 0.4999939 
3307 Rop: 33.14904514393 Str:  69 MRstruts:   0 Thi: 0.4999939 
3308 Rop: 33.14904513890 Str:  69 MRstruts:   0 Thi: 0.4999939 
3309 Rop: 33.14904512852 Str:  69 MRstruts:   0 Thi: 0.4999939 
3310 Rop: 33.14904512456 Str:  69 MRstruts:   0 Thi: 0.4999939 
3311 Rop: 33.14904510760 Str:  69 MRstruts:   0 Thi: 0.4999939 
3312 Rop: 33.14904510292 Str:  69 MRstruts:   0 Thi: 0.4999939 
3313 Rop: 33.14904509575 Str:  69 MRstruts:   0 Thi: 0.4999939 
3314 Rop: 33.14904509156 Str:  69 MRstruts:   0 Thi: 0.4999939 
3315 Rop: 33.14904503778 Str:  69 MRstruts:   0 Thi: 0.4999939 
3316 Rop: 33.14904502590 Str:  69 MRstruts:   0 Thi: 0.4999939 
3317 Rop: 33.14904502100 Str:  69 MRstruts:   0 Thi: 0.4999939 
3318 Rop: 33.14904501627 Str:  69 MRstruts:   0 Thi: 0.4999939 
3319 Rop: 33.14904500353 Str:  69 MRstruts:   0 Thi: 0.4999939 
3320 Rop: 33.14904499930 Str:  69 MRstruts:   0 Thi: 0.4999939 
3321 Rop: 33.14904499165 Str:  69 MRstruts:   0 Thi: 0.4999939 
3322 Rop: 33.14904498720 Str:  69 MRstruts:   0 Thi: 0.4999939 
3323 Rop: 33.14904496143 Str:  69 MRstruts:   0 Thi: 0.4999939 
3324 Rop: 33.14904495572 Str:  69 MRstruts:   0 Thi: 0.4999939 
3325 Rop: 33.14904495116 Str:  69 MRstruts:   0 Thi: 0.4999939 
3326 Rop: 33.14904493306 Str:  69 MRstruts:   0 Thi: 0.4999939 
3327 Rop: 33.14904492824 Str:  69 MRstruts:   0 Thi: 0.4999939 
3328 Rop: 33.14904492183 Str:  69 MRstruts:   0 Thi: 0.4999939 
3329 Rop: 33.14904491718 Str:  69 MRstruts:   0 Thi: 0.4999939 
3330 Rop: 33.14904490302 Str:  69 MRstruts:   0 Thi: 0.4999939 
3331 Rop: 33.14904489857 Str:  69 MRstruts:   0 Thi: 0.4999939 
3332 Rop: 33.14904489260 Str:  69 MRstruts:   0 Thi: 0.4999939 
3333 Rop: 33.14904488679 Str:  69 MRstruts:   0 Thi: 0.4999939 
3334 Rop: 33.14904488136 Str:  69 MRstruts:   0 Thi: 0.4999939 
3335 Rop: 33.14904487417 Str:  69 MRstruts:   0 Thi: 0.4999939 
3336 Rop: 33.14904487000 Str:  69 MRstruts:   0 Thi: 0.4999939 
3337 Rop: 33.14904481155 Str:  69 MRstruts:   0 Thi: 0.4999939 
3338 Rop: 33.14904479880 Str:  69 MRstruts:   0 Thi: 0.4999939 
3339 Rop: 33.14904479365 Str:  69 MRstruts:   0 Thi: 0.4999939 
3340 Rop: 33.14904478925 Str:  69 MRstruts:   0 Thi: 0.4999939 
3341 Rop: 33.14904476548 Str:  69 MRstruts:   0 Thi: 0.4999939 
3342 Rop: 33.14904475925 Str:  69 MRstruts:   0 Thi: 0.4999939 
3343 Rop: 33.14904475533 Str:  69 MRstruts:   0 Thi: 0.4999939 
3344 Rop: 33.14904460094 Str:  69 MRstruts:   0 Thi: 0.4999939 
3345 Rop: 33.14904459138 Str:  69 MRstruts:   0 Thi: 0.4999939 
3346 Rop: 33.14904458696 Str:  69 MRstruts:   0 Thi: 0.4999939 
3347 Rop: 33.14904457680 Str:  69 MRstruts:   0 Thi: 0.4999939 
3348 Rop: 33.14904457286 Str:  69 MRstruts:   0 Thi: 0.4999939 
3349 Rop: 33.14904455442 Str:  69 MRstruts:   0 Thi: 0.4999939 
3350 Rop: 33.14904454958 Str:  69 MRstruts:   0 Thi: 0.4999939 
3351 Rop: 33.14904454336 Str:  69 MRstruts:   0 Thi: 0.4999939 
3352 Rop: 33.14904453856 Str:  69 MRstruts:   0 Thi: 0.4999939 
3353 Rop: 33.14904452695 Str:  69 MRstruts:   0 Thi: 0.4999939 
3354 Rop: 33.14904452288 Str:  69 MRstruts:   0 Thi: 0.4999939 
3355 Rop: 33.14904451279 Str:  69 MRstruts:   0 Thi: 0.4999939 
3356 Rop: 33.14904450867 Str:  69 MRstruts:   0 Thi: 0.4999939 
3357 Rop: 33.14904440659 Str:  69 MRstruts:   0 Thi: 0.4999939 
3358 Rop: 33.14904438721 Str:  69 MRstruts:   0 Thi: 0.4999939 
3359 Rop: 33.14904438021 Str:  69 MRstruts:   0 Thi: 0.4999939 
3360 Rop: 33.14904437631 Str:  69 MRstruts:   0 Thi: 0.4999939 
3361 Rop: 33.14904434717 Str:  69 MRstruts:   0 Thi: 0.4999939 
3362 Rop: 33.14904434104 Str:  69 MRstruts:   0 Thi: 0.4999939 
3363 Rop: 33.14904433675 Str:  69 MRstruts:   0 Thi: 0.4999939 
3364 Rop: 33.14904428482 Str:  69 MRstruts:   0 Thi: 0.4999939 
3365 Rop: 33.14904427644 Str:  69 MRstruts:   0 Thi: 0.4999939 
3366 Rop: 33.14904427223 Str:  69 MRstruts:   0 Thi: 0.4999939 
3367 Rop: 33.14904425332 Str:  69 MRstruts:   0 Thi: 0.4999939 
3368 Rop: 33.14904424805 Str:  69 MRstruts:   0 Thi: 0.4999939 
3369 Rop: 33.14904424380 Str:  69 MRstruts:   0 Thi: 0.4999939 
3370 Rop: 33.14904420646 Str:  69 MRstruts:   0 Thi: 0.4999939 
3371 Rop: 33.14904419753 Str:  69 MRstruts:   0 Thi: 0.4999939 
3372 Rop: 33.14904419335 Str:  69 MRstruts:   0 Thi: 0.4999939 
3373 Rop: 33.14904418533 Str:  69 MRstruts:   0 Thi: 0.4999939 
3374 Rop: 33.14904418102 Str:  69 MRstruts:   0 Thi: 0.4999939 
3375 Rop: 33.14904413619 Str:  69 MRstruts:   0 Thi: 0.4999939 
3376 Rop: 33.14904412843 Str:  69 MRstruts:   0 Thi: 0.4999939 
3377 Rop: 33.14904412429 Str:  69 MRstruts:   0 Thi: 0.4999939 
3378 Rop: 33.14904408938 Str:  69 MRstruts:   0 Thi: 0.4999939 
3379 Rop: 33.14904408098 Str:  69 MRstruts:   0 Thi: 0.4999939 
3380 Rop: 33.14904407691 Str:  69 MRstruts:   0 Thi: 0.4999939 
3381 Rop: 33.14904406745 Str:  69 MRstruts:   0 Thi: 0.4999939 
3382 Rop: 33.14904406333 Str:  69 MRstruts:   0 Thi: 0.4999939 
3383 Rop: 33.14904381650 Str:  69 MRstruts:   0 Thi: 0.4999939 
3384 Rop: 33.14904379962 Str:  69 MRstruts:   0 Thi: 0.4999939 
3385 Rop: 33.14904379326 Str:  69 MRstruts:   0 Thi: 0.4999939 
3386 Rop: 33.14904378949 Str:  69 MRstruts:   0 Thi: 0.4999939 
3387 Rop: 33.14904375338 Str:  69 MRstruts:   0 Thi: 0.4999939 
3388 Rop: 33.14904374714 Str:  69 MRstruts:   0 Thi: 0.4999939 
3389 Rop: 33.14904374330 Str:  69 MRstruts:   0 Thi: 0.4999939 
3390 Rop: 33.14904368748 Str:  69 MRstruts:   0 Thi: 0.4999939 
3391 Rop: 33.14904367886 Str:  69 MRstruts:   0 Thi: 0.4999939 
3392 Rop: 33.14904367460 Str:  69 MRstruts:   0 Thi: 0.4999939 
3393 Rop: 33.14904367081 Str:  69 MRstruts:   0 Thi: 0.4999939 
3394 Rop: 33.14904351534 Str:  69 MRstruts:   0 Thi: 0.4999939 
3395 Rop: 33.14904339339 Str:  69 MRstruts:   0 Thi: 0.4999939 
3396 Rop: 33.14904338889 Str:  69 MRstruts:   0 Thi: 0.4999939 
3397 Rop: 33.14904338447 Str:  69 MRstruts:   0 Thi: 0.4999939 
3398 Rop: 33.14904335730 Str:  69 MRstruts:   0 Thi: 0.4999939 
3399 Rop: 33.14904335038 Str:  69 MRstruts:   0 Thi: 0.4999939 
3400 Rop: 33.14904334262 Str:  69 MRstruts:   0 Thi: 0.4999939 
3401 Rop: 33.14904333792 Str:  69 MRstruts:   0 Thi: 0.4999939 
3402 Rop: 33.14904332047 Str:  69 MRstruts:   0 Thi: 0.4999939 
3403 Rop: 33.14904331567 Str:  69 MRstruts:   0 Thi: 0.4999939 
3404 Rop: 33.14904331131 Str:  69 MRstruts:   0 Thi: 0.4999939 
3405 Rop: 33.14904328950 Str:  69 MRstruts:   0 Thi: 0.4999939 
3406 Rop: 33.14904328357 Str:  69 MRstruts:   0 Thi: 0.4999939 
3407 Rop: 33.14904327960 Str:  69 MRstruts:   0 Thi: 0.4999939 
3408 Rop: 33.14904305149 Str:  69 MRstruts:   0 Thi: 0.4999939 
3409 Rop: 33.14904304320 Str:  69 MRstruts:   0 Thi: 0.4999939 
3410 Rop: 33.14904303879 Str:  69 MRstruts:   0 Thi: 0.4999939 
3411 Rop: 33.14904303171 Str:  69 MRstruts:   0 Thi: 0.4999939 
3412 Rop: 33.14904302566 Str:  69 MRstruts:   0 Thi: 0.4999939 
3413 Rop: 33.14904302069 Str:  69 MRstruts:   0 Thi: 0.4999939 
3414 Rop: 33.14904301151 Str:  69 MRstruts:   0 Thi: 0.4999939 
3415 Rop: 33.14904300767 Str:  69 MRstruts:   0 Thi: 0.4999939 
3416 Rop: 33.14904297000 Str:  69 MRstruts:   0 Thi: 0.4999939 
3417 Rop: 33.14904296301 Str:  69 MRstruts:   0 Thi: 0.4999939 
3418 Rop: 33.14904295895 Str:  69 MRstruts:   0 Thi: 0.4999939 
3419 Rop: 33.14904284254 Str:  69 MRstruts:   0 Thi: 0.4999939 
3420 Rop: 33.14904282276 Str:  69 MRstruts:   0 Thi: 0.4999939 
3421 Rop: 33.14904281549 Str:  69 MRstruts:   0 Thi: 0.4999939 
3422 Rop: 33.14904281168 Str:  69 MRstruts:   0 Thi: 0.4999939 
3423 Rop: 33.14904280033 Str:  69 MRstruts:   0 Thi: 0.4999939 
3424 Rop: 33.14904279638 Str:  69 MRstruts:   0 Thi: 0.4999939 
3425 Rop: 33.14904276937 Str:  69 MRstruts:   0 Thi: 0.4999939 
3426 Rop: 33.14904276325 Str:  69 MRstruts:   0 Thi: 0.4999939 
3427 Rop: 33.14904275965 Str:  69 MRstruts:   0 Thi: 0.4999939 
3428 Rop: 33.14904274163 Str:  69 MRstruts:   0 Thi: 0.4999939 
3429 Rop: 33.14904273753 Str:  69 MRstruts:   0 Thi: 0.4999939 
3430 Rop: 33.14904273205 Str:  69 MRstruts:   0 Thi: 0.4999939 
3431 Rop: 33.14904272613 Str:  69 MRstruts:   0 Thi: 0.4999939 
3432 Rop: 33.14904272050 Str:  69 MRstruts:   0 Thi: 0.4999939 
3433 Rop: 33.14904271497 Str:  69 MRstruts:   0 Thi: 0.4999939 
3434 Rop: 33.14904270847 Str:  69 MRstruts:   0 Thi: 0.4999939 
3435 Rop: 33.14904270406 Str:  69 MRstruts:   0 Thi: 0.4999939 
3436 Rop: 33.14904268496 Str:  69 MRstruts:   0 Thi: 0.4999939 
3437 Rop: 33.14904267965 Str:  69 MRstruts:   0 Thi: 0.4999939 
3438 Rop: 33.14904267553 Str:  69 MRstruts:   0 Thi: 0.4999939 
3439 Rop: 33.14904262379 Str:  69 MRstruts:   0 Thi: 0.4999939 
3440 Rop: 33.14904261224 Str:  69 MRstruts:   0 Thi: 0.4999939 
3441 Rop: 33.14904260744 Str:  69 MRstruts:   0 Thi: 0.4999939 
3442 Rop: 33.14904260279 Str:  69 MRstruts:   0 Thi: 0.4999939 
3443 Rop: 33.14904259011 Str:  69 MRstruts:   0 Thi: 0.4999939 
3444 Rop: 33.14904258592 Str:  69 MRstruts:   0 Thi: 0.4999939 
3445 Rop: 33.14904257880 Str:  69 MRstruts:   0 Thi: 0.4999939 
3446 Rop: 33.14904257425 Str:  69 MRstruts:   0 Thi: 0.4999939 
3447 Rop: 33.14904255900 Str:  69 MRstruts:   0 Thi: 0.4999939 
3448 Rop: 33.14904255456 Str:  69 MRstruts:   0 Thi: 0.4999939 
3449 Rop: 33.14904254631 Str:  69 MRstruts:   0 Thi: 0.4999939 
3450 Rop: 33.14904254245 Str:  69 MRstruts:   0 Thi: 0.4999939 
3451 Rop: 33.14904237833 Str:  69 MRstruts:   0 Thi: 0.4999939 
3452 Rop: 33.14904236962 Str:  69 MRstruts:   0 Thi: 0.4999939 
3453 Rop: 33.14904236539 Str:  69 MRstruts:   0 Thi: 0.4999939 
3454 Rop: 33.14904235186 Str:  69 MRstruts:   0 Thi: 0.4999939 
3455 Rop: 33.14904234755 Str:  69 MRstruts:   0 Thi: 0.4999939 
3456 Rop: 33.14904234150 Str:  69 MRstruts:   0 Thi: 0.4999939 
3457 Rop: 33.14904233607 Str:  69 MRstruts:   0 Thi: 0.4999939 
3458 Rop: 33.14904233004 Str:  69 MRstruts:   0 Thi: 0.4999939 
3459 Rop: 33.14904232459 Str:  69 MRstruts:   0 Thi: 0.4999939 
3460 Rop: 33.14904231866 Str:  69 MRstruts:   0 Thi: 0.4999939 
3461 Rop: 33.14904231304 Str:  69 MRstruts:   0 Thi: 0.4999939 
3462 Rop: 33.14904230755 Str:  69 MRstruts:   0 Thi: 0.4999939 
3463 Rop: 33.14904230101 Str:  69 MRstruts:   0 Thi: 0.4999939 
3464 Rop: 33.14904229665 Str:  69 MRstruts:   0 Thi: 0.4999939 
3465 Rop: 33.14904227564 Str:  69 MRstruts:   0 Thi: 0.4999939 
3466 Rop: 33.14904227001 Str:  69 MRstruts:   0 Thi: 0.4999939 
3467 Rop: 33.14904226606 Str:  69 MRstruts:   0 Thi: 0.4999939 
3468 Rop: 33.14904207640 Str:  69 MRstruts:   0 Thi: 0.4999939 
3469 Rop: 33.14904205297 Str:  69 MRstruts:   0 Thi: 0.4999939 
3470 Rop: 33.14904204476 Str:  69 MRstruts:   0 Thi: 0.4999939 
3471 Rop: 33.14904204076 Str:  69 MRstruts:   0 Thi: 0.4999939 
3472 Rop: 33.14904203122 Str:  69 MRstruts:   0 Thi: 0.4999939 
3473 Rop: 33.14904202717 Str:  69 MRstruts:   0 Thi: 0.4999939 
3474 Rop: 33.14904182719 Str:  69 MRstruts:   0 Thi: 0.4999939 
3475 Rop: 33.14904180431 Str:  69 MRstruts:   0 Thi: 0.4999939 
3476 Rop: 33.14904179626 Str:  69 MRstruts:   0 Thi: 0.4999939 
3477 Rop: 33.14904179229 Str:  69 MRstruts:   0 Thi: 0.4999939 
3478 Rop: 33.14904178217 Str:  69 MRstruts:   0 Thi: 0.4999939 
3479 Rop: 33.14904177813 Str:  69 MRstruts:   0 Thi: 0.4999939 
3480 Rop: 33.14904169634 Str:  69 MRstruts:   0 Thi: 0.4999939 
3481 Rop: 33.14904167983 Str:  69 MRstruts:   0 Thi: 0.4999939 
3482 Rop: 33.14904167366 Str:  69 MRstruts:   0 Thi: 0.4999939 
3483 Rop: 33.14904166984 Str:  69 MRstruts:   0 Thi: 0.4999939 
3484 Rop: 33.14904156279 Str:  69 MRstruts:   0 Thi: 0.4999939 
3485 Rop: 33.14904155259 Str:  69 MRstruts:   0 Thi: 0.4999939 
3486 Rop: 33.14904154807 Str:  69 MRstruts:   0 Thi: 0.4999939 
3487 Rop: 33.14904153983 Str:  69 MRstruts:   0 Thi: 0.4999939 
3488 Rop: 33.14904153598 Str:  69 MRstruts:   0 Thi: 0.4999939 
3489 Rop: 33.14904140909 Str:  69 MRstruts:   0 Thi: 0.4999939 
3490 Rop: 33.14904139911 Str:  69 MRstruts:   0 Thi: 0.4999939 
3491 Rop: 33.14904139441 Str:  69 MRstruts:   0 Thi: 0.4999939 
3492 Rop: 33.14904136693 Str:  69 MRstruts:   0 Thi: 0.4999939 
3493 Rop: 33.14904135810 Str:  69 MRstruts:   0 Thi: 0.4999939 
3494 Rop: 33.14904135276 Str:  69 MRstruts:   0 Thi: 0.4999939 
3495 Rop: 33.14904133325 Str:  69 MRstruts:   0 Thi: 0.4999939 
3496 Rop: 33.14904132885 Str:  69 MRstruts:   0 Thi: 0.4999939 
3497 Rop: 33.14904132379 Str:  69 MRstruts:   0 Thi: 0.4999939 
3498 Rop: 33.14904131158 Str:  69 MRstruts:   0 Thi: 0.4999939 
3499 Rop: 33.14904130760 Str:  69 MRstruts:   0 Thi: 0.4999939 
3500 Rop: 33.14904130021 Str:  69 MRstruts:   0 Thi: 0.4999939 
3501 Rop: 33.14904129589 Str:  69 MRstruts:   0 Thi: 0.4999939 
3502 Rop: 33.14904127241 Str:  69 MRstruts:   0 Thi: 0.4999939 
3503 Rop: 33.14904126697 Str:  69 MRstruts:   0 Thi: 0.4999939 
3504 Rop: 33.14904126237 Str:  69 MRstruts:   0 Thi: 0.4999939 
3505 Rop: 33.14904124992 Str:  69 MRstruts:   0 Thi: 0.4999939 
3506 Rop: 33.14904124580 Str:  69 MRstruts:   0 Thi: 0.4999939 
3507 Rop: 33.14904122959 Str:  69 MRstruts:   0 Thi: 0.4999939 
3508 Rop: 33.14904122489 Str:  69 MRstruts:   0 Thi: 0.4999939 
3509 Rop: 33.14904122031 Str:  69 MRstruts:   0 Thi: 0.4999939 
3510 Rop: 33.14904120778 Str:  69 MRstruts:   0 Thi: 0.4999939 
3511 Rop: 33.14904120366 Str:  69 MRstruts:   0 Thi: 0.4999939 
3512 Rop: 33.14904119655 Str:  69 MRstruts:   0 Thi: 0.4999939 
3513 Rop: 33.14904119211 Str:  69 MRstruts:   0 Thi: 0.4999939 
3514 Rop: 33.14904117482 Str:  69 MRstruts:   0 Thi: 0.4999939 
3515 Rop: 33.14904117021 Str:  69 MRstruts:   0 Thi: 0.4999939 
3516 Rop: 33.14904116379 Str:  69 MRstruts:   0 Thi: 0.4999939 
3517 Rop: 33.14904115945 Str:  69 MRstruts:   0 Thi: 0.4999939 
3518 Rop: 33.14904114008 Str:  69 MRstruts:   0 Thi: 0.4999939 
3519 Rop: 33.14904113478 Str:  69 MRstruts:   0 Thi: 0.4999939 
3520 Rop: 33.14904113076 Str:  69 MRstruts:   0 Thi: 0.4999939 
3521 Rop: 33.14904106354 Str:  69 MRstruts:   0 Thi: 0.4999939 
3522 Rop: 33.14904104936 Str:  69 MRstruts:   0 Thi: 0.4999939 
3523 Rop: 33.14904104385 Str:  69 MRstruts:   0 Thi: 0.4999939 
3524 Rop: 33.14904103994 Str:  69 MRstruts:   0 Thi: 0.4999939 
3525 Rop: 33.14904088192 Str:  69 MRstruts:   0 Thi: 0.4999939 
3526 Rop: 33.14904085868 Str:  69 MRstruts:   0 Thi: 0.4999939 
3527 Rop: 33.14904085048 Str:  69 MRstruts:   0 Thi: 0.4999939 
3528 Rop: 33.14904084652 Str:  69 MRstruts:   0 Thi: 0.4999939 
3529 Rop: 33.14904083751 Str:  69 MRstruts:   0 Thi: 0.4999939 
3530 Rop: 33.14904083349 Str:  69 MRstruts:   0 Thi: 0.4999939 
3531 Rop: 33.14904056265 Str:  69 MRstruts:   0 Thi: 0.4999939 
3532 Rop: 33.14904055854 Str:  69 MRstruts:   0 Thi: 0.4999939 
3533 Rop: 33.14904055169 Str:  69 MRstruts:   0 Thi: 0.4999939 
3534 Rop: 33.14904054716 Str:  69 MRstruts:   0 Thi: 0.4999939 
3535 Rop: 33.14904053444 Str:  69 MRstruts:   0 Thi: 0.4999939 
3536 Rop: 33.14904053032 Str:  69 MRstruts:   0 Thi: 0.4999939 
3537 Rop: 33.14904051669 Str:  69 MRstruts:   0 Thi: 0.4999939 
3538 Rop: 33.14904051242 Str:  69 MRstruts:   0 Thi: 0.4999939 
3539 Rop: 33.14904050671 Str:  69 MRstruts:   0 Thi: 0.4999939 
3540 Rop: 33.14904050104 Str:  69 MRstruts:   0 Thi: 0.4999939 
3541 Rop: 33.14904049595 Str:  69 MRstruts:   0 Thi: 0.4999939 
3542 Rop: 33.14904048842 Str:  69 MRstruts:   0 Thi: 0.4999939 
3543 Rop: 33.14904048457 Str:  69 MRstruts:   0 Thi: 0.4999939 
3544 Rop: 33.14904024182 Str:  69 MRstruts:   0 Thi: 0.4999939 
3545 Rop: 33.14904022524 Str:  69 MRstruts:   0 Thi: 0.4999939 
3546 Rop: 33.14904021905 Str:  69 MRstruts:   0 Thi: 0.4999939 
3547 Rop: 33.14904021531 Str:  69 MRstruts:   0 Thi: 0.4999939 
3548 Rop: 33.14904014654 Str:  69 MRstruts:   0 Thi: 0.4999939 
3549 Rop: 33.14904013734 Str:  69 MRstruts:   0 Thi: 0.4999939 
3550 Rop: 33.14904013309 Str:  69 MRstruts:   0 Thi: 0.4999939 
3551 Rop: 33.14904012372 Str:  69 MRstruts:   0 Thi: 0.4999939 
3552 Rop: 33.14904011998 Str:  69 MRstruts:   0 Thi: 0.4999939 
3553 Rop: 33.14904009563 Str:  69 MRstruts:   0 Thi: 0.4999939 
3554 Rop: 33.14904009021 Str:  69 MRstruts:   0 Thi: 0.4999939 
3555 Rop: 33.14904008582 Str:  69 MRstruts:   0 Thi: 0.4999939 
3556 Rop: 33.14904006939 Str:  69 MRstruts:   0 Thi: 0.4999939 
3557 Rop: 33.14904006492 Str:  69 MRstruts:   0 Thi: 0.4999939 
3558 Rop: 33.14904005821 Str:  69 MRstruts:   0 Thi: 0.4999939 
3559 Rop: 33.14904005415 Str:  69 MRstruts:   0 Thi: 0.4999939 
3560 Rop: 33.14904001599 Str:  69 MRstruts:   0 Thi: 0.4999939 
3561 Rop: 33.14904000711 Str:  69 MRstruts:   0 Thi: 0.4999939 
3562 Rop: 33.14904000302 Str:  69 MRstruts:   0 Thi: 0.4999939 
3563 Rop: 33.14903999631 Str:  69 MRstruts:   0 Thi: 0.4999939 
3564 Rop: 33.14903999177 Str:  69 MRstruts:   0 Thi: 0.4999939 
3565 Rop: 33.14903998004 Str:  69 MRstruts:   0 Thi: 0.4999939 
3566 Rop: 33.14903997602 Str:  69 MRstruts:   0 Thi: 0.4999939 
3567 Rop: 33.14903995622 Str:  69 MRstruts:   0 Thi: 0.4999939 
3568 Rop: 33.14903995087 Str:  69 MRstruts:   0 Thi: 0.4999939 
3569 Rop: 33.14903994697 Str:  69 MRstruts:   0 Thi: 0.4999939 
3570 Rop: 33.14903983466 Str:  69 MRstruts:   0 Thi: 0.4999939 
3571 Rop: 33.14903981469 Str:  69 MRstruts:   0 Thi: 0.4999939 
3572 Rop: 33.14903980750 Str:  69 MRstruts:   0 Thi: 0.4999939 
3573 Rop: 33.14903980372 Str:  69 MRstruts:   0 Thi: 0.4999939 
3574 Rop: 33.14903978861 Str:  69 MRstruts:   0 Thi: 0.4999939 
3575 Rop: 33.14903978426 Str:  69 MRstruts:   0 Thi: 0.4999939 
3576 Rop: 33.14903977663 Str:  69 MRstruts:   0 Thi: 0.4999939 
3577 Rop: 33.14903977284 Str:  69 MRstruts:   0 Thi: 0.4999939 
3578 Rop: 33.14903950481 Str:  69 MRstruts:   0 Thi: 0.4999939 
3579 Rop: 33.14903950007 Str:  69 MRstruts:   0 Thi: 0.4999939 
3580 Rop: 33.14903949576 Str:  69 MRstruts:   0 Thi: 0.4999939 
3581 Rop: 33.14903947904 Str:  69 MRstruts:   0 Thi: 0.4999939 
3582 Rop: 33.14903947428 Str:  69 MRstruts:   0 Thi: 0.4999939 
3583 Rop: 33.14903947002 Str:  69 MRstruts:   0 Thi: 0.4999939 
3584 Rop: 33.14903945130 Str:  69 MRstruts:   0 Thi: 0.4999939 
3585 Rop: 33.14903944614 Str:  69 MRstruts:   0 Thi: 0.4999939 
3586 Rop: 33.14903944221 Str:  69 MRstruts:   0 Thi: 0.4999939 
3587 Rop: 33.14903937140 Str:  69 MRstruts:   0 Thi: 0.4999939 
3588 Rop: 33.14903935672 Str:  69 MRstruts:   0 Thi: 0.4999939 
3589 Rop: 33.14903935109 Str:  69 MRstruts:   0 Thi: 0.4999939 
3590 Rop: 33.14903934734 Str:  69 MRstruts:   0 Thi: 0.4999939 
3591 Rop: 33.14903908973 Str:  69 MRstruts:   0 Thi: 0.4999939 
3592 Rop: 33.14903908575 Str:  69 MRstruts:   0 Thi: 0.4999939 
3593 Rop: 33.14903903492 Str:  69 MRstruts:   0 Thi: 0.4999939 
3594 Rop: 33.14903902342 Str:  69 MRstruts:   0 Thi: 0.4999939 
3595 Rop: 33.14903901862 Str:  69 MRstruts:   0 Thi: 0.4999939 
3596 Rop: 33.14903901444 Str:  69 MRstruts:   0 Thi: 0.4999939 
3597 Rop: 33.14903899072 Str:  69 MRstruts:   0 Thi: 0.4999939 
3598 Rop: 33.14903898473 Str:  69 MRstruts:   0 Thi: 0.4999939 
3599 Rop: 33.14903898083 Str:  69 MRstruts:   0 Thi: 0.4999939 
3600 Rop: 33.14903883083 Str:  69 MRstruts:   0 Thi: 0.4999939 
3601 Rop: 33.14903880388 Str:  69 MRstruts:   0 Thi: 0.4999939 
3602 Rop: 33.14903879060 Str:  69 MRstruts:   0 Thi: 0.4999939 
3603 Rop: 33.14903878137 Str:  69 MRstruts:   0 Thi: 0.4999939 
3604 Rop: 33.14903862027 Str:  69 MRstruts:   0 Thi: 0.4999939 
3605 Rop: 33.14903855029 Str:  69 MRstruts:   0 Thi: 0.4999939 
3606 Rop: 33.14903851870 Str:  69 MRstruts:   0 Thi: 0.4999939 
3607 Rop: 33.14903851412 Str:  69 MRstruts:   0 Thi: 0.4999939 
3608 Rop: 33.14903841090 Str:  69 MRstruts:   0 Thi: 0.4999939 
3609 Rop: 33.14903831208 Str:  69 MRstruts:   0 Thi: 0.4999939 
3610 Rop: 33.14903830099 Str:  69 MRstruts:   0 Thi: 0.4999939 
3611 Rop: 33.14903829095 Str:  69 MRstruts:   0 Thi: 0.4999939 
3612 Rop: 33.14903828126 Str:  69 MRstruts:   0 Thi: 0.4999939 
3613 Rop: 33.14903827764 Str:  69 MRstruts:   0 Thi: 0.4999939 
3614 Rop: 33.14903822446 Str:  69 MRstruts:   0 Thi: 0.4999939 
3615 Rop: 33.14903821695 Str:  69 MRstruts:   0 Thi: 0.4999939 
3616 Rop: 33.14903821295 Str:  69 MRstruts:   0 Thi: 0.4999939 
3617 Rop: 33.14903819043 Str:  69 MRstruts:   0 Thi: 0.4999939 
3618 Rop: 33.14903818497 Str:  69 MRstruts:   0 Thi: 0.4999939 
3619 Rop: 33.14903818100 Str:  69 MRstruts:   0 Thi: 0.4999939 
3620 Rop: 33.14903810301 Str:  69 MRstruts:   0 Thi: 0.4999939 
3621 Rop: 33.14903808282 Str:  69 MRstruts:   0 Thi: 0.4999939 
3622 Rop: 33.14903804963 Str:  69 MRstruts:   0 Thi: 0.4999939 
3623 Rop: 33.14903803251 Str:  69 MRstruts:   0 Thi: 0.4999939 
3624 Rop: 33.14903802586 Str:  69 MRstruts:   0 Thi: 0.4999939 
3625 Rop: 33.14903801994 Str:  69 MRstruts:   0 Thi: 0.4999939 
3626 Rop: 33.14903801533 Str:  69 MRstruts:   0 Thi: 0.4999939 
3627 Rop: 33.14903800557 Str:  69 MRstruts:   0 Thi: 0.4999939 
3628 Rop: 33.14903800187 Str:  69 MRstruts:   0 Thi: 0.4999939 
3629 Rop: 33.14903798686 Str:  69 MRstruts:   0 Thi: 0.4999939 
3630 Rop: 33.14903798258 Str:  69 MRstruts:   0 Thi: 0.4999939 
3631 Rop: 33.14903797513 Str:  69 MRstruts:   0 Thi: 0.4999939 
3632 Rop: 33.14903797141 Str:  69 MRstruts:   0 Thi: 0.4999939 
3633 Rop: 33.14903770576 Str:  69 MRstruts:   0 Thi: 0.4999939 
3634 Rop: 33.14903769919 Str:  69 MRstruts:   0 Thi: 0.4999939 
3635 Rop: 33.14903769561 Str:  69 MRstruts:   0 Thi: 0.4999939 
3636 Rop: 33.14903768373 Str:  69 MRstruts:   0 Thi: 0.4999939 
3637 Rop: 33.14903767990 Str:  69 MRstruts:   0 Thi: 0.4999939 
3638 Rop: 33.14903766305 Str:  69 MRstruts:   0 Thi: 0.4999939 
3639 Rop: 33.14903765843 Str:  69 MRstruts:   0 Thi: 0.4999939 
3640 Rop: 33.14903765442 Str:  69 MRstruts:   0 Thi: 0.4999939 
3641 Rop: 33.14903762334 Str:  69 MRstruts:   0 Thi: 0.4999939 
3642 Rop: 33.14903761594 Str:  69 MRstruts:   0 Thi: 0.4999939 
3643 Rop: 33.14903761222 Str:  69 MRstruts:   0 Thi: 0.4999939 
3644 Rop: 33.14903760277 Str:  69 MRstruts:   0 Thi: 0.4999939 
3645 Rop: 33.14903759898 Str:  69 MRstruts:   0 Thi: 0.4999939 
3646 Rop: 33.14903750195 Str:  69 MRstruts:   0 Thi: 0.4999939 
3647 Rop: 33.14903748449 Str:  69 MRstruts:   0 Thi: 0.4999939 
3648 Rop: 33.14903747795 Str:  69 MRstruts:   0 Thi: 0.4999939 
3649 Rop: 33.14903747439 Str:  69 MRstruts:   0 Thi: 0.4999939 
3650 Rop: 33.14903746095 Str:  69 MRstruts:   0 Thi: 0.4999939 
3651 Rop: 33.14903745702 Str:  69 MRstruts:   0 Thi: 0.4999939 
3652 Rop: 33.14903744820 Str:  69 MRstruts:   0 Thi: 0.4999939 
3653 Rop: 33.14903744471 Str:  69 MRstruts:   0 Thi: 0.4999939 
3654 Rop: 33.14903741788 Str:  69 MRstruts:   0 Thi: 0.4999939 
3655 Rop: 33.14903741258 Str:  69 MRstruts:   0 Thi: 0.4999939 
3656 Rop: 33.14903740869 Str:  69 MRstruts:   0 Thi: 0.4999939 
3657 Rop: 33.14903733391 Str:  69 MRstruts:   0 Thi: 0.4999939 
3658 Rop: 33.14903732104 Str:  69 MRstruts:   0 Thi: 0.4999939 
3659 Rop: 33.14903731534 Str:  69 MRstruts:   0 Thi: 0.4999939 
3660 Rop: 33.14903728311 Str:  69 MRstruts:   0 Thi: 0.4999939 
3661 Rop: 33.14903727612 Str:  69 MRstruts:   0 Thi: 0.4999939 
3662 Rop: 33.14903727085 Str:  69 MRstruts:   0 Thi: 0.4999939 
3663 Rop: 33.14903725593 Str:  69 MRstruts:   0 Thi: 0.4999939 
3664 Rop: 33.14903725179 Str:  69 MRstruts:   0 Thi: 0.4999939 
3665 Rop: 33.14903723407 Str:  69 MRstruts:   0 Thi: 0.4999939 
3666 Rop: 33.14903722942 Str:  69 MRstruts:   0 Thi: 0.4999939 
3667 Rop: 33.14903722394 Str:  69 MRstruts:   0 Thi: 0.4999939 
3668 Rop: 33.14903721336 Str:  69 MRstruts:   0 Thi: 0.4999939 
3669 Rop: 33.14903720952 Str:  69 MRstruts:   0 Thi: 0.4999939 
3670 Rop: 33.14903719999 Str:  69 MRstruts:   0 Thi: 0.4999939 
3671 Rop: 33.14903719610 Str:  69 MRstruts:   0 Thi: 0.4999939 
3672 Rop: 33.14903708640 Str:  69 MRstruts:   0 Thi: 0.4999939 
3673 Rop: 33.14903705914 Str:  69 MRstruts:   0 Thi: 0.4999939 
3674 Rop: 33.14903704975 Str:  69 MRstruts:   0 Thi: 0.4999939 
3675 Rop: 33.14903704440 Str:  69 MRstruts:   0 Thi: 0.4999939 
3676 Rop: 33.14903701688 Str:  69 MRstruts:   0 Thi: 0.4999939 
3677 Rop: 33.14903700972 Str:  69 MRstruts:   0 Thi: 0.4999939 
3678 Rop: 33.14903700483 Str:  69 MRstruts:   0 Thi: 0.4999939 
3679 Rop: 33.14903692990 Str:  69 MRstruts:   0 Thi: 0.4999939 
3680 Rop: 33.14903686579 Str:  69 MRstruts:   0 Thi: 0.4999939 
3681 Rop: 33.14903683735 Str:  69 MRstruts:   0 Thi: 0.4999939 
3682 Rop: 33.14903680732 Str:  69 MRstruts:   0 Thi: 0.4999939 
3683 Rop: 33.14903679259 Str:  69 MRstruts:   0 Thi: 0.4999939 
3684 Rop: 33.14903677735 Str:  69 MRstruts:   0 Thi: 0.4999939 
3685 Rop: 33.14903676209 Str:  69 MRstruts:   0 Thi: 0.4999939 
3686 Rop: 33.14903674557 Str:  69 MRstruts:   0 Thi: 0.4999939 
3687 Rop: 33.14903673112 Str:  69 MRstruts:   0 Thi: 0.4999939 
3688 Rop: 33.14903672539 Str:  69 MRstruts:   0 Thi: 0.4999939 
3689 Rop: 33.14903672102 Str:  69 MRstruts:   0 Thi: 0.4999939 
3690 Rop: 33.14903671008 Str:  69 MRstruts:   0 Thi: 0.4999939 
3691 Rop: 33.14903670637 Str:  69 MRstruts:   0 Thi: 0.4999939 
3692 Rop: 33.14903669842 Str:  69 MRstruts:   0 Thi: 0.4999939 
3693 Rop: 33.14903669460 Str:  69 MRstruts:   0 Thi: 0.4999939 
3694 Rop: 33.14903656841 Str:  69 MRstruts:   0 Thi: 0.4999939 
3695 Rop: 33.14903655844 Str:  69 MRstruts:   0 Thi: 0.4999939 
3696 Rop: 33.14903655411 Str:  69 MRstruts:   0 Thi: 0.4999939 
3697 Rop: 33.14903654548 Str:  69 MRstruts:   0 Thi: 0.4999939 
3698 Rop: 33.14903654175 Str:  69 MRstruts:   0 Thi: 0.4999939 
3699 Rop: 33.14903650172 Str:  69 MRstruts:   0 Thi: 0.4999939 
3700 Rop: 33.14903649326 Str:  69 MRstruts:   0 Thi: 0.4999939 
3701 Rop: 33.14903648894 Str:  69 MRstruts:   0 Thi: 0.4999939 
3702 Rop: 33.14903632521 Str:  69 MRstruts:   0 Thi: 0.4999939 
3703 Rop: 33.14903625265 Str:  69 MRstruts:   0 Thi: 0.4999939 
3704 Rop: 33.14903622854 Str:  69 MRstruts:   0 Thi: 0.4999939 
3705 Rop: 33.14903622275 Str:  69 MRstruts:   0 Thi: 0.4999939 
3706 Rop: 33.14903621306 Str:  69 MRstruts:   0 Thi: 0.4999939 
3707 Rop: 33.14903620911 Str:  69 MRstruts:   0 Thi: 0.4999939 
3708 Rop: 33.14903619032 Str:  69 MRstruts:   0 Thi: 0.4999939 
3709 Rop: 33.14903618461 Str:  69 MRstruts:   0 Thi: 0.4999939 
3710 Rop: 33.14903617848 Str:  69 MRstruts:   0 Thi: 0.4999939 
3711 Rop: 33.14903617402 Str:  69 MRstruts:   0 Thi: 0.4999939 
3712 Rop: 33.14903616228 Str:  69 MRstruts:   0 Thi: 0.4999939 
3713 Rop: 33.14903615832 Str:  69 MRstruts:   0 Thi: 0.4999939 
3714 Rop: 33.14903615131 Str:  69 MRstruts:   0 Thi: 0.4999939 
3715 Rop: 33.14903614723 Str:  69 MRstruts:   0 Thi: 0.4999939 
3716 Rop: 33.14903612345 Str:  69 MRstruts:   0 Thi: 0.4999939 
3717 Rop: 33.14903611826 Str:  69 MRstruts:   0 Thi: 0.4999939 
3718 Rop: 33.14903611420 Str:  69 MRstruts:   0 Thi: 0.4999939 
3719 Rop: 33.14903609406 Str:  69 MRstruts:   0 Thi: 0.4999939 
3720 Rop: 33.14903608931 Str:  69 MRstruts:   0 Thi: 0.4999939 
3721 Rop: 33.14903608475 Str:  69 MRstruts:   0 Thi: 0.4999939 
3722 Rop: 33.14903607692 Str:  69 MRstruts:   0 Thi: 0.4999939 
3723 Rop: 33.14903607310 Str:  69 MRstruts:   0 Thi: 0.4999939 
3724 Rop: 33.14903596164 Str:  69 MRstruts:   0 Thi: 0.4999939 
3725 Rop: 33.14903595234 Str:  69 MRstruts:   0 Thi: 0.4999939 
3726 Rop: 33.14903594821 Str:  69 MRstruts:   0 Thi: 0.4999939 
3727 Rop: 33.14903594125 Str:  69 MRstruts:   0 Thi: 0.4999939 
3728 Rop: 33.14903593762 Str:  69 MRstruts:   0 Thi: 0.4999939 
3729 Rop: 33.14903576665 Str:  69 MRstruts:   0 Thi: 0.4999939 
3730 Rop: 33.14903574512 Str:  69 MRstruts:   0 Thi: 0.4999939 
3731 Rop: 33.14903573751 Str:  69 MRstruts:   0 Thi: 0.4999939 
3732 Rop: 33.14903573382 Str:  69 MRstruts:   0 Thi: 0.4999939 
3733 Rop: 33.14903572578 Str:  69 MRstruts:   0 Thi: 0.4999939 
3734 Rop: 33.14903572202 Str:  69 MRstruts:   0 Thi: 0.4999939 
3735 Rop: 33.14903553184 Str:  69 MRstruts:   0 Thi: 0.4999939 
3736 Rop: 33.14903552666 Str:  69 MRstruts:   0 Thi: 0.4999939 
3737 Rop: 33.14903552263 Str:  69 MRstruts:   0 Thi: 0.4999939 
3738 Rop: 33.14903550271 Str:  69 MRstruts:   0 Thi: 0.4999939 
3739 Rop: 33.14903549804 Str:  69 MRstruts:   0 Thi: 0.4999939 
3740 Rop: 33.14903549351 Str:  69 MRstruts:   0 Thi: 0.4999939 
3741 Rop: 33.14903548598 Str:  69 MRstruts:   0 Thi: 0.4999939 
3742 Rop: 33.14903548217 Str:  69 MRstruts:   0 Thi: 0.4999939 
3743 Rop: 33.14903541090 Str:  69 MRstruts:   0 Thi: 0.4999939 
3744 Rop: 33.14903540209 Str:  69 MRstruts:   0 Thi: 0.4999939 
3745 Rop: 33.14903539808 Str:  69 MRstruts:   0 Thi: 0.4999939 
3746 Rop: 33.14903539046 Str:  69 MRstruts:   0 Thi: 0.4999939 
3747 Rop: 33.14903538697 Str:  69 MRstruts:   0 Thi: 0.4999939 
3748 Rop: 33.14903528038 Str:  69 MRstruts:   0 Thi: 0.4999939 
3749 Rop: 33.14903527122 Str:  69 MRstruts:   0 Thi: 0.4999939 
3750 Rop: 33.14903526712 Str:  69 MRstruts:   0 Thi: 0.4999939 
3751 Rop: 33.14903526050 Str:  69 MRstruts:   0 Thi: 0.4999939 
3752 Rop: 33.14903525686 Str:  69 MRstruts:   0 Thi: 0.4999939 
3753 Rop: 33.14903516767 Str:  69 MRstruts:   0 Thi: 0.4999939 
3754 Rop: 33.14903515065 Str:  69 MRstruts:   0 Thi: 0.4999939 
3755 Rop: 33.14903514438 Str:  69 MRstruts:   0 Thi: 0.4999939 
3756 Rop: 33.14903514091 Str:  69 MRstruts:   0 Thi: 0.4999939 
3757 Rop: 33.14903511932 Str:  69 MRstruts:   0 Thi: 0.4999939 
3758 Rop: 33.14903511442 Str:  69 MRstruts:   0 Thi: 0.4999939 
3759 Rop: 33.14903511026 Str:  69 MRstruts:   0 Thi: 0.4999939 
3760 Rop: 33.14903509820 Str:  69 MRstruts:   0 Thi: 0.4999939 
3761 Rop: 33.14903509438 Str:  69 MRstruts:   0 Thi: 0.4999939 
3762 Rop: 33.14903508317 Str:  69 MRstruts:   0 Thi: 0.4999939 
3763 Rop: 33.14903507945 Str:  69 MRstruts:   0 Thi: 0.4999939 
3764 Rop: 33.14903507275 Str:  69 MRstruts:   0 Thi: 0.4999939 
3765 Rop: 33.14903506878 Str:  69 MRstruts:   0 Thi: 0.4999939 
3766 Rop: 33.14903504778 Str:  69 MRstruts:   0 Thi: 0.4999939 
3767 Rop: 33.14903504296 Str:  69 MRstruts:   0 Thi: 0.4999939 
3768 Rop: 33.14903503873 Str:  69 MRstruts:   0 Thi: 0.4999939 
3769 Rop: 33.14903502814 Str:  69 MRstruts:   0 Thi: 0.4999939 
3770 Rop: 33.14903502444 Str:  69 MRstruts:   0 Thi: 0.4999939 
3771 Rop: 33.14903500281 Str:  69 MRstruts:   0 Thi: 0.4999939 
3772 Rop: 33.14903499725 Str:  69 MRstruts:   0 Thi: 0.4999939 
3773 Rop: 33.14903499380 Str:  69 MRstruts:   0 Thi: 0.4999939 
3774 Rop: 33.14903490725 Str:  69 MRstruts:   0 Thi: 0.4999939 
3775 Rop: 33.14903489814 Str:  69 MRstruts:   0 Thi: 0.4999939 
3776 Rop: 33.14903489407 Str:  69 MRstruts:   0 Thi: 0.4999939 
3777 Rop: 33.14903488755 Str:  69 MRstruts:   0 Thi: 0.4999939 
3778 Rop: 33.14903488392 Str:  69 MRstruts:   0 Thi: 0.4999939 
3779 Rop: 33.14903480356 Str:  69 MRstruts:   0 Thi: 0.4999939 
3780 Rop: 33.14903478789 Str:  69 MRstruts:   0 Thi: 0.4999939 
3781 Rop: 33.14903478207 Str:  69 MRstruts:   0 Thi: 0.4999939 
3782 Rop: 33.14903477864 Str:  69 MRstruts:   0 Thi: 0.4999939 
3783 Rop: 33.14903473813 Str:  69 MRstruts:   0 Thi: 0.4999939 
3784 Rop: 33.14903473123 Str:  69 MRstruts:   0 Thi: 0.4999939 
3785 Rop: 33.14903472756 Str:  69 MRstruts:   0 Thi: 0.4999939 
3786 Rop: 33.14903469858 Str:  69 MRstruts:   0 Thi: 0.4999939 
3787 Rop: 33.14903469157 Str:  69 MRstruts:   0 Thi: 0.4999939 
3788 Rop: 33.14903468800 Str:  69 MRstruts:   0 Thi: 0.4999939 
3789 Rop: 33.14903467614 Str:  69 MRstruts:   0 Thi: 0.4999939 
3790 Rop: 33.14903467231 Str:  69 MRstruts:   0 Thi: 0.4999939 
3791 Rop: 33.14903466085 Str:  69 MRstruts:   0 Thi: 0.4999939 
3792 Rop: 33.14903465708 Str:  69 MRstruts:   0 Thi: 0.4999939 
3793 Rop: 33.14903465030 Str:  69 MRstruts:   0 Thi: 0.4999939 
3794 Rop: 33.14903464640 Str:  69 MRstruts:   0 Thi: 0.4999939 
3795 Rop: 33.14903462229 Str:  69 MRstruts:   0 Thi: 0.4999939 
3796 Rop: 33.14903461721 Str:  69 MRstruts:   0 Thi: 0.4999939 
3797 Rop: 33.14903461333 Str:  69 MRstruts:   0 Thi: 0.4999939 
3798 Rop: 33.14903458822 Str:  69 MRstruts:   0 Thi: 0.4999939 
3799 Rop: 33.14903458288 Str:  69 MRstruts:   0 Thi: 0.4999939 
3800 Rop: 33.14903457906 Str:  69 MRstruts:   0 Thi: 0.4999939 
3801 Rop: 33.14903454210 Str:  69 MRstruts:   0 Thi: 0.4999939 
3802 Rop: 33.14903453591 Str:  69 MRstruts:   0 Thi: 0.4999939 
3803 Rop: 33.14903453232 Str:  69 MRstruts:   0 Thi: 0.4999939 
3804 Rop: 33.14903446983 Str:  69 MRstruts:   0 Thi: 0.4999939 
3805 Rop: 33.14903445751 Str:  69 MRstruts:   0 Thi: 0.4999939 
3806 Rop: 33.14903445228 Str:  69 MRstruts:   0 Thi: 0.4999939 
3807 Rop: 33.14903444863 Str:  69 MRstruts:   0 Thi: 0.4999939 
3808 Rop: 33.14903443134 Str:  69 MRstruts:   0 Thi: 0.4999939 
3809 Rop: 33.14903442543 Str:  69 MRstruts:   0 Thi: 0.4999939 
3810 Rop: 33.14903439048 Str:  69 MRstruts:   0 Thi: 0.4999939 
3811 Rop: 33.14903438164 Str:  69 MRstruts:   0 Thi: 0.4999939 
3812 Rop: 33.14903437536 Str:  69 MRstruts:   0 Thi: 0.4999939 
3813 Rop: 33.14903436814 Str:  69 MRstruts:   0 Thi: 0.4999939 
3814 Rop: 33.14903436419 Str:  69 MRstruts:   0 Thi: 0.4999939 
3815 Rop: 33.14903434528 Str:  69 MRstruts:   0 Thi: 0.4999939 
3816 Rop: 33.14903434061 Str:  69 MRstruts:   0 Thi: 0.4999939 
3817 Rop: 33.14903433610 Str:  69 MRstruts:   0 Thi: 0.4999939 
3818 Rop: 33.14903432912 Str:  69 MRstruts:   0 Thi: 0.4999939 
3819 Rop: 33.14903432532 Str:  69 MRstruts:   0 Thi: 0.4999939 
3820 Rop: 33.14903429001 Str:  69 MRstruts:   0 Thi: 0.4999939 
3821 Rop: 33.14903428365 Str:  69 MRstruts:   0 Thi: 0.4999939 
3822 Rop: 33.14903428004 Str:  69 MRstruts:   0 Thi: 0.4999939 
3823 Rop: 33.14903421318 Str:  69 MRstruts:   0 Thi: 0.4999939 
3824 Rop: 33.14903419958 Str:  69 MRstruts:   0 Thi: 0.4999939 
3825 Rop: 33.14903419436 Str:  69 MRstruts:   0 Thi: 0.4999939 
3826 Rop: 33.14903419078 Str:  69 MRstruts:   0 Thi: 0.4999939 
3827 Rop: 33.14903401016 Str:  69 MRstruts:   0 Thi: 0.4999939 
3828 Rop: 33.14903398261 Str:  69 MRstruts:   0 Thi: 0.4999939 
3829 Rop: 33.14903397076 Str:  69 MRstruts:   0 Thi: 0.4999939 
3830 Rop: 33.14903396323 Str:  69 MRstruts:   0 Thi: 0.4999939 
3831 Rop: 33.14903395130 Str:  69 MRstruts:   0 Thi: 0.4999939 
3832 Rop: 33.14903394346 Str:  69 MRstruts:   0 Thi: 0.4999939 
3833 Rop: 33.14903393868 Str:  69 MRstruts:   0 Thi: 0.4999939 
3834 Rop: 33.14903393317 Str:  69 MRstruts:   0 Thi: 0.4999939 
3835 Rop: 33.14903392857 Str:  69 MRstruts:   0 Thi: 0.4999939 
3836 Rop: 33.14903392257 Str:  69 MRstruts:   0 Thi: 0.4999939 
3837 Rop: 33.14903391840 Str:  69 MRstruts:   0 Thi: 0.4999939 
3838 Rop: 33.14903390863 Str:  69 MRstruts:   0 Thi: 0.4999939 
3839 Rop: 33.14903390505 Str:  69 MRstruts:   0 Thi: 0.4999939 
3840 Rop: 33.14903387350 Str:  69 MRstruts:   0 Thi: 0.4999939 
3841 Rop: 33.14903386599 Str:  69 MRstruts:   0 Thi: 0.4999939 
3842 Rop: 33.14903386240 Str:  69 MRstruts:   0 Thi: 0.4999939 
3843 Rop: 33.14903385540 Str:  69 MRstruts:   0 Thi: 0.4999939 
3844 Rop: 33.14903385165 Str:  69 MRstruts:   0 Thi: 0.4999939 
3845 Rop: 33.14903381316 Str:  69 MRstruts:   0 Thi: 0.4999939 
3846 Rop: 33.14903380662 Str:  69 MRstruts:   0 Thi: 0.4999939 
3847 Rop: 33.14903380305 Str:  69 MRstruts:   0 Thi: 0.4999939 
3848 Rop: 33.14903376610 Str:  69 MRstruts:   0 Thi: 0.4999939 
3849 Rop: 33.14903375762 Str:  69 MRstruts:   0 Thi: 0.4999939 
3850 Rop: 33.14903375383 Str:  69 MRstruts:   0 Thi: 0.4999939 
3851 Rop: 33.14903374863 Str:  69 MRstruts:   0 Thi: 0.4999939 
3852 Rop: 33.14903374367 Str:  69 MRstruts:   0 Thi: 0.4999939 
3853 Rop: 33.14903373886 Str:  69 MRstruts:   0 Thi: 0.4999939 
3854 Rop: 33.14903373299 Str:  69 MRstruts:   0 Thi: 0.4999939 
3855 Rop: 33.14903372923 Str:  69 MRstruts:   0 Thi: 0.4999939 
3856 Rop: 33.14903370524 Str:  69 MRstruts:   0 Thi: 0.4999939 
3857 Rop: 33.14903369927 Str:  69 MRstruts:   0 Thi: 0.4999938 
3858 Rop: 33.14903369592 Str:  69 MRstruts:   0 Thi: 0.4999938 
3859 Rop: 33.14903367259 Str:  69 MRstruts:   0 Thi: 0.4999938 
3860 Rop: 33.14903366760 Str:  69 MRstruts:   0 Thi: 0.4999938 
3861 Rop: 33.14903366378 Str:  69 MRstruts:   0 Thi: 0.4999938 
3862 Rop: 33.14903364117 Str:  69 MRstruts:   0 Thi: 0.4999938 
3863 Rop: 33.14903363622 Str:  69 MRstruts:   0 Thi: 0.4999938 
3864 Rop: 33.14903363237 Str:  69 MRstruts:   0 Thi: 0.4999938 
3865 Rop: 33.14903361182 Str:  69 MRstruts:   0 Thi: 0.4999938 
3866 Rop: 33.14903360715 Str:  69 MRstruts:   0 Thi: 0.4999938 
3867 Rop: 33.14903360305 Str:  69 MRstruts:   0 Thi: 0.4999938 
3868 Rop: 33.14903359260 Str:  69 MRstruts:   0 Thi: 0.4999938 
3869 Rop: 33.14903358900 Str:  69 MRstruts:   0 Thi: 0.4999938 
3870 Rop: 33.14903357045 Str:  69 MRstruts:   0 Thi: 0.4999938 
3871 Rop: 33.14903356552 Str:  69 MRstruts:   0 Thi: 0.4999938 
3872 Rop: 33.14903356209 Str:  69 MRstruts:   0 Thi: 0.4999938 
3873 Rop: 33.14903335475 Str:  69 MRstruts:   0 Thi: 0.4999938 
3874 Rop: 33.14903333840 Str:  69 MRstruts:   0 Thi: 0.4999938 
3875 Rop: 33.14903333241 Str:  69 MRstruts:   0 Thi: 0.4999938 
3876 Rop: 33.14903332908 Str:  69 MRstruts:   0 Thi: 0.4999938 
3877 Rop: 33.14903330835 Str:  69 MRstruts:   0 Thi: 0.4999938 
3878 Rop: 33.14903330368 Str:  69 MRstruts:   0 Thi: 0.4999938 
3879 Rop: 33.14903329966 Str:  69 MRstruts:   0 Thi: 0.4999938 
3880 Rop: 33.14903328837 Str:  69 MRstruts:   0 Thi: 0.4999938 
3881 Rop: 33.14903328473 Str:  69 MRstruts:   0 Thi: 0.4999938 
3882 Rop: 33.14903327253 Str:  69 MRstruts:   0 Thi: 0.4999938 
3883 Rop: 33.14903326874 Str:  69 MRstruts:   0 Thi: 0.4999938 
3884 Rop: 33.14903326381 Str:  69 MRstruts:   0 Thi: 0.4999938 
3885 Rop: 33.14903325847 Str:  69 MRstruts:   0 Thi: 0.4999938 
3886 Rop: 33.14903325436 Str:  69 MRstruts:   0 Thi: 0.4999938 
3887 Rop: 33.14903324435 Str:  69 MRstruts:   0 Thi: 0.4999938 
3888 Rop: 33.14903324087 Str:  69 MRstruts:   0 Thi: 0.4999938 
3889 Rop: 33.14903323293 Str:  69 MRstruts:   0 Thi: 0.4999938 
3890 Rop: 33.14903322940 Str:  69 MRstruts:   0 Thi: 0.4999938 
3891 Rop: 33.14903298999 Str:  69 MRstruts:   0 Thi: 0.4999938 
3892 Rop: 33.14903298496 Str:  69 MRstruts:   0 Thi: 0.4999938 
3893 Rop: 33.14903298163 Str:  69 MRstruts:   0 Thi: 0.4999938 
3894 Rop: 33.14903278639 Str:  69 MRstruts:   0 Thi: 0.4999938 
3895 Rop: 33.14903278270 Str:  69 MRstruts:   0 Thi: 0.4999938 
3896 Rop: 33.14903277401 Str:  69 MRstruts:   0 Thi: 0.4999938 
3897 Rop: 33.14903277070 Str:  69 MRstruts:   0 Thi: 0.4999938 
3898 Rop: 33.14903275632 Str:  69 MRstruts:   0 Thi: 0.4999938 
3899 Rop: 33.14903275242 Str:  69 MRstruts:   0 Thi: 0.4999938 
3900 Rop: 33.14903274643 Str:  69 MRstruts:   0 Thi: 0.4999938 
3901 Rop: 33.14903274290 Str:  69 MRstruts:   0 Thi: 0.4999938 
3902 Rop: 33.14903270141 Str:  69 MRstruts:   0 Thi: 0.4999938 
3903 Rop: 33.14903269220 Str:  69 MRstruts:   0 Thi: 0.4999938 
3904 Rop: 33.14903268825 Str:  69 MRstruts:   0 Thi: 0.4999938 
3905 Rop: 33.14903268413 Str:  69 MRstruts:   0 Thi: 0.4999938 
3906 Rop: 33.14903267521 Str:  69 MRstruts:   0 Thi: 0.4999938 
3907 Rop: 33.14903267189 Str:  69 MRstruts:   0 Thi: 0.4999938 
3908 Rop: 33.14903265936 Str:  69 MRstruts:   0 Thi: 0.4999938 
3909 Rop: 33.14903265565 Str:  69 MRstruts:   0 Thi: 0.4999938 
3910 Rop: 33.14903264773 Str:  69 MRstruts:   0 Thi: 0.4999938 
3911 Rop: 33.14903264447 Str:  69 MRstruts:   0 Thi: 0.4999938 
3912 Rop: 33.14903261752 Str:  69 MRstruts:   0 Thi: 0.4999938 
3913 Rop: 33.14903261215 Str:  69 MRstruts:   0 Thi: 0.4999938 
3914 Rop: 33.14903260863 Str:  69 MRstruts:   0 Thi: 0.4999938 
3915 Rop: 33.14903246700 Str:  69 MRstruts:   0 Thi: 0.4999938 
3916 Rop: 33.14903245989 Str:  69 MRstruts:   0 Thi: 0.4999938 
3917 Rop: 33.14903245634 Str:  69 MRstruts:   0 Thi: 0.4999938 
3918 Rop: 33.14903244371 Str:  69 MRstruts:   0 Thi: 0.4999938 
3919 Rop: 33.14903243991 Str:  69 MRstruts:   0 Thi: 0.4999938 
3920 Rop: 33.14903243548 Str:  69 MRstruts:   0 Thi: 0.4999938 
3921 Rop: 33.14903242901 Str:  69 MRstruts:   0 Thi: 0.4999938 
3922 Rop: 33.14903242568 Str:  69 MRstruts:   0 Thi: 0.4999938 
3923 Rop: 33.14903221829 Str:  69 MRstruts:   0 Thi: 0.4999938 
3924 Rop: 33.14903220376 Str:  69 MRstruts:   0 Thi: 0.4999938 
3925 Rop: 33.14903219837 Str:  69 MRstruts:   0 Thi: 0.4999938 
3926 Rop: 33.14903219512 Str:  69 MRstruts:   0 Thi: 0.4999938 
3927 Rop: 33.14903213303 Str:  69 MRstruts:   0 Thi: 0.4999938 
3928 Rop: 33.14903212451 Str:  69 MRstruts:   0 Thi: 0.4999938 
3929 Rop: 33.14903212069 Str:  69 MRstruts:   0 Thi: 0.4999938 
3930 Rop: 33.14903211157 Str:  69 MRstruts:   0 Thi: 0.4999938 
3931 Rop: 33.14903210808 Str:  69 MRstruts:   0 Thi: 0.4999938 
3932 Rop: 33.14903209529 Str:  69 MRstruts:   0 Thi: 0.4999938 
3933 Rop: 33.14903209123 Str:  69 MRstruts:   0 Thi: 0.4999938 
3934 Rop: 33.14903208270 Str:  69 MRstruts:   0 Thi: 0.4999938 
3935 Rop: 33.14903207913 Str:  69 MRstruts:   0 Thi: 0.4999938 
3936 Rop: 33.14903205639 Str:  69 MRstruts:   0 Thi: 0.4999938 
3937 Rop: 33.14903204997 Str:  69 MRstruts:   0 Thi: 0.4999938 
3938 Rop: 33.14903204512 Str:  69 MRstruts:   0 Thi: 0.4999938 
3939 Rop: 33.14903203910 Str:  69 MRstruts:   0 Thi: 0.4999938 
3940 Rop: 33.14903203514 Str:  69 MRstruts:   0 Thi: 0.4999938 
3941 Rop: 33.14903202331 Str:  69 MRstruts:   0 Thi: 0.4999938 
3942 Rop: 33.14903201966 Str:  69 MRstruts:   0 Thi: 0.4999938 
3943 Rop: 33.14903201089 Str:  69 MRstruts:   0 Thi: 0.4999938 
3944 Rop: 33.14903200759 Str:  69 MRstruts:   0 Thi: 0.4999938 
3945 Rop: 33.14903199547 Str:  69 MRstruts:   0 Thi: 0.4999938 
3946 Rop: 33.14903199178 Str:  69 MRstruts:   0 Thi: 0.4999938 
3947 Rop: 33.14903198327 Str:  69 MRstruts:   0 Thi: 0.4999938 
3948 Rop: 33.14903197998 Str:  69 MRstruts:   0 Thi: 0.4999938 
3949 Rop: 33.14903196492 Str:  69 MRstruts:   0 Thi: 0.4999938 
3950 Rop: 33.14903196084 Str:  69 MRstruts:   0 Thi: 0.4999938 
3951 Rop: 33.14903195553 Str:  69 MRstruts:   0 Thi: 0.4999938 
3952 Rop: 33.14903195168 Str:  69 MRstruts:   0 Thi: 0.4999938 
3953 Rop: 33.14903193989 Str:  69 MRstruts:   0 Thi: 0.4999938 
3954 Rop: 33.14903193622 Str:  69 MRstruts:   0 Thi: 0.4999938 
3955 Rop: 33.14903193143 Str:  69 MRstruts:   0 Thi: 0.4999938 
3956 Rop: 33.14903192632 Str:  69 MRstruts:   0 Thi: 0.4999938 
3957 Rop: 33.14903192231 Str:  69 MRstruts:   0 Thi: 0.4999938 
3958 Rop: 33.14903191334 Str:  69 MRstruts:   0 Thi: 0.4999938 
3959 Rop: 33.14903191007 Str:  69 MRstruts:   0 Thi: 0.4999938 
3960 Rop: 33.14903189944 Str:  69 MRstruts:   0 Thi: 0.4999938 
3961 Rop: 33.14903189596 Str:  69 MRstruts:   0 Thi: 0.4999938 
3962 Rop: 33.14903188241 Str:  69 MRstruts:   0 Thi: 0.4999938 
3963 Rop: 33.14903187845 Str:  69 MRstruts:   0 Thi: 0.4999938 
3964 Rop: 33.14903187455 Str:  69 MRstruts:   0 Thi: 0.4999938 
3965 Rop: 33.14903186407 Str:  69 MRstruts:   0 Thi: 0.4999938 
3966 Rop: 33.14903186062 Str:  69 MRstruts:   0 Thi: 0.4999938 
3967 Rop: 33.14903185457 Str:  69 MRstruts:   0 Thi: 0.4999938 
3968 Rop: 33.14903185082 Str:  69 MRstruts:   0 Thi: 0.4999938 
3969 Rop: 33.14903183589 Str:  69 MRstruts:   0 Thi: 0.4999938 
3970 Rop: 33.14903183198 Str:  69 MRstruts:   0 Thi: 0.4999938 
3971 Rop: 33.14903182675 Str:  69 MRstruts:   0 Thi: 0.4999938 
3972 Rop: 33.14903182292 Str:  69 MRstruts:   0 Thi: 0.4999938 
3973 Rop: 33.14903181131 Str:  70 MRstruts:   0 Thi: 0.4999938 
3974 Rop: 33.14903180770 Str:  69 MRstruts:   0 Thi: 0.4999938 
3975 Rop: 33.14903180284 Str:  69 MRstruts:   0 Thi: 0.4999938 
3976 Rop: 33.14903179796 Str:  70 MRstruts:   0 Thi: 0.4999938 
3977 Rop: 33.14903179370 Str:  69 MRstruts:   0 Thi: 0.4999938 
3978 Rop: 33.14903178685 Str:  70 MRstruts:   0 Thi: 0.4999938 
3979 Rop: 33.14903178364 Str:  69 MRstruts:   0 Thi: 0.4999938 
3980 Rop: 33.14903165649 Str:  69 MRstruts:   0 Thi: 0.4999938 
3981 Rop: 33.14903164894 Str:  70 MRstruts:   0 Thi: 0.4999938 
3982 Rop: 33.14903164531 Str:  70 MRstruts:   0 Thi: 0.4999938 
3983 Rop: 33.14903163578 Str:  70 MRstruts:   0 Thi: 0.4999938 
3984 Rop: 33.14903163250 Str:  70 MRstruts:   0 Thi: 0.4999938 
3985 Rop: 33.14903162385 Str:  70 MRstruts:   0 Thi: 0.4999938 
3986 Rop: 33.14903162042 Str:  70 MRstruts:   0 Thi: 0.4999938 
3987 Rop: 33.14903154454 Str:  70 MRstruts:   0 Thi: 0.4999938 
3988 Rop: 33.14903153045 Str:  69 MRstruts:   0 Thi: 0.4999938 
3989 Rop: 33.14903152500 Str:  69 MRstruts:   0 Thi: 0.4999938 
3990 Rop: 33.14903152178 Str:  69 MRstruts:   0 Thi: 0.4999938 
3991 Rop: 33.14903150138 Str:  70 MRstruts:   0 Thi: 0.4999938 
3992 Rop: 33.14903149684 Str:  70 MRstruts:   0 Thi: 0.4999938 
3993 Rop: 33.14903149209 Str:  70 MRstruts:   0 Thi: 0.4999938 
3994 Rop: 33.14903148654 Str:  70 MRstruts:   0 Thi: 0.4999938 
3995 Rop: 33.14903148240 Str:  70 MRstruts:   0 Thi: 0.4999938 
3996 Rop: 33.14903147480 Str:  70 MRstruts:   0 Thi: 0.4999938 
3997 Rop: 33.14903147131 Str:  70 MRstruts:   0 Thi: 0.4999938 
3998 Rop: 33.14903125603 Str:  70 MRstruts:   0 Thi: 0.4999938 
3999 Rop: 33.14903124403 Str:  70 MRstruts:   0 Thi: 0.4999938 
4000 Rop: 33.14903123789 Str:  70 MRstruts:   0 Thi: 0.4999938 
4001 Rop: 33.14903123013 Str:  70 MRstruts:   0 Thi: 0.4999938 
4002 Rop: 33.14903122661 Str:  70 MRstruts:   0 Thi: 0.4999938 
4003 Rop: 33.14903116269 Str:  70 MRstruts:   0 Thi: 0.4999938 
4004 Rop: 33.14903115035 Str:  70 MRstruts:   0 Thi: 0.4999938 
4005 Rop: 33.14903114572 Str:  70 MRstruts:   0 Thi: 0.4999938 
4006 Rop: 33.14903111100 Str:  70 MRstruts:   0 Thi: 0.4999938 
4007 Rop: 33.14903109428 Str:  70 MRstruts:   0 Thi: 0.4999938 
4008 Rop: 33.14903108708 Str:  70 MRstruts:   0 Thi: 0.4999938 
4009 Rop: 33.14903108196 Str:  70 MRstruts:   0 Thi: 0.4999938 
4010 Rop: 33.14903107640 Str:  70 MRstruts:   0 Thi: 0.4999938 
4011 Rop: 33.14903107213 Str:  70 MRstruts:   0 Thi: 0.4999938 
4012 Rop: 33.14903106506 Str:  70 MRstruts:   0 Thi: 0.4999938 
4013 Rop: 33.14903106146 Str:  70 MRstruts:   0 Thi: 0.4999938 
4014 Rop: 33.14903098590 Str:  70 MRstruts:   0 Thi: 0.4999938 
4015 Rop: 33.14903097703 Str:  70 MRstruts:   0 Thi: 0.4999938 
4016 Rop: 33.14903097322 Str:  70 MRstruts:   0 Thi: 0.4999938 
4017 Rop: 33.14903096649 Str:  70 MRstruts:   0 Thi: 0.4999938 
4018 Rop: 33.14903096321 Str:  70 MRstruts:   0 Thi: 0.4999938 
4019 Rop: 33.14903075876 Str:  70 MRstruts:   0 Thi: 0.4999938 
4020 Rop: 33.14903074635 Str:  70 MRstruts:   0 Thi: 0.4999938 
4021 Rop: 33.14903073443 Str:  70 MRstruts:   0 Thi: 0.4999938 
4022 Rop: 33.14903072969 Str:  70 MRstruts:   0 Thi: 0.4999938 
4023 Rop: 33.14903072414 Str:  70 MRstruts:   0 Thi: 0.4999938 
4024 Rop: 33.14903072038 Str:  70 MRstruts:   0 Thi: 0.4999938 
4025 Rop: 33.14903070514 Str:  70 MRstruts:   0 Thi: 0.4999938 
4026 Rop: 33.14903070065 Str:  70 MRstruts:   0 Thi: 0.4999938 
4027 Rop: 33.14903069693 Str:  70 MRstruts:   0 Thi: 0.4999938 
4028 Rop: 33.14903068231 Str:  70 MRstruts:   0 Thi: 0.4999938 
4029 Rop: 33.14903067793 Str:  70 MRstruts:   0 Thi: 0.4999938 
4030 Rop: 33.14903067412 Str:  70 MRstruts:   0 Thi: 0.4999938 
4031 Rop: 33.14903066245 Str:  70 MRstruts:   0 Thi: 0.4999938 
4032 Rop: 33.14903065865 Str:  70 MRstruts:   0 Thi: 0.4999938 
4033 Rop: 33.14903065348 Str:  70 MRstruts:   0 Thi: 0.4999938 
4034 Rop: 33.14903064919 Str:  70 MRstruts:   0 Thi: 0.4999938 
4035 Rop: 33.14903064328 Str:  70 MRstruts:   0 Thi: 0.4999938 
4036 Rop: 33.14903063951 Str:  70 MRstruts:   0 Thi: 0.4999938 
4037 Rop: 33.14903062592 Str:  70 MRstruts:   0 Thi: 0.4999938 
4038 Rop: 33.14903062196 Str:  70 MRstruts:   0 Thi: 0.4999938 
4039 Rop: 33.14903061575 Str:  70 MRstruts:   0 Thi: 0.4999938 
4040 Rop: 33.14903061238 Str:  70 MRstruts:   0 Thi: 0.4999938 
4041 Rop: 33.14903050633 Str:  70 MRstruts:   0 Thi: 0.4999938 
4042 Rop: 33.14903048812 Str:  70 MRstruts:   0 Thi: 0.4999938 
4043 Rop: 33.14903048180 Str:  70 MRstruts:   0 Thi: 0.4999938 
4044 Rop: 33.14903047851 Str:  70 MRstruts:   0 Thi: 0.4999938 
4045 Rop: 33.14903045226 Str:  70 MRstruts:   0 Thi: 0.4999938 
4046 Rop: 33.14903044665 Str:  70 MRstruts:   0 Thi: 0.4999938 
4047 Rop: 33.14903044313 Str:  70 MRstruts:   0 Thi: 0.4999938 
4048 Rop: 33.14903037935 Str:  71 MRstruts:   0 Thi: 0.4999938 
4049 Rop: 33.14903037073 Str:  70 MRstruts:   0 Thi: 0.4999938 
4050 Rop: 33.14903036699 Str:  70 MRstruts:   0 Thi: 0.4999938 
4051 Rop: 33.14903035901 Str:  70 MRstruts:   0 Thi: 0.4999938 
4052 Rop: 33.14903035575 Str:  70 MRstruts:   0 Thi: 0.4999938 
4053 Rop: 33.14903033425 Str:  70 MRstruts:   0 Thi: 0.4999938 
4054 Rop: 33.14903032931 Str:  70 MRstruts:   0 Thi: 0.4999938 
4055 Rop: 33.14903032560 Str:  70 MRstruts:   0 Thi: 0.4999938 
4056 Rop: 33.14903031057 Str:  70 MRstruts:   0 Thi: 0.4999938 
4057 Rop: 33.14903030648 Str:  70 MRstruts:   0 Thi: 0.4999938 
4058 Rop: 33.14903030148 Str:  70 MRstruts:   0 Thi: 0.4999938 
4059 Rop: 33.14903029753 Str:  70 MRstruts:   0 Thi: 0.4999938 
4060 Rop: 33.14903028896 Str:  70 MRstruts:   0 Thi: 0.4999938 
4061 Rop: 33.14903028563 Str:  70 MRstruts:   0 Thi: 0.4999938 
4062 Rop: 33.14903027249 Str:  71 MRstruts:   0 Thi: 0.4999938 
4063 Rop: 33.14903026860 Str:  70 MRstruts:   0 Thi: 0.4999938 
4064 Rop: 33.14903026227 Str:  70 MRstruts:   0 Thi: 0.4999938 
4065 Rop: 33.14903025897 Str:  70 MRstruts:   0 Thi: 0.4999938 
4066 Rop: 33.14903009243 Str:  70 MRstruts:   0 Thi: 0.4999938 
4067 Rop: 33.14903007490 Str:  70 MRstruts:   0 Thi: 0.4999938 
4068 Rop: 33.14903006890 Str:  71 MRstruts:   0 Thi: 0.4999938 
4069 Rop: 33.14903006567 Str:  71 MRstruts:   0 Thi: 0.4999938 
4070 Rop: 33.14903003038 Str:  71 MRstruts:   0 Thi: 0.4999938 
4071 Rop: 33.14903002286 Str:  70 MRstruts:   0 Thi: 0.4999938 
4072 Rop: 33.14903001906 Str:  70 MRstruts:   0 Thi: 0.4999938 
4073 Rop: 33.14902988559 Str:  71 MRstruts:   0 Thi: 0.4999938 
4074 Rop: 33.14902985976 Str:  71 MRstruts:   0 Thi: 0.4999938 
4075 Rop: 33.14902984840 Str:  71 MRstruts:   0 Thi: 0.4999938 
4076 Rop: 33.14902983870 Str:  71 MRstruts:   0 Thi: 0.4999938 
4077 Rop: 33.14902983528 Str:  71 MRstruts:   0 Thi: 0.4999938 
4078 Rop: 33.14902981740 Str:  71 MRstruts:   0 Thi: 0.4999938 
4079 Rop: 33.14902981121 Str:  71 MRstruts:   0 Thi: 0.4999938 
4080 Rop: 33.14902979230 Str:  71 MRstruts:   0 Thi: 0.4999938 
4081 Rop: 33.14902977580 Str:  70 MRstruts:   0 Thi: 0.4999938 
4082 Rop: 33.14902970462 Str:  71 MRstruts:   0 Thi: 0.4999938 
4083 Rop: 33.14902967831 Str:  71 MRstruts:   0 Thi: 0.4999938 
4084 Rop: 33.14902966659 Str:  71 MRstruts:   0 Thi: 0.4999938 
4085 Rop: 33.14902966116 Str:  71 MRstruts:   0 Thi: 0.4999938 
4086 Rop: 33.14902965238 Str:  71 MRstruts:   0 Thi: 0.4999938 
4087 Rop: 33.14902964892 Str:  71 MRstruts:   0 Thi: 0.4999938 
4088 Rop: 33.14902954942 Str:  70 MRstruts:   0 Thi: 0.4999938 
4089 Rop: 33.14902953067 Str:  70 MRstruts:   0 Thi: 0.4999938 
4090 Rop: 33.14902952415 Str:  70 MRstruts:   0 Thi: 0.4999938 
4091 Rop: 33.14902951740 Str:  70 MRstruts:   0 Thi: 0.4999938 
4092 Rop: 33.14902951302 Str:  71 MRstruts:   0 Thi: 0.4999938 
4093 Rop: 33.14902950397 Str:  71 MRstruts:   0 Thi: 0.4999938 
4094 Rop: 33.14902950077 Str:  71 MRstruts:   0 Thi: 0.4999938 
4095 Rop: 33.14902947927 Str:  71 MRstruts:   0 Thi: 0.4999938 
4096 Rop: 33.14902947422 Str:  71 MRstruts:   0 Thi: 0.4999938 
4097 Rop: 33.14902947124 Str:  71 MRstruts:   0 Thi: 0.4999938 
4098 Rop: 33.14902945686 Str:  71 MRstruts:   0 Thi: 0.4999938 
4099 Rop: 33.14902945332 Str:  71 MRstruts:   0 Thi: 0.4999938 
4100 Rop: 33.14902944856 Str:  71 MRstruts:   0 Thi: 0.4999938 
4101 Rop: 33.14902944449 Str:  71 MRstruts:   0 Thi: 0.4999938 
4102 Rop: 33.14902943763 Str:  71 MRstruts:   0 Thi: 0.4999938 
4103 Rop: 33.14902943463 Str:  71 MRstruts:   0 Thi: 0.4999938 
4104 Rop: 33.14902936568 Str:  71 MRstruts:   0 Thi: 0.4999938 
4105 Rop: 33.14902935852 Str:  71 MRstruts:   0 Thi: 0.4999938 
4106 Rop: 33.14902935509 Str:  71 MRstruts:   0 Thi: 0.4999938 
4107 Rop: 33.14902934990 Str:  71 MRstruts:   0 Thi: 0.4999938 
4108 Rop: 33.14902934639 Str:  71 MRstruts:   0 Thi: 0.4999938 
4109 Rop: 33.14902933097 Str:  71 MRstruts:   0 Thi: 0.4999938 
4110 Rop: 33.14902932699 Str:  71 MRstruts:   0 Thi: 0.4999938 
4111 Rop: 33.14902932381 Str:  71 MRstruts:   0 Thi: 0.4999938 
4112 Rop: 33.14902924250 Str:  71 MRstruts:   0 Thi: 0.4999938 
4113 Rop: 33.14902922872 Str:  71 MRstruts:   0 Thi: 0.4999938 
4114 Rop: 33.14902922337 Str:  71 MRstruts:   0 Thi: 0.4999938 
4115 Rop: 33.14902922037 Str:  71 MRstruts:   0 Thi: 0.4999938 
4116 Rop: 33.14902921005 Str:  71 MRstruts:   0 Thi: 0.4999938 
4117 Rop: 33.14902920685 Str:  71 MRstruts:   0 Thi: 0.4999938 
4118 Rop: 33.14902919632 Str:  71 MRstruts:   0 Thi: 0.4999938 
4119 Rop: 33.14902919310 Str:  71 MRstruts:   0 Thi: 0.4999938 
4120 Rop: 33.14902918823 Str:  71 MRstruts:   0 Thi: 0.4999938 
4121 Rop: 33.14902918397 Str:  71 MRstruts:   0 Thi: 0.4999938 
4122 Rop: 33.14902917899 Str:  71 MRstruts:   0 Thi: 0.4999938 
4123 Rop: 33.14902917484 Str:  71 MRstruts:   0 Thi: 0.4999938 
4124 Rop: 33.14902916945 Str:  71 MRstruts:   0 Thi: 0.4999938 
4125 Rop: 33.14902916571 Str:  71 MRstruts:   0 Thi: 0.4999938 
4126 Rop: 33.14902915679 Str:  71 MRstruts:   0 Thi: 0.4999938 
4127 Rop: 33.14902915365 Str:  71 MRstruts:   0 Thi: 0.4999938 
4128 Rop: 33.14902913054 Str:  71 MRstruts:   0 Thi: 0.4999938 
4129 Rop: 33.14902912526 Str:  71 MRstruts:   0 Thi: 0.4999938 
4130 Rop: 33.14902912228 Str:  71 MRstruts:   0 Thi: 0.4999938 
4131 Rop: 33.14902911084 Str:  71 MRstruts:   0 Thi: 0.4999938 
4132 Rop: 33.14902910755 Str:  71 MRstruts:   0 Thi: 0.4999938 
4133 Rop: 33.14902910019 Str:  71 MRstruts:   0 Thi: 0.4999938 
4134 Rop: 33.14902909725 Str:  71 MRstruts:   0 Thi: 0.4999938 
4135 Rop: 33.14902907361 Str:  71 MRstruts:   0 Thi: 0.4999938 
4136 Rop: 33.14902906911 Str:  71 MRstruts:   0 Thi: 0.4999938 
4137 Rop: 33.14902906589 Str:  71 MRstruts:   0 Thi: 0.4999938 
4138 Rop: 33.14902895636 Str:  71 MRstruts:   0 Thi: 0.4999938 
4139 Rop: 33.14902894951 Str:  70 MRstruts:   0 Thi: 0.4999938 
4140 Rop: 33.14902894600 Str:  71 MRstruts:   0 Thi: 0.4999938 
4141 Rop: 33.14902893947 Str:  71 MRstruts:   0 Thi: 0.4999938 
4142 Rop: 33.14902893648 Str:  71 MRstruts:   0 Thi: 0.4999938 
4143 Rop: 33.14902882765 Str:  71 MRstruts:   0 Thi: 0.4999938 
4144 Rop: 33.14902881989 Str:  71 MRstruts:   0 Thi: 0.4999938 
4145 Rop: 33.14902881628 Str:  71 MRstruts:   0 Thi: 0.4999938 
4146 Rop: 33.14902880796 Str:  71 MRstruts:   0 Thi: 0.4999938 
4147 Rop: 33.14902880472 Str:  71 MRstruts:   0 Thi: 0.4999938 
4148 Rop: 33.14902879141 Str:  71 MRstruts:   0 Thi: 0.4999938 
4149 Rop: 33.14902878730 Str:  71 MRstruts:   0 Thi: 0.4999938 
4150 Rop: 33.14902878083 Str:  71 MRstruts:   0 Thi: 0.4999938 
4151 Rop: 33.14902877757 Str:  71 MRstruts:   0 Thi: 0.4999938 
4152 Rop: 33.14902856138 Str:  71 MRstruts:   0 Thi: 0.4999938 
4153 Rop: 33.14902846875 Str:  70 MRstruts:   0 Thi: 0.4999938 
4154 Rop: 33.14902840760 Str:  71 MRstruts:   0 Thi: 0.4999938 
4155 Rop: 33.14902836592 Str:  71 MRstruts:   0 Thi: 0.4999938 
4156 Rop: 33.14902833947 Str:  71 MRstruts:   0 Thi: 0.4999938 
4157 Rop: 33.14902832023 Str:  71 MRstruts:   0 Thi: 0.4999938 
4158 Rop: 33.14902830578 Str:  71 MRstruts:   0 Thi: 0.4999938 
4159 Rop: 33.14902829259 Str:  71 MRstruts:   0 Thi: 0.4999938 
4160 Rop: 33.14902828471 Str:  71 MRstruts:   0 Thi: 0.4999938 
4161 Rop: 33.14902827964 Str:  71 MRstruts:   0 Thi: 0.4999938 
4162 Rop: 33.14902827470 Str:  71 MRstruts:   0 Thi: 0.4999938 
4163 Rop: 33.14902827064 Str:  71 MRstruts:   0 Thi: 0.4999938 
4164 Rop: 33.14902826518 Str:  71 MRstruts:   0 Thi: 0.4999938 
4165 Rop: 33.14902826169 Str:  71 MRstruts:   0 Thi: 0.4999938 
4166 Rop: 33.14902824964 Str:  71 MRstruts:   0 Thi: 0.4999938 
4167 Rop: 33.14902824637 Str:  71 MRstruts:   0 Thi: 0.4999938 
4168 Rop: 33.14902824053 Str:  71 MRstruts:   0 Thi: 0.4999938 
4169 Rop: 33.14902823754 Str:  71 MRstruts:   0 Thi: 0.4999938 
4170 Rop: 33.14902807534 Str:  71 MRstruts:   0 Thi: 0.4999938 
4171 Rop: 33.14902806113 Str:  71 MRstruts:   0 Thi: 0.4999938 
4172 Rop: 33.14902805567 Str:  71 MRstruts:   0 Thi: 0.4999938 
4173 Rop: 33.14902805275 Str:  71 MRstruts:   0 Thi: 0.4999938 
4174 Rop: 33.14902804523 Str:  71 MRstruts:   0 Thi: 0.4999938 
4175 Rop: 33.14902804222 Str:  71 MRstruts:   0 Thi: 0.4999938 
4176 Rop: 33.14902796408 Str:  71 MRstruts:   0 Thi: 0.4999938 
4177 Rop: 33.14902795092 Str:  71 MRstruts:   0 Thi: 0.4999938 
4178 Rop: 33.14902794579 Str:  71 MRstruts:   0 Thi: 0.4999938 
4179 Rop: 33.14902794293 Str:  71 MRstruts:   0 Thi: 0.4999938 
4180 Rop: 33.14902793304 Str:  71 MRstruts:   0 Thi: 0.4999938 
4181 Rop: 33.14902792998 Str:  71 MRstruts:   0 Thi: 0.4999938 
4182 Rop: 33.14902791993 Str:  71 MRstruts:   0 Thi: 0.4999938 
4183 Rop: 33.14902791687 Str:  71 MRstruts:   0 Thi: 0.4999938 
4184 Rop: 33.14902791212 Str:  71 MRstruts:   0 Thi: 0.4999938 
4185 Rop: 33.14902790815 Str:  71 MRstruts:   0 Thi: 0.4999938 
4186 Rop: 33.14902790300 Str:  71 MRstruts:   0 Thi: 0.4999938 
4187 Rop: 33.14902789944 Str:  71 MRstruts:   0 Thi: 0.4999938 
4188 Rop: 33.14902789071 Str:  71 MRstruts:   0 Thi: 0.4999938 
4189 Rop: 33.14902788772 Str:  71 MRstruts:   0 Thi: 0.4999938 
4190 Rop: 33.14902786849 Str:  71 MRstruts:   0 Thi: 0.4999938 
4191 Rop: 33.14902786392 Str:  71 MRstruts:   0 Thi: 0.4999938 
4192 Rop: 33.14902786111 Str:  71 MRstruts:   0 Thi: 0.4999938 
4193 Rop: 33.14902783724 Str:  71 MRstruts:   0 Thi: 0.4999938 
4194 Rop: 33.14902783280 Str:  71 MRstruts:   0 Thi: 0.4999938 
4195 Rop: 33.14902782977 Str:  71 MRstruts:   0 Thi: 0.4999938 
4196 Rop: 33.14902763677 Str:  71 MRstruts:   0 Thi: 0.4999938 
4197 Rop: 33.14902762877 Str:  71 MRstruts:   0 Thi: 0.4999938 
4198 Rop: 33.14902762582 Str:  71 MRstruts:   0 Thi: 0.4999938 
4199 Rop: 33.14902759224 Str:  71 MRstruts:   0 Thi: 0.4999938 
4200 Rop: 33.14902758511 Str:  71 MRstruts:   0 Thi: 0.4999938 
4201 Rop: 33.14902758184 Str:  71 MRstruts:   0 Thi: 0.4999938 
4202 Rop: 33.14902757810 Str:  71 MRstruts:   0 Thi: 0.4999938 
4203 Rop: 33.14902757149 Str:  71 MRstruts:   0 Thi: 0.4999938 
4204 Rop: 33.14902756870 Str:  71 MRstruts:   0 Thi: 0.4999938 
4205 Rop: 33.14902752998 Str:  71 MRstruts:   0 Thi: 0.4999938 
4206 Rop: 33.14902752425 Str:  71 MRstruts:   0 Thi: 0.4999938 
4207 Rop: 33.14902752124 Str:  71 MRstruts:   0 Thi: 0.4999938 
4208 Rop: 33.14902751015 Str:  71 MRstruts:   0 Thi: 0.4999938 
4209 Rop: 33.14902750694 Str:  71 MRstruts:   0 Thi: 0.4999938 
4210 Rop: 33.14902750311 Str:  71 MRstruts:   0 Thi: 0.4999938 
4211 Rop: 33.14902749713 Str:  71 MRstruts:   0 Thi: 0.4999938 
4212 Rop: 33.14902749430 Str:  71 MRstruts:   0 Thi: 0.4999938 
4213 Rop: 33.14902733422 Str:  71 MRstruts:   0 Thi: 0.4999938 
4214 Rop: 33.14902733075 Str:  71 MRstruts:   0 Thi: 0.4999938 
4215 Rop: 33.14902732590 Str:  71 MRstruts:   0 Thi: 0.4999938 
4216 Rop: 33.14902732263 Str:  71 MRstruts:   0 Thi: 0.4999938 
4217 Rop: 33.14902730845 Str:  71 MRstruts:   0 Thi: 0.4999938 
4218 Rop: 33.14902730480 Str:  71 MRstruts:   0 Thi: 0.4999938 
4219 Rop: 33.14902730188 Str:  71 MRstruts:   0 Thi: 0.4999938 
4220 Rop: 33.14902722785 Str:  71 MRstruts:   0 Thi: 0.4999938 
4221 Rop: 33.14902721523 Str:  71 MRstruts:   0 Thi: 0.4999938 
4222 Rop: 33.14902721030 Str:  71 MRstruts:   0 Thi: 0.4999938 
4223 Rop: 33.14902720754 Str:  71 MRstruts:   0 Thi: 0.4999938 
4224 Rop: 33.14902719796 Str:  71 MRstruts:   0 Thi: 0.4999938 
4225 Rop: 33.14902719500 Str:  71 MRstruts:   0 Thi: 0.4999938 
4226 Rop: 33.14902718582 Str:  71 MRstruts:   0 Thi: 0.4999938 
4227 Rop: 33.14902718293 Str:  71 MRstruts:   0 Thi: 0.4999938 
4228 Rop: 33.14902717777 Str:  71 MRstruts:   0 Thi: 0.4999938 
4229 Rop: 33.14902717445 Str:  71 MRstruts:   0 Thi: 0.4999938 
4230 Rop: 33.14902716357 Str:  71 MRstruts:   0 Thi: 0.4999938 
4231 Rop: 33.14902716052 Str:  71 MRstruts:   0 Thi: 0.4999938 
4232 Rop: 33.14902715425 Str:  71 MRstruts:   0 Thi: 0.4999938 
4233 Rop: 33.14902715152 Str:  71 MRstruts:   0 Thi: 0.4999938 
4234 Rop: 33.14902709696 Str:  71 MRstruts:   0 Thi: 0.4999938 
4235 Rop: 33.14902709057 Str:  71 MRstruts:   0 Thi: 0.4999938 
4236 Rop: 33.14902708748 Str:  71 MRstruts:   0 Thi: 0.4999938 
4237 Rop: 33.14902708201 Str:  71 MRstruts:   0 Thi: 0.4999938 
4238 Rop: 33.14902707918 Str:  71 MRstruts:   0 Thi: 0.4999938 
4239 Rop: 33.14902693971 Str:  71 MRstruts:   0 Thi: 0.4999938 
4240 Rop: 33.14902692509 Str:  71 MRstruts:   0 Thi: 0.4999938 
4241 Rop: 33.14902691953 Str:  71 MRstruts:   0 Thi: 0.4999938 
4242 Rop: 33.14902691670 Str:  71 MRstruts:   0 Thi: 0.4999938 
4243 Rop: 33.14902691111 Str:  71 MRstruts:   0 Thi: 0.4999938 
4244 Rop: 33.14902690804 Str:  71 MRstruts:   0 Thi: 0.4999938 
4245 Rop: 33.14902688346 Str:  71 MRstruts:   0 Thi: 0.4999938 
4246 Rop: 33.14902687908 Str:  71 MRstruts:   0 Thi: 0.4999938 
4247 Rop: 33.14902687623 Str:  71 MRstruts:   0 Thi: 0.4999938 
4248 Rop: 33.14902674543 Str:  71 MRstruts:   0 Thi: 0.4999938 
4249 Rop: 33.14902673095 Str:  71 MRstruts:   0 Thi: 0.4999938 
4250 Rop: 33.14902672544 Str:  71 MRstruts:   0 Thi: 0.4999938 
4251 Rop: 33.14902672264 Str:  71 MRstruts:   0 Thi: 0.4999938 
4252 Rop: 33.14902671797 Str:  71 MRstruts:   0 Thi: 0.4999938 
4253 Rop: 33.14902671447 Str:  71 MRstruts:   0 Thi: 0.4999938 
4254 Rop: 33.14902670818 Str:  71 MRstruts:   0 Thi: 0.4999938 
4255 Rop: 33.14902670531 Str:  71 MRstruts:   0 Thi: 0.4999938 
4256 Rop: 33.14902654845 Str:  71 MRstruts:   0 Thi: 0.4999938 
4257 Rop: 33.14902654551 Str:  71 MRstruts:   0 Thi: 0.4999938 
4258 Rop: 33.14902653805 Str:  71 MRstruts:   0 Thi: 0.4999938 
4259 Rop: 33.14902653537 Str:  71 MRstruts:   0 Thi: 0.4999938 
4260 Rop: 33.14902652578 Str:  71 MRstruts:   0 Thi: 0.4999938 
4261 Rop: 33.14902652286 Str:  71 MRstruts:   0 Thi: 0.4999938 
4262 Rop: 33.14902651467 Str:  71 MRstruts:   0 Thi: 0.4999938 
4263 Rop: 33.14902651190 Str:  71 MRstruts:   0 Thi: 0.4999938 
4264 Rop: 33.14902650554 Str:  71 MRstruts:   0 Thi: 0.4999938 
4265 Rop: 33.14902650268 Str:  71 MRstruts:   0 Thi: 0.4999938 
4266 Rop: 33.14902632728 Str:  71 MRstruts:   0 Thi: 0.4999938 
4267 Rop: 33.14902629235 Str:  71 MRstruts:   0 Thi: 0.4999938 
4268 Rop: 33.14902615846 Str:  71 MRstruts:   0 Thi: 0.4999938 
4269 Rop: 33.14902612178 Str:  71 MRstruts:   0 Thi: 0.4999938 
4270 Rop: 33.14902610707 Str:  71 MRstruts:   0 Thi: 0.4999938 
4271 Rop: 33.14902609675 Str:  71 MRstruts:   0 Thi: 0.4999938 
4272 Rop: 33.14902609022 Str:  71 MRstruts:   0 Thi: 0.4999938 
4273 Rop: 33.14902608747 Str:  71 MRstruts:   0 Thi: 0.4999938 
4274 Rop: 33.14902598060 Str:  71 MRstruts:   0 Thi: 0.4999938 
4275 Rop: 33.14902588101 Str:  71 MRstruts:   0 Thi: 0.4999938 
4276 Rop: 33.14902587312 Str:  71 MRstruts:   0 Thi: 0.4999938 
4277 Rop: 33.14902586956 Str:  71 MRstruts:   0 Thi: 0.4999938 
4278 Rop: 33.14902582362 Str:  71 MRstruts:   0 Thi: 0.4999938 
4279 Rop: 33.14902579055 Str:  71 MRstruts:   0 Thi: 0.4999938 
4280 Rop: 33.14902578039 Str:  71 MRstruts:   0 Thi: 0.4999938 
4281 Rop: 33.14902576978 Str:  71 MRstruts:   0 Thi: 0.4999938 
4282 Rop: 33.14902576385 Str:  71 MRstruts:   0 Thi: 0.4999938 
4283 Rop: 33.14902575784 Str:  71 MRstruts:   0 Thi: 0.4999938 
4284 Rop: 33.14902575492 Str:  71 MRstruts:   0 Thi: 0.4999938 
4285 Rop: 33.14902568665 Str:  71 MRstruts:   0 Thi: 0.4999938 
4286 Rop: 33.14902565570 Str:  71 MRstruts:   0 Thi: 0.4999938 
4287 Rop: 33.14902564612 Str:  71 MRstruts:   0 Thi: 0.4999938 
4288 Rop: 33.14902564287 Str:  71 MRstruts:   0 Thi: 0.4999938 
4289 Rop: 33.14902563294 Str:  71 MRstruts:   0 Thi: 0.4999938 
4290 Rop: 33.14902563014 Str:  71 MRstruts:   0 Thi: 0.4999938 
4291 Rop: 33.14902562401 Str:  71 MRstruts:   0 Thi: 0.4999938 
4292 Rop: 33.14902562149 Str:  71 MRstruts:   0 Thi: 0.4999938 
4293 Rop: 33.14902559502 Str:  71 MRstruts:   0 Thi: 0.4999938 
4294 Rop: 33.14902559070 Str:  71 MRstruts:   0 Thi: 0.4999938 
4295 Rop: 33.14902558808 Str:  71 MRstruts:   0 Thi: 0.4999938 
4296 Rop: 33.14902556229 Str:  71 MRstruts:   0 Thi: 0.4999938 
4297 Rop: 33.14902555716 Str:  71 MRstruts:   0 Thi: 0.4999938 
4298 Rop: 33.14902555453 Str:  71 MRstruts:   0 Thi: 0.4999938 
4299 Rop: 33.14902555099 Str:  71 MRstruts:   0 Thi: 0.4999938 
4300 Rop: 33.14902554571 Str:  71 MRstruts:   0 Thi: 0.4999938 
4301 Rop: 33.14902554312 Str:  71 MRstruts:   0 Thi: 0.4999938 
4302 Rop: 33.14902536367 Str:  71 MRstruts:   0 Thi: 0.4999938 
4303 Rop: 33.14902535927 Str:  71 MRstruts:   0 Thi: 0.4999938 
4304 Rop: 33.14902535450 Str:  71 MRstruts:   0 Thi: 0.4999938 
4305 Rop: 33.14902535107 Str:  71 MRstruts:   0 Thi: 0.4999938 
4306 Rop: 33.14902534470 Str:  71 MRstruts:   0 Thi: 0.4999938 
4307 Rop: 33.14902534204 Str:  71 MRstruts:   0 Thi: 0.4999938 
4308 Rop: 33.14902521386 Str:  71 MRstruts:   0 Thi: 0.4999938 
4309 Rop: 33.14902520045 Str:  71 MRstruts:   0 Thi: 0.4999938 
4310 Rop: 33.14902519537 Str:  71 MRstruts:   0 Thi: 0.4999938 
4311 Rop: 33.14902519277 Str:  71 MRstruts:   0 Thi: 0.4999938 
4312 Rop: 33.14902518735 Str:  71 MRstruts:   0 Thi: 0.4999938 
4313 Rop: 33.14902518458 Str:  71 MRstruts:   0 Thi: 0.4999938 
4314 Rop: 33.14902514389 Str:  71 MRstruts:   0 Thi: 0.4999938 
4315 Rop: 33.14902513855 Str:  71 MRstruts:   0 Thi: 0.4999938 
4316 Rop: 33.14902513582 Str:  71 MRstruts:   0 Thi: 0.4999938 
4317 Rop: 33.14902512932 Str:  71 MRstruts:   0 Thi: 0.4999938 
4318 Rop: 33.14902512687 Str:  71 MRstruts:   0 Thi: 0.4999938 
4319 Rop: 33.14902511457 Str:  71 MRstruts:   0 Thi: 0.4999938 
4320 Rop: 33.14902511160 Str:  71 MRstruts:   0 Thi: 0.4999938 
4321 Rop: 33.14902510781 Str:  71 MRstruts:   0 Thi: 0.4999938 
4322 Rop: 33.14902510429 Str:  71 MRstruts:   0 Thi: 0.4999938 
4323 Rop: 33.14902509944 Str:  71 MRstruts:   0 Thi: 0.4999938 
4324 Rop: 33.14902509683 Str:  71 MRstruts:   0 Thi: 0.4999938 
4325 Rop: 33.14902501464 Str:  71 MRstruts:   0 Thi: 0.4999938 
4326 Rop: 33.14902500192 Str:  71 MRstruts:   0 Thi: 0.4999938 
4327 Rop: 33.14902499706 Str:  71 MRstruts:   0 Thi: 0.4999938 
4328 Rop: 33.14902499451 Str:  71 MRstruts:   0 Thi: 0.4999938 
4329 Rop: 33.14902498853 Str:  71 MRstruts:   0 Thi: 0.4999938 
4330 Rop: 33.14902498589 Str:  71 MRstruts:   0 Thi: 0.4999938 
4331 Rop: 33.14902481670 Str:  71 MRstruts:   0 Thi: 0.4999938 
4332 Rop: 33.14902481292 Str:  71 MRstruts:   0 Thi: 0.4999938 
4333 Rop: 33.14902481003 Str:  71 MRstruts:   0 Thi: 0.4999938 
4334 Rop: 33.14902478585 Str:  71 MRstruts:   0 Thi: 0.4999938 
4335 Rop: 33.14902478057 Str:  71 MRstruts:   0 Thi: 0.4999938 
4336 Rop: 33.14902477795 Str:  71 MRstruts:   0 Thi: 0.4999938 
4337 Rop: 33.14902477393 Str:  71 MRstruts:   0 Thi: 0.4999938 
4338 Rop: 33.14902477046 Str:  71 MRstruts:   0 Thi: 0.4999938 
4339 Rop: 33.14902476639 Str:  71 MRstruts:   0 Thi: 0.4999938 
4340 Rop: 33.14902476304 Str:  71 MRstruts:   0 Thi: 0.4999938 
4341 Rop: 33.14902475842 Str:  71 MRstruts:   0 Thi: 0.4999938 
4342 Rop: 33.14902475549 Str:  71 MRstruts:   0 Thi: 0.4999938 
4343 Rop: 33.14902474524 Str:  71 MRstruts:   0 Thi: 0.4999938 
4344 Rop: 33.14902474249 Str:  71 MRstruts:   0 Thi: 0.4999938 
4345 Rop: 33.14902473761 Str:  71 MRstruts:   0 Thi: 0.4999938 
4346 Rop: 33.14902473508 Str:  71 MRstruts:   0 Thi: 0.4999938 
4347 Rop: 33.14902461252 Str:  71 MRstruts:   0 Thi: 0.4999938 
4348 Rop: 33.14902459941 Str:  71 MRstruts:   0 Thi: 0.4999938 
4349 Rop: 33.14902459442 Str:  71 MRstruts:   0 Thi: 0.4999938 
4350 Rop: 33.14902459189 Str:  71 MRstruts:   0 Thi: 0.4999938 
4351 Rop: 33.14902458731 Str:  71 MRstruts:   0 Thi: 0.4999938 
4352 Rop: 33.14902458442 Str:  71 MRstruts:   0 Thi: 0.4999938 
4353 Rop: 33.14902457429 Str:  71 MRstruts:   0 Thi: 0.4999938 
4354 Rop: 33.14902457155 Str:  71 MRstruts:   0 Thi: 0.4999938 
4355 Rop: 33.14902456684 Str:  71 MRstruts:   0 Thi: 0.4999938 
4356 Rop: 33.14902456431 Str:  71 MRstruts:   0 Thi: 0.4999938 
4357 Rop: 33.14902448675 Str:  71 MRstruts:   0 Thi: 0.4999938 
4358 Rop: 33.14902447462 Str:  71 MRstruts:   0 Thi: 0.4999938 
4359 Rop: 33.14902446996 Str:  71 MRstruts:   0 Thi: 0.4999938 
4360 Rop: 33.14902446750 Str:  71 MRstruts:   0 Thi: 0.4999938 
4361 Rop: 33.14902446197 Str:  71 MRstruts:   0 Thi: 0.4999938 
4362 Rop: 33.14902445939 Str:  71 MRstruts:   0 Thi: 0.4999938 
4363 Rop: 33.14902434909 Str:  71 MRstruts:   0 Thi: 0.4999938 
4364 Rop: 33.14902434472 Str:  71 MRstruts:   0 Thi: 0.4999938 
4365 Rop: 33.14902434223 Str:  71 MRstruts:   0 Thi: 0.4999938 
4366 Rop: 33.14902432521 Str:  71 MRstruts:   0 Thi: 0.4999938 
4367 Rop: 33.14902432124 Str:  71 MRstruts:   0 Thi: 0.4999938 
4368 Rop: 33.14902431889 Str:  71 MRstruts:   0 Thi: 0.4999938 
4369 Rop: 33.14902430677 Str:  71 MRstruts:   0 Thi: 0.4999938 
4370 Rop: 33.14902430388 Str:  71 MRstruts:   0 Thi: 0.4999938 
4371 Rop: 33.14902430047 Str:  71 MRstruts:   0 Thi: 0.4999938 
4372 Rop: 33.14902429662 Str:  71 MRstruts:   0 Thi: 0.4999938 
4373 Rop: 33.14902429320 Str:  71 MRstruts:   0 Thi: 0.4999938 
4374 Rop: 33.14902428935 Str:  71 MRstruts:   0 Thi: 0.4999938 
4375 Rop: 33.14902428593 Str:  71 MRstruts:   0 Thi: 0.4999938 
4376 Rop: 33.14902428211 Str:  71 MRstruts:   0 Thi: 0.4999938 
4377 Rop: 33.14902427866 Str:  71 MRstruts:   0 Thi: 0.4999938 
4378 Rop: 33.14902427496 Str:  71 MRstruts:   0 Thi: 0.4999938 
4379 Rop: 33.14902427133 Str:  71 MRstruts:   0 Thi: 0.4999938 
4380 Rop: 33.14902426805 Str:  71 MRstruts:   0 Thi: 0.4999938 
4381 Rop: 33.14902426322 Str:  71 MRstruts:   0 Thi: 0.4999938 
4382 Rop: 33.14902426080 Str:  71 MRstruts:   0 Thi: 0.4999938 
4383 Rop: 33.14902410355 Str:  71 MRstruts:   0 Thi: 0.4999938 
4384 Rop: 33.14902409625 Str:  71 MRstruts:   0 Thi: 0.4999938 
4385 Rop: 33.14902409314 Str:  71 MRstruts:   0 Thi: 0.4999938 
4386 Rop: 33.14902409070 Str:  71 MRstruts:   0 Thi: 0.4999938 
4387 Rop: 33.14902400604 Str:  71 MRstruts:   0 Thi: 0.4999938 
4388 Rop: 33.14902399370 Str:  71 MRstruts:   0 Thi: 0.4999938 
4389 Rop: 33.14902398901 Str:  71 MRstruts:   0 Thi: 0.4999938 
4390 Rop: 33.14902398660 Str:  71 MRstruts:   0 Thi: 0.4999938 
4391 Rop: 33.14902398197 Str:  71 MRstruts:   0 Thi: 0.4999938 
4392 Rop: 33.14902397929 Str:  71 MRstruts:   0 Thi: 0.4999938 
4393 Rop: 33.14902396461 Str:  71 MRstruts:   0 Thi: 0.4999938 
4394 Rop: 33.14902396148 Str:  71 MRstruts:   0 Thi: 0.4999938 
4395 Rop: 33.14902395874 Str:  71 MRstruts:   0 Thi: 0.4999938 
4396 Rop: 33.14902394760 Str:  71 MRstruts:   0 Thi: 0.4999938 
4397 Rop: 33.14902394484 Str:  71 MRstruts:   0 Thi: 0.4999938 
4398 Rop: 33.14902394128 Str:  71 MRstruts:   0 Thi: 0.4999938 
4399 Rop: 33.14902393807 Str:  71 MRstruts:   0 Thi: 0.4999938 
4400 Rop: 33.14902393333 Str:  71 MRstruts:   0 Thi: 0.4999938 
4401 Rop: 33.14902393097 Str:  71 MRstruts:   0 Thi: 0.4999938 
4402 Rop: 33.14902377368 Str:  71 MRstruts:   0 Thi: 0.4999938 
4403 Rop: 33.14902376766 Str:  71 MRstruts:   0 Thi: 0.4999938 
4404 Rop: 33.14902376494 Str:  71 MRstruts:   0 Thi: 0.4999938 
4405 Rop: 33.14902376222 Str:  71 MRstruts:   0 Thi: 0.4999938 
4406 Rop: 33.14902375260 Str:  71 MRstruts:   0 Thi: 0.4999938 
4407 Rop: 33.14902374992 Str:  71 MRstruts:   0 Thi: 0.4999938 
4408 Rop: 33.14902374712 Str:  71 MRstruts:   0 Thi: 0.4999938 
4409 Rop: 33.14902373903 Str:  71 MRstruts:   0 Thi: 0.4999938 
4410 Rop: 33.14902373657 Str:  71 MRstruts:   0 Thi: 0.4999938 
4411 Rop: 33.14902373294 Str:  71 MRstruts:   0 Thi: 0.4999938 
4412 Rop: 33.14902372955 Str:  71 MRstruts:   0 Thi: 0.4999938 
4413 Rop: 33.14902372616 Str:  71 MRstruts:   0 Thi: 0.4999938 
4414 Rop: 33.14902372232 Str:  71 MRstruts:   0 Thi: 0.4999938 
4415 Rop: 33.14902371962 Str:  71 MRstruts:   0 Thi: 0.4999938 
4416 Rop: 33.14902370956 Str:  71 MRstruts:   0 Thi: 0.4999938 
4417 Rop: 33.14902370683 Str:  71 MRstruts:   0 Thi: 0.4999938 
4418 Rop: 33.14902370415 Str:  71 MRstruts:   0 Thi: 0.4999938 
4419 Rop: 33.14902369325 Str:  71 MRstruts:   0 Thi: 0.4999938 
4420 Rop: 33.14902369038 Str:  71 MRstruts:   0 Thi: 0.4999938 
4421 Rop: 33.14902368790 Str:  71 MRstruts:   0 Thi: 0.4999938 
4422 Rop: 33.14902366193 Str:  71 MRstruts:   0 Thi: 0.4999938 
4423 Rop: 33.14902365646 Str:  71 MRstruts:   0 Thi: 0.4999938 
4424 Rop: 33.14902365390 Str:  71 MRstruts:   0 Thi: 0.4999938 
4425 Rop: 33.14902365084 Str:  71 MRstruts:   0 Thi: 0.4999938 
4426 Rop: 33.14902364574 Str:  71 MRstruts:   0 Thi: 0.4999938 
4427 Rop: 33.14902364349 Str:  71 MRstruts:   0 Thi: 0.4999938 
4428 Rop: 33.14902359203 Str:  71 MRstruts:   0 Thi: 0.4999938 
4429 Rop: 33.14902358660 Str:  71 MRstruts:   0 Thi: 0.4999938 
4430 Rop: 33.14902358402 Str:  71 MRstruts:   0 Thi: 0.4999938 
4431 Rop: 33.14902357989 Str:  71 MRstruts:   0 Thi: 0.4999938 
4432 Rop: 33.14902357741 Str:  71 MRstruts:   0 Thi: 0.4999938 
4433 Rop: 33.14902355375 Str:  71 MRstruts:   0 Thi: 0.4999938 
4434 Rop: 33.14902354868 Str:  71 MRstruts:   0 Thi: 0.4999938 
4435 Rop: 33.14902354623 Str:  71 MRstruts:   0 Thi: 0.4999938 
4436 Rop: 33.14902354279 Str:  71 MRstruts:   0 Thi: 0.4999938 
4437 Rop: 33.14902353919 Str:  71 MRstruts:   0 Thi: 0.4999938 
4438 Rop: 33.14902353629 Str:  71 MRstruts:   0 Thi: 0.4999938 
4439 Rop: 33.14902353017 Str:  71 MRstruts:   0 Thi: 0.4999938 
4440 Rop: 33.14902352795 Str:  71 MRstruts:   0 Thi: 0.4999938 
4441 Rop: 33.14902351858 Str:  71 MRstruts:   0 Thi: 0.4999938 
4442 Rop: 33.14902351604 Str:  71 MRstruts:   0 Thi: 0.4999938 
4443 Rop: 33.14902351159 Str:  71 MRstruts:   0 Thi: 0.4999938 
4444 Rop: 33.14902350925 Str:  71 MRstruts:   0 Thi: 0.4999938 
4445 Rop: 33.14902341354 Str:  71 MRstruts:   0 Thi: 0.4999938 
4446 Rop: 33.14902340126 Str:  71 MRstruts:   0 Thi: 0.4999938 
4447 Rop: 33.14902339662 Str:  71 MRstruts:   0 Thi: 0.4999938 
4448 Rop: 33.14902339429 Str:  71 MRstruts:   0 Thi: 0.4999938 
4449 Rop: 33.14902339018 Str:  71 MRstruts:   0 Thi: 0.4999938 
4450 Rop: 33.14902338745 Str:  71 MRstruts:   0 Thi: 0.4999938 
4451 Rop: 33.14902337986 Str:  71 MRstruts:   0 Thi: 0.4999938 
4452 Rop: 33.14902337749 Str:  71 MRstruts:   0 Thi: 0.4999938 
4453 Rop: 33.14902336932 Str:  71 MRstruts:   0 Thi: 0.4999938 
4454 Rop: 33.14902336688 Str:  71 MRstruts:   0 Thi: 0.4999938 
4455 Rop: 33.14902336359 Str:  71 MRstruts:   0 Thi: 0.4999938 
4456 Rop: 33.14902335975 Str:  71 MRstruts:   0 Thi: 0.4999938 
4457 Rop: 33.14902335716 Str:  71 MRstruts:   0 Thi: 0.4999938 
4458 Rop: 33.14902334583 Str:  71 MRstruts:   0 Thi: 0.4999938 
4459 Rop: 33.14902334291 Str:  71 MRstruts:   0 Thi: 0.4999938 
4460 Rop: 33.14902334058 Str:  71 MRstruts:   0 Thi: 0.4999938 
4461 Rop: 33.14902327550 Str:  71 MRstruts:   0 Thi: 0.4999938 
4462 Rop: 33.14902326487 Str:  71 MRstruts:   0 Thi: 0.4999938 
4463 Rop: 33.14902326078 Str:  71 MRstruts:   0 Thi: 0.4999938 
4464 Rop: 33.14902325855 Str:  71 MRstruts:   0 Thi: 0.4999938 
4465 Rop: 33.14902325248 Str:  71 MRstruts:   0 Thi: 0.4999938 
4466 Rop: 33.14902325018 Str:  71 MRstruts:   0 Thi: 0.4999938 
4467 Rop: 33.14902321557 Str:  71 MRstruts:   0 Thi: 0.4999938 
4468 Rop: 33.14902320874 Str:  71 MRstruts:   0 Thi: 0.4999938 
4469 Rop: 33.14902320582 Str:  71 MRstruts:   0 Thi: 0.4999938 
4470 Rop: 33.14902320352 Str:  71 MRstruts:   0 Thi: 0.4999938 
4471 Rop: 33.14902312426 Str:  71 MRstruts:   0 Thi: 0.4999938 
4472 Rop: 33.14902311268 Str:  71 MRstruts:   0 Thi: 0.4999938 
4473 Rop: 33.14902310828 Str:  71 MRstruts:   0 Thi: 0.4999938 
4474 Rop: 33.14902310601 Str:  71 MRstruts:   0 Thi: 0.4999938 
4475 Rop: 33.14902310162 Str:  71 MRstruts:   0 Thi: 0.4999938 
4476 Rop: 33.14902309913 Str:  71 MRstruts:   0 Thi: 0.4999938 
4477 Rop: 33.14902308259 Str:  71 MRstruts:   0 Thi: 0.4999938 
4478 Rop: 33.14902307938 Str:  71 MRstruts:   0 Thi: 0.4999938 
4479 Rop: 33.14902307700 Str:  71 MRstruts:   0 Thi: 0.4999938 
4480 Rop: 33.14902302563 Str:  71 MRstruts:   0 Thi: 0.4999938 
4481 Rop: 33.14902302037 Str:  71 MRstruts:   0 Thi: 0.4999938 
4482 Rop: 33.14902301788 Str:  71 MRstruts:   0 Thi: 0.4999938 
4483 Rop: 33.14902301401 Str:  71 MRstruts:   0 Thi: 0.4999938 
4484 Rop: 33.14902301158 Str:  71 MRstruts:   0 Thi: 0.4999938 
4485 Rop: 33.14902299437 Str:  71 MRstruts:   0 Thi: 0.4999938 
4486 Rop: 33.14902299043 Str:  71 MRstruts:   0 Thi: 0.4999938 
4487 Rop: 33.14902298826 Str:  71 MRstruts:   0 Thi: 0.4999938 
4488 Rop: 33.14902298175 Str:  71 MRstruts:   0 Thi: 0.4999938 
4489 Rop: 33.14902297949 Str:  71 MRstruts:   0 Thi: 0.4999938 
4490 Rop: 33.14902296303 Str:  71 MRstruts:   0 Thi: 0.4999938 
4491 Rop: 33.14902295925 Str:  71 MRstruts:   0 Thi: 0.4999938 
4492 Rop: 33.14902295710 Str:  71 MRstruts:   0 Thi: 0.4999938 
4493 Rop: 33.14902294888 Str:  71 MRstruts:   0 Thi: 0.4999938 
4494 Rop: 33.14902294652 Str:  71 MRstruts:   0 Thi: 0.4999938 
4495 Rop: 33.14902294117 Str:  71 MRstruts:   0 Thi: 0.4999938 
4496 Rop: 33.14902293904 Str:  71 MRstruts:   0 Thi: 0.4999938 
4497 Rop: 33.14902292306 Str:  71 MRstruts:   0 Thi: 0.4999938 
4498 Rop: 33.14902291993 Str:  71 MRstruts:   0 Thi: 0.4999938 
4499 Rop: 33.14902291756 Str:  71 MRstruts:   0 Thi: 0.4999938 
4500 Rop: 33.14902287982 Str:  71 MRstruts:   0 Thi: 0.4999938 
4501 Rop: 33.14902287506 Str:  71 MRstruts:   0 Thi: 0.4999938 
4502 Rop: 33.14902287269 Str:  71 MRstruts:   0 Thi: 0.4999938 
4503 Rop: 33.14902286781 Str:  71 MRstruts:   0 Thi: 0.4999938 
4504 Rop: 33.14902286568 Str:  71 MRstruts:   0 Thi: 0.4999938 
4505 Rop: 33.14902282579 Str:  71 MRstruts:   0 Thi: 0.4999938 
4506 Rop: 33.14902282096 Str:  71 MRstruts:   0 Thi: 0.4999938 
4507 Rop: 33.14902281859 Str:  71 MRstruts:   0 Thi: 0.4999938 
4508 Rop: 33.14902281412 Str:  71 MRstruts:   0 Thi: 0.4999938 
4509 Rop: 33.14902281197 Str:  71 MRstruts:   0 Thi: 0.4999938 
4510 Rop: 33.14902266611 Str:  71 MRstruts:   0 Thi: 0.4999938 
4511 Rop: 33.14902265906 Str:  71 MRstruts:   0 Thi: 0.4999938 
4512 Rop: 33.14902265605 Str:  71 MRstruts:   0 Thi: 0.4999938 
4513 Rop: 33.14902261810 Str:  71 MRstruts:   0 Thi: 0.4999938 
4514 Rop: 33.14902259811 Str:  71 MRstruts:   0 Thi: 0.4999938 
4515 Rop: 33.14902259456 Str:  71 MRstruts:   0 Thi: 0.4999938 
4516 Rop: 33.14902257398 Str:  71 MRstruts:   0 Thi: 0.4999938 
4517 Rop: 33.14902257098 Str:  71 MRstruts:   0 Thi: 0.4999938 
4518 Rop: 33.14902256884 Str:  71 MRstruts:   0 Thi: 0.4999938 
4519 Rop: 33.14902252783 Str:  71 MRstruts:   0 Thi: 0.4999938 
4520 Rop: 33.14902251907 Str:  71 MRstruts:   0 Thi: 0.4999938 
4521 Rop: 33.14902251378 Str:  71 MRstruts:   0 Thi: 0.4999938 
4522 Rop: 33.14902250775 Str:  71 MRstruts:   0 Thi: 0.4999938 
4523 Rop: 33.14902249510 Str:  71 MRstruts:   0 Thi: 0.4999938 
4524 Rop: 33.14902248978 Str:  71 MRstruts:   0 Thi: 0.4999938 
4525 Rop: 33.14902248033 Str:  71 MRstruts:   0 Thi: 0.4999938 
4526 Rop: 33.14902246790 Str:  71 MRstruts:   0 Thi: 0.4999938 
4527 Rop: 33.14902245035 Str:  71 MRstruts:   0 Thi: 0.4999938 
4528 Rop: 33.14902243674 Str:  71 MRstruts:   0 Thi: 0.4999938 
4529 Rop: 33.14902243433 Str:  71 MRstruts:   0 Thi: 0.4999938 
4530 Rop: 33.14902242145 Str:  71 MRstruts:   0 Thi: 0.4999938 
4531 Rop: 33.14902241824 Str:  71 MRstruts:   0 Thi: 0.4999938 
4532 Rop: 33.14902241538 Str:  71 MRstruts:   0 Thi: 0.4999938 
4533 Rop: 33.14902241077 Str:  71 MRstruts:   0 Thi: 0.4999938 
4534 Rop: 33.14902240850 Str:  71 MRstruts:   0 Thi: 0.4999938 
4535 Rop: 33.14902236581 Str:  71 MRstruts:   0 Thi: 0.4999938 
4536 Rop: 33.14902236073 Str:  71 MRstruts:   0 Thi: 0.4999938 
4537 Rop: 33.14902235831 Str:  71 MRstruts:   0 Thi: 0.4999938 
4538 Rop: 33.14902235435 Str:  71 MRstruts:   0 Thi: 0.4999938 
4539 Rop: 33.14902235214 Str:  71 MRstruts:   0 Thi: 0.4999938 
4540 Rop: 33.14902231076 Str:  71 MRstruts:   0 Thi: 0.4999938 
4541 Rop: 33.14902230300 Str:  71 MRstruts:   0 Thi: 0.4999938 
4542 Rop: 33.14902229985 Str:  71 MRstruts:   0 Thi: 0.4999938 
4543 Rop: 33.14902229783 Str:  71 MRstruts:   0 Thi: 0.4999938 
4544 Rop: 33.14902227732 Str:  71 MRstruts:   0 Thi: 0.4999938 
4545 Rop: 33.14902227402 Str:  71 MRstruts:   0 Thi: 0.4999938 
4546 Rop: 33.14902227164 Str:  71 MRstruts:   0 Thi: 0.4999938 
4547 Rop: 33.14902223029 Str:  71 MRstruts:   0 Thi: 0.4999938 
4548 Rop: 33.14902221652 Str:  71 MRstruts:   0 Thi: 0.4999938 
4549 Rop: 33.14902221030 Str:  71 MRstruts:   0 Thi: 0.4999938 
4550 Rop: 33.14902213838 Str:  71 MRstruts:   0 Thi: 0.4999938 
4551 Rop: 33.14902212630 Str:  71 MRstruts:   0 Thi: 0.4999938 
4552 Rop: 33.14902212046 Str:  71 MRstruts:   0 Thi: 0.4999938 
4553 Rop: 33.14902211392 Str:  71 MRstruts:   0 Thi: 0.4999938 
4554 Rop: 33.14902211149 Str:  71 MRstruts:   0 Thi: 0.4999938 
4555 Rop: 33.14902208987 Str:  71 MRstruts:   0 Thi: 0.4999938 
4556 Rop: 33.14902208225 Str:  71 MRstruts:   0 Thi: 0.4999938 
4557 Rop: 33.14902207533 Str:  71 MRstruts:   0 Thi: 0.4999938 
4558 Rop: 33.14902207051 Str:  71 MRstruts:   0 Thi: 0.4999938 
4559 Rop: 33.14902206688 Str:  71 MRstruts:   0 Thi: 0.4999938 
4560 Rop: 33.14902206449 Str:  71 MRstruts:   0 Thi: 0.4999938 
4561 Rop: 33.14902205553 Str:  71 MRstruts:   0 Thi: 0.4999938 
4562 Rop: 33.14902205308 Str:  71 MRstruts:   0 Thi: 0.4999938 
4563 Rop: 33.14902205071 Str:  71 MRstruts:   0 Thi: 0.4999938 
4564 Rop: 33.14902204042 Str:  71 MRstruts:   0 Thi: 0.4999938 
4565 Rop: 33.14902203778 Str:  71 MRstruts:   0 Thi: 0.4999938 
4566 Rop: 33.14902203566 Str:  71 MRstruts:   0 Thi: 0.4999938 
4567 Rop: 33.14902197801 Str:  71 MRstruts:   0 Thi: 0.4999938 
4568 Rop: 33.14902196854 Str:  71 MRstruts:   0 Thi: 0.4999938 
4569 Rop: 33.14902196488 Str:  71 MRstruts:   0 Thi: 0.4999938 
4570 Rop: 33.14902196284 Str:  71 MRstruts:   0 Thi: 0.4999938 
4571 Rop: 33.14902195569 Str:  71 MRstruts:   0 Thi: 0.4999938 
4572 Rop: 33.14902195349 Str:  71 MRstruts:   0 Thi: 0.4999938 
4573 Rop: 33.14902194725 Str:  71 MRstruts:   0 Thi: 0.4999938 
4574 Rop: 33.14902194517 Str:  71 MRstruts:   0 Thi: 0.4999938 
4575 Rop: 33.14902194047 Str:  71 MRstruts:   0 Thi: 0.4999938 
4576 Rop: 33.14902193832 Str:  71 MRstruts:   0 Thi: 0.4999938 
4577 Rop: 33.14902183343 Str:  71 MRstruts:   0 Thi: 0.4999938 
4578 Rop: 33.14902183054 Str:  71 MRstruts:   0 Thi: 0.4999938 
4579 Rop: 33.14902182147 Str:  71 MRstruts:   0 Thi: 0.4999938 
4580 Rop: 33.14902181813 Str:  71 MRstruts:   0 Thi: 0.4999938 
4581 Rop: 33.14902180785 Str:  71 MRstruts:   0 Thi: 0.4999938 
4582 Rop: 33.14902180159 Str:  71 MRstruts:   0 Thi: 0.4999938 
4583 Rop: 33.14902179803 Str:  71 MRstruts:   0 Thi: 0.4999938 
4584 Rop: 33.14902179582 Str:  71 MRstruts:   0 Thi: 0.4999938 
4585 Rop: 33.14902177955 Str:  71 MRstruts:   0 Thi: 0.4999938 
4586 Rop: 33.14902177590 Str:  71 MRstruts:   0 Thi: 0.4999938 
4587 Rop: 33.14902177391 Str:  71 MRstruts:   0 Thi: 0.4999938 
4588 Rop: 33.14902176843 Str:  71 MRstruts:   0 Thi: 0.4999938 
4589 Rop: 33.14902176638 Str:  71 MRstruts:   0 Thi: 0.4999938 
4590 Rop: 33.14902173813 Str:  71 MRstruts:   0 Thi: 0.4999938 
4591 Rop: 33.14902173246 Str:  71 MRstruts:   0 Thi: 0.4999938 
4592 Rop: 33.14902172998 Str:  71 MRstruts:   0 Thi: 0.4999938 
4593 Rop: 33.14902172782 Str:  71 MRstruts:   0 Thi: 0.4999938 
4594 Rop: 33.14902170517 Str:  71 MRstruts:   0 Thi: 0.4999938 
4595 Rop: 33.14902170037 Str:  71 MRstruts:   0 Thi: 0.4999938 
4596 Rop: 33.14902169813 Str:  71 MRstruts:   0 Thi: 0.4999938 
4597 Rop: 33.14902169545 Str:  71 MRstruts:   0 Thi: 0.4999938 
4598 Rop: 33.14902169116 Str:  71 MRstruts:   0 Thi: 0.4999938 
4599 Rop: 33.14902168921 Str:  71 MRstruts:   0 Thi: 0.4999938 
4600 Rop: 33.14902162296 Str:  71 MRstruts:   0 Thi: 0.4999938 
4601 Rop: 33.14902161847 Str:  71 MRstruts:   0 Thi: 0.4999938 
4602 Rop: 33.14902161628 Str:  71 MRstruts:   0 Thi: 0.4999938 
4603 Rop: 33.14902161244 Str:  71 MRstruts:   0 Thi: 0.4999938 
4604 Rop: 33.14902161042 Str:  71 MRstruts:   0 Thi: 0.4999938 
4605 Rop: 33.14902153243 Str:  71 MRstruts:   0 Thi: 0.4999938 
4606 Rop: 33.14902152231 Str:  71 MRstruts:   0 Thi: 0.4999938 
4607 Rop: 33.14902151846 Str:  71 MRstruts:   0 Thi: 0.4999938 
4608 Rop: 33.14902151644 Str:  71 MRstruts:   0 Thi: 0.4999938 
4609 Rop: 33.14902151143 Str:  71 MRstruts:   0 Thi: 0.4999938 
4610 Rop: 33.14902150938 Str:  71 MRstruts:   0 Thi: 0.4999938 
4611 Rop: 33.14902146009 Str:  71 MRstruts:   0 Thi: 0.4999938 
4612 Rop: 33.14902145244 Str:  71 MRstruts:   0 Thi: 0.4999938 
4613 Rop: 33.14902144918 Str:  71 MRstruts:   0 Thi: 0.4999938 
4614 Rop: 33.14902144632 Str:  71 MRstruts:   0 Thi: 0.4999938 
4615 Rop: 33.14902144005 Str:  71 MRstruts:   0 Thi: 0.4999938 
4616 Rop: 33.14902143811 Str:  71 MRstruts:   0 Thi: 0.4999938 
4617 Rop: 33.14902143441 Str:  71 MRstruts:   0 Thi: 0.4999938 
4618 Rop: 33.14902143214 Str:  71 MRstruts:   0 Thi: 0.4999938 
4619 Rop: 33.14902142363 Str:  71 MRstruts:   0 Thi: 0.4999938 
4620 Rop: 33.14902142141 Str:  71 MRstruts:   0 Thi: 0.4999938 
4621 Rop: 33.14902141805 Str:  71 MRstruts:   0 Thi: 0.4999938 
4622 Rop: 33.14902141586 Str:  71 MRstruts:   0 Thi: 0.4999938 
4623 Rop: 33.14902140382 Str:  71 MRstruts:   0 Thi: 0.4999938 
4624 Rop: 33.14902140092 Str:  71 MRstruts:   0 Thi: 0.4999938 
4625 Rop: 33.14902139903 Str:  71 MRstruts:   0 Thi: 0.4999938 
4626 Rop: 33.14902137262 Str:  71 MRstruts:   0 Thi: 0.4999938 
4627 Rop: 33.14902136883 Str:  71 MRstruts:   0 Thi: 0.4999938 
4628 Rop: 33.14902136681 Str:  71 MRstruts:   0 Thi: 0.4999938 
4629 Rop: 33.14902135980 Str:  71 MRstruts:   0 Thi: 0.4999938 
4630 Rop: 33.14902135773 Str:  71 MRstruts:   0 Thi: 0.4999938 
4631 Rop: 33.14902135492 Str:  71 MRstruts:   0 Thi: 0.4999938 
4632 Rop: 33.14902135162 Str:  71 MRstruts:   0 Thi: 0.4999938 
4633 Rop: 33.14902134942 Str:  71 MRstruts:   0 Thi: 0.4999938 
4634 Rop: 33.14902133839 Str:  71 MRstruts:   0 Thi: 0.4999938 
4635 Rop: 33.14902133567 Str:  71 MRstruts:   0 Thi: 0.4999938 
4636 Rop: 33.14902133377 Str:  71 MRstruts:   0 Thi: 0.4999938 
4637 Rop: 33.14902125204 Str:  71 MRstruts:   0 Thi: 0.4999938 
4638 Rop: 33.14902124829 Str:  71 MRstruts:   0 Thi: 0.4999938 
4639 Rop: 33.14902124629 Str:  71 MRstruts:   0 Thi: 0.4999938 
4640 Rop: 33.14902123898 Str:  71 MRstruts:   0 Thi: 0.4999938 
4641 Rop: 33.14902123687 Str:  71 MRstruts:   0 Thi: 0.4999938 
4642 Rop: 33.14902123429 Str:  71 MRstruts:   0 Thi: 0.4999938 
4643 Rop: 33.14902123033 Str:  71 MRstruts:   0 Thi: 0.4999938 
4644 Rop: 33.14902122844 Str:  71 MRstruts:   0 Thi: 0.4999938 
4645 Rop: 33.14902111135 Str:  71 MRstruts:   0 Thi: 0.4999938 
4646 Rop: 33.14902110908 Str:  71 MRstruts:   0 Thi: 0.4999938 
4647 Rop: 33.14902110266 Str:  71 MRstruts:   0 Thi: 0.4999938 
4648 Rop: 33.14902110068 Str:  71 MRstruts:   0 Thi: 0.4999938 
4649 Rop: 33.14902109428 Str:  71 MRstruts:   0 Thi: 0.4999938 
4650 Rop: 33.14902109231 Str:  71 MRstruts:   0 Thi: 0.4999938 
4651 Rop: 33.14902108921 Str:  71 MRstruts:   0 Thi: 0.4999938 
4652 Rop: 33.14902108667 Str:  71 MRstruts:   0 Thi: 0.4999938 
4653 Rop: 33.14902108318 Str:  71 MRstruts:   0 Thi: 0.4999938 
4654 Rop: 33.14902108096 Str:  71 MRstruts:   0 Thi: 0.4999938 
4655 Rop: 33.14902107343 Str:  71 MRstruts:   0 Thi: 0.4999938 
4656 Rop: 33.14902107137 Str:  71 MRstruts:   0 Thi: 0.4999938 
4657 Rop: 33.14902106740 Str:  71 MRstruts:   0 Thi: 0.4999938 
4658 Rop: 33.14902106555 Str:  71 MRstruts:   0 Thi: 0.4999938 
4659 Rop: 33.14902097551 Str:  71 MRstruts:   0 Thi: 0.4999938 
4660 Rop: 33.14902097251 Str:  71 MRstruts:   0 Thi: 0.4999938 
4661 Rop: 33.14902097059 Str:  71 MRstruts:   0 Thi: 0.4999938 
4662 Rop: 33.14902091025 Str:  71 MRstruts:   0 Thi: 0.4999938 
4663 Rop: 33.14902090098 Str:  71 MRstruts:   0 Thi: 0.4999938 
4664 Rop: 33.14902089743 Str:  71 MRstruts:   0 Thi: 0.4999938 
4665 Rop: 33.14902089556 Str:  71 MRstruts:   0 Thi: 0.4999938 
4666 Rop: 33.14902089155 Str:  71 MRstruts:   0 Thi: 0.4999938 
4667 Rop: 33.14902088957 Str:  71 MRstruts:   0 Thi: 0.4999938 
4668 Rop: 33.14902084527 Str:  71 MRstruts:   0 Thi: 0.4999938 
4669 Rop: 33.14902084091 Str:  71 MRstruts:   0 Thi: 0.4999938 
4670 Rop: 33.14902083884 Str:  71 MRstruts:   0 Thi: 0.4999938 
4671 Rop: 33.14902083570 Str:  71 MRstruts:   0 Thi: 0.4999938 
4672 Rop: 33.14902083363 Str:  71 MRstruts:   0 Thi: 0.4999938 
4673 Rop: 33.14902082298 Str:  71 MRstruts:   0 Thi: 0.4999938 
4674 Rop: 33.14902082036 Str:  71 MRstruts:   0 Thi: 0.4999938 
4675 Rop: 33.14902081857 Str:  71 MRstruts:   0 Thi: 0.4999938 
4676 Rop: 33.14902076038 Str:  71 MRstruts:   0 Thi: 0.4999938 
4677 Rop: 33.14902075607 Str:  71 MRstruts:   0 Thi: 0.4999938 
4678 Rop: 33.14902075400 Str:  71 MRstruts:   0 Thi: 0.4999938 
4679 Rop: 33.14902075081 Str:  71 MRstruts:   0 Thi: 0.4999938 
4680 Rop: 33.14902074880 Str:  71 MRstruts:   0 Thi: 0.4999938 
4681 Rop: 33.14902073502 Str:  71 MRstruts:   0 Thi: 0.4999938 
4682 Rop: 33.14902073187 Str:  71 MRstruts:   0 Thi: 0.4999938 
4683 Rop: 33.14902073010 Str:  71 MRstruts:   0 Thi: 0.4999938 
4684 Rop: 33.14902072381 Str:  71 MRstruts:   0 Thi: 0.4999938 
4685 Rop: 33.14902072190 Str:  71 MRstruts:   0 Thi: 0.4999938 
4686 Rop: 33.14902071605 Str:  71 MRstruts:   0 Thi: 0.4999938 
4687 Rop: 33.14902071420 Str:  71 MRstruts:   0 Thi: 0.4999938 
4688 Rop: 33.14902071072 Str:  71 MRstruts:   0 Thi: 0.4999938 
4689 Rop: 33.14902070865 Str:  71 MRstruts:   0 Thi: 0.4999938 
4690 Rop: 33.14902069836 Str:  71 MRstruts:   0 Thi: 0.4999938 
4691 Rop: 33.14902069607 Str:  71 MRstruts:   0 Thi: 0.4999938 
4692 Rop: 33.14902069382 Str:  71 MRstruts:   0 Thi: 0.4999938 
4693 Rop: 33.14902068896 Str:  71 MRstruts:   0 Thi: 0.4999938 
4694 Rop: 33.14902068711 Str:  71 MRstruts:   0 Thi: 0.4999938 
4695 Rop: 33.14902065560 Str:  71 MRstruts:   0 Thi: 0.4999938 
4696 Rop: 33.14902064955 Str:  71 MRstruts:   0 Thi: 0.4999938 
4697 Rop: 33.14902064703 Str:  71 MRstruts:   0 Thi: 0.4999938 
4698 Rop: 33.14902064526 Str:  71 MRstruts:   0 Thi: 0.4999938 
4699 Rop: 33.14902056030 Str:  71 MRstruts:   0 Thi: 0.4999938 
4700 Rop: 33.14902055735 Str:  71 MRstruts:   0 Thi: 0.4999938 
4701 Rop: 33.14902055552 Str:  71 MRstruts:   0 Thi: 0.4999938 
4702 Rop: 33.14902052003 Str:  71 MRstruts:   0 Thi: 0.4999938 
4703 Rop: 33.14902051346 Str:  71 MRstruts:   0 Thi: 0.4999938 
4704 Rop: 33.14902051080 Str:  71 MRstruts:   0 Thi: 0.4999938 
4705 Rop: 33.14902050908 Str:  71 MRstruts:   0 Thi: 0.4999938 
4706 Rop: 33.14902048782 Str:  71 MRstruts:   0 Thi: 0.4999938 
4707 Rop: 33.14902048462 Str:  71 MRstruts:   0 Thi: 0.4999938 
4708 Rop: 33.14902048280 Str:  71 MRstruts:   0 Thi: 0.4999938 
4709 Rop: 33.14902047261 Str:  71 MRstruts:   0 Thi: 0.4999938 
4710 Rop: 33.14902047013 Str:  71 MRstruts:   0 Thi: 0.4999938 
4711 Rop: 33.14902046842 Str:  71 MRstruts:   0 Thi: 0.4999938 
4712 Rop: 33.14902043619 Str:  71 MRstruts:   0 Thi: 0.4999938 
4713 Rop: 33.14902043304 Str:  71 MRstruts:   0 Thi: 0.4999938 
4714 Rop: 33.14902043105 Str:  71 MRstruts:   0 Thi: 0.4999938 
4715 Rop: 33.14902042324 Str:  71 MRstruts:   0 Thi: 0.4999938 
4716 Rop: 33.14902042113 Str:  71 MRstruts:   0 Thi: 0.4999938 
4717 Rop: 33.14902041641 Str:  71 MRstruts:   0 Thi: 0.4999938 
4718 Rop: 33.14902041222 Str:  71 MRstruts:   0 Thi: 0.4999938 
4719 Rop: 33.14902040970 Str:  71 MRstruts:   0 Thi: 0.4999938 
4720 Rop: 33.14902040461 Str:  71 MRstruts:   0 Thi: 0.4999938 
4721 Rop: 33.14902040286 Str:  71 MRstruts:   0 Thi: 0.4999938 
4722 Rop: 33.14902039795 Str:  71 MRstruts:   0 Thi: 0.4999938 
4723 Rop: 33.14902039613 Str:  71 MRstruts:   0 Thi: 0.4999938 
4724 Rop: 33.14902037405 Str:  71 MRstruts:   0 Thi: 0.4999938 
4725 Rop: 33.14902036922 Str:  71 MRstruts:   0 Thi: 0.4999938 
4726 Rop: 33.14902036705 Str:  71 MRstruts:   0 Thi: 0.4999938 
4727 Rop: 33.14902036477 Str:  71 MRstruts:   0 Thi: 0.4999938 
4728 Rop: 33.14902035998 Str:  71 MRstruts:   0 Thi: 0.4999938 
4729 Rop: 33.14902035826 Str:  71 MRstruts:   0 Thi: 0.4999938 
4730 Rop: 33.14902035212 Str:  71 MRstruts:   0 Thi: 0.4999938 
4731 Rop: 33.14902035026 Str:  71 MRstruts:   0 Thi: 0.4999938 
4732 Rop: 33.14902034478 Str:  71 MRstruts:   0 Thi: 0.4999938 
4733 Rop: 33.14902034299 Str:  71 MRstruts:   0 Thi: 0.4999938 
4734 Rop: 33.14902033943 Str:  71 MRstruts:   0 Thi: 0.4999938 
4735 Rop: 33.14902033750 Str:  71 MRstruts:   0 Thi: 0.4999938 
4736 Rop: 33.14902031949 Str:  71 MRstruts:   0 Thi: 0.4999938 
4737 Rop: 33.14902031653 Str:  71 MRstruts:   0 Thi: 0.4999938 
4738 Rop: 33.14902031476 Str:  71 MRstruts:   0 Thi: 0.4999938 
4739 Rop: 33.14902029515 Str:  71 MRstruts:   0 Thi: 0.4999938 
4740 Rop: 33.14902029111 Str:  71 MRstruts:   0 Thi: 0.4999938 
4741 Rop: 33.14902028921 Str:  71 MRstruts:   0 Thi: 0.4999938 
4742 Rop: 33.14902028701 Str:  71 MRstruts:   0 Thi: 0.4999938 
4743 Rop: 33.14902028238 Str:  71 MRstruts:   0 Thi: 0.4999938 
4744 Rop: 33.14902028070 Str:  71 MRstruts:   0 Thi: 0.4999938 
4745 Rop: 33.14902027384 Str:  71 MRstruts:   0 Thi: 0.4999938 
4746 Rop: 33.14902027196 Str:  71 MRstruts:   0 Thi: 0.4999938 
4747 Rop: 33.14902026828 Str:  71 MRstruts:   0 Thi: 0.4999938 
4748 Rop: 33.14902026659 Str:  71 MRstruts:   0 Thi: 0.4999938 
4749 Rop: 33.14902019489 Str:  71 MRstruts:   0 Thi: 0.4999937 
4750 Rop: 33.14902019176 Str:  71 MRstruts:   0 Thi: 0.4999937 
4751 Rop: 33.14902019002 Str:  71 MRstruts:   0 Thi: 0.4999937 
4752 Rop: 33.14902018462 Str:  71 MRstruts:   0 Thi: 0.4999937 
4753 Rop: 33.14902018296 Str:  71 MRstruts:   0 Thi: 0.4999937 
4754 Rop: 33.14902017974 Str:  71 MRstruts:   0 Thi: 0.4999937 
4755 Rop: 33.14902017775 Str:  71 MRstruts:   0 Thi: 0.4999937 
4756 Rop: 33.14902017041 Str:  71 MRstruts:   0 Thi: 0.4999937 
4757 Rop: 33.14902016848 Str:  71 MRstruts:   0 Thi: 0.4999937 
4758 Rop: 33.14902016537 Str:  71 MRstruts:   0 Thi: 0.4999937 
4759 Rop: 33.14902016354 Str:  71 MRstruts:   0 Thi: 0.4999937 
4760 Rop: 33.14902014205 Str:  71 MRstruts:   0 Thi: 0.4999937 
4761 Rop: 33.14902013764 Str:  71 MRstruts:   0 Thi: 0.4999937 
4762 Rop: 33.14902013564 Str:  71 MRstruts:   0 Thi: 0.4999937 
4763 Rop: 33.14902013366 Str:  71 MRstruts:   0 Thi: 0.4999937 
4764 Rop: 33.14902012614 Str:  71 MRstruts:   0 Thi: 0.4999937 
4765 Rop: 33.14902012411 Str:  71 MRstruts:   0 Thi: 0.4999937 
4766 Rop: 33.14902012217 Str:  71 MRstruts:   0 Thi: 0.4999937 
4767 Rop: 33.14902011297 Str:  71 MRstruts:   0 Thi: 0.4999937 
4768 Rop: 33.14902011066 Str:  71 MRstruts:   0 Thi: 0.4999937 
4769 Rop: 33.14902010896 Str:  71 MRstruts:   0 Thi: 0.4999937 
4770 Rop: 33.14901999226 Str:  71 MRstruts:   0 Thi: 0.4999937 
4771 Rop: 33.14901998997 Str:  71 MRstruts:   0 Thi: 0.4999937 
4772 Rop: 33.14901998830 Str:  71 MRstruts:   0 Thi: 0.4999937 
4773 Rop: 33.14901987222 Str:  71 MRstruts:   0 Thi: 0.4999937 
4774 Rop: 33.14901986942 Str:  71 MRstruts:   0 Thi: 0.4999937 
4775 Rop: 33.14901986767 Str:  71 MRstruts:   0 Thi: 0.4999937 
4776 Rop: 33.14901986541 Str:  71 MRstruts:   0 Thi: 0.4999937 
4777 Rop: 33.14901984710 Str:  71 MRstruts:   0 Thi: 0.4999937 
4778 Rop: 33.14901984182 Str:  71 MRstruts:   0 Thi: 0.4999937 
4779 Rop: 33.14901983927 Str:  71 MRstruts:   0 Thi: 0.4999937 
4780 Rop: 33.14901983441 Str:  71 MRstruts:   0 Thi: 0.4999937 
4781 Rop: 33.14901983251 Str:  71 MRstruts:   0 Thi: 0.4999937 
4782 Rop: 33.14901979362 Str:  71 MRstruts:   0 Thi: 0.4999937 
4783 Rop: 33.14901978257 Str:  71 MRstruts:   0 Thi: 0.4999937 
4784 Rop: 33.14901977227 Str:  71 MRstruts:   0 Thi: 0.4999937 
4785 Rop: 33.14901977003 Str:  71 MRstruts:   0 Thi: 0.4999937 
4786 Rop: 33.14901976351 Str:  71 MRstruts:   0 Thi: 0.4999937 
4787 Rop: 33.14901976159 Str:  71 MRstruts:   0 Thi: 0.4999937 
4788 Rop: 33.14901975655 Str:  71 MRstruts:   0 Thi: 0.4999937 
4789 Rop: 33.14901975447 Str:  71 MRstruts:   0 Thi: 0.4999937 
4790 Rop: 33.14901973938 Str:  71 MRstruts:   0 Thi: 0.4999937 
4791 Rop: 33.14901973446 Str:  71 MRstruts:   0 Thi: 0.4999937 
4792 Rop: 33.14901972361 Str:  71 MRstruts:   0 Thi: 0.4999937 
4793 Rop: 33.14901971205 Str:  71 MRstruts:   0 Thi: 0.4999937 
4794 Rop: 33.14901970455 Str:  71 MRstruts:   0 Thi: 0.4999937 
4795 Rop: 33.14901969525 Str:  71 MRstruts:   0 Thi: 0.4999937 
4796 Rop: 33.14901969077 Str:  71 MRstruts:   0 Thi: 0.4999937 
4797 Rop: 33.14901968432 Str:  71 MRstruts:   0 Thi: 0.4999937 
4798 Rop: 33.14901968266 Str:  71 MRstruts:   0 Thi: 0.4999937 
4799 Rop: 33.14901968081 Str:  71 MRstruts:   0 Thi: 0.4999937 
4800 Rop: 33.14901965846 Str:  70 MRstruts:   0 Thi: 0.4999937 
4801 Rop: 33.14901965181 Str:  70 MRstruts:   0 Thi: 0.4999937 
4802 Rop: 33.14901964921 Str:  70 MRstruts:   0 Thi: 0.4999937 
4803 Rop: 33.14901964721 Str:  70 MRstruts:   0 Thi: 0.4999937 
4804 Rop: 33.14901963297 Str:  70 MRstruts:   0 Thi: 0.4999937 
4805 Rop: 33.14901962968 Str:  70 MRstruts:   0 Thi: 0.4999937 
4806 Rop: 33.14901962801 Str:  70 MRstruts:   0 Thi: 0.4999937 
4807 Rop: 33.14901962622 Str:  70 MRstruts:   0 Thi: 0.4999937 
4808 Rop: 33.14901960898 Str:  70 MRstruts:   0 Thi: 0.4999937 
4809 Rop: 33.14901960444 Str:  70 MRstruts:   0 Thi: 0.4999937 
4810 Rop: 33.14901960242 Str:  70 MRstruts:   0 Thi: 0.4999937 
4811 Rop: 33.14901960059 Str:  70 MRstruts:   0 Thi: 0.4999937 
4812 Rop: 33.14901958087 Str:  70 MRstruts:   0 Thi: 0.4999937 
4813 Rop: 33.14901957603 Str:  70 MRstruts:   0 Thi: 0.4999937 
4814 Rop: 33.14901957390 Str:  70 MRstruts:   0 Thi: 0.4999937 
4815 Rop: 33.14901957234 Str:  70 MRstruts:   0 Thi: 0.4999937 
4816 Rop: 33.14901955488 Str:  70 MRstruts:   0 Thi: 0.4999937 
4817 Rop: 33.14901955269 Str:  70 MRstruts:   0 Thi: 0.4999937 
4818 Rop: 33.14901954859 Str:  70 MRstruts:   0 Thi: 0.4999937 
4819 Rop: 33.14901954706 Str:  70 MRstruts:   0 Thi: 0.4999937 
4820 Rop: 33.14901953370 Str:  70 MRstruts:   0 Thi: 0.4999937 
4821 Rop: 33.14901953169 Str:  70 MRstruts:   0 Thi: 0.4999937 
4822 Rop: 33.14901952734 Str:  70 MRstruts:   0 Thi: 0.4999937 
4823 Rop: 33.14901952585 Str:  70 MRstruts:   0 Thi: 0.4999937 
4824 Rop: 33.14901951940 Str:  70 MRstruts:   0 Thi: 0.4999937 
4825 Rop: 33.14901951756 Str:  70 MRstruts:   0 Thi: 0.4999937 
4826 Rop: 33.14901945734 Str:  70 MRstruts:   0 Thi: 0.4999937 
4827 Rop: 33.14901942962 Str:  70 MRstruts:   0 Thi: 0.4999937 
4828 Rop: 33.14901941702 Str:  70 MRstruts:   0 Thi: 0.4999937 
4829 Rop: 33.14901941130 Str:  70 MRstruts:   0 Thi: 0.4999937 
4830 Rop: 33.14901940607 Str:  70 MRstruts:   0 Thi: 0.4999937 
4831 Rop: 33.14901940314 Str:  70 MRstruts:   0 Thi: 0.4999937 
4832 Rop: 33.14901939965 Str:  70 MRstruts:   0 Thi: 0.4999937 
4833 Rop: 33.14901939728 Str:  70 MRstruts:   0 Thi: 0.4999937 
4834 Rop: 33.14901939444 Str:  70 MRstruts:   0 Thi: 0.4999937 
4835 Rop: 33.14901939153 Str:  70 MRstruts:   0 Thi: 0.4999937 
4836 Rop: 33.14901938971 Str:  70 MRstruts:   0 Thi: 0.4999937 
4837 Rop: 33.14901936273 Str:  70 MRstruts:   0 Thi: 0.4999937 
4838 Rop: 33.14901935541 Str:  70 MRstruts:   0 Thi: 0.4999937 
4839 Rop: 33.14901935248 Str:  70 MRstruts:   0 Thi: 0.4999937 
4840 Rop: 33.14901935085 Str:  70 MRstruts:   0 Thi: 0.4999937 
4841 Rop: 33.14901934762 Str:  70 MRstruts:   0 Thi: 0.4999937 
4842 Rop: 33.14901934507 Str:  70 MRstruts:   0 Thi: 0.4999937 
4843 Rop: 33.14901934269 Str:  70 MRstruts:   0 Thi: 0.4999937 
4844 Rop: 33.14901933811 Str:  70 MRstruts:   0 Thi: 0.4999937 
4845 Rop: 33.14901933648 Str:  70 MRstruts:   0 Thi: 0.4999937 
4846 Rop: 33.14901933305 Str:  70 MRstruts:   0 Thi: 0.4999937 
4847 Rop: 33.14901933064 Str:  70 MRstruts:   0 Thi: 0.4999937 
4848 Rop: 33.14901932771 Str:  70 MRstruts:   0 Thi: 0.4999937 
4849 Rop: 33.14901932478 Str:  70 MRstruts:   0 Thi: 0.4999937 
4850 Rop: 33.14901932293 Str:  70 MRstruts:   0 Thi: 0.4999937 
4851 Rop: 33.14901929453 Str:  70 MRstruts:   0 Thi: 0.4999937 
4852 Rop: 33.14901928656 Str:  70 MRstruts:   0 Thi: 0.4999937 
4853 Rop: 33.14901928340 Str:  70 MRstruts:   0 Thi: 0.4999937 
4854 Rop: 33.14901928172 Str:  70 MRstruts:   0 Thi: 0.4999937 
4855 Rop: 33.14901927902 Str:  70 MRstruts:   0 Thi: 0.4999937 
4856 Rop: 33.14901927548 Str:  70 MRstruts:   0 Thi: 0.4999937 
4857 Rop: 33.14901927385 Str:  70 MRstruts:   0 Thi: 0.4999937 
4858 Rop: 33.14901924984 Str:  70 MRstruts:   0 Thi: 0.4999937 
4859 Rop: 33.14901924765 Str:  70 MRstruts:   0 Thi: 0.4999937 
4860 Rop: 33.14901924372 Str:  70 MRstruts:   0 Thi: 0.4999937 
4861 Rop: 33.14901924211 Str:  70 MRstruts:   0 Thi: 0.4999937 
4862 Rop: 33.14901923424 Str:  70 MRstruts:   0 Thi: 0.4999937 
4863 Rop: 33.14901923222 Str:  70 MRstruts:   0 Thi: 0.4999937 
4864 Rop: 33.14901920799 Str:  70 MRstruts:   0 Thi: 0.4999937 
4865 Rop: 33.14901920101 Str:  70 MRstruts:   0 Thi: 0.4999937 
4866 Rop: 33.14901919817 Str:  70 MRstruts:   0 Thi: 0.4999937 
4867 Rop: 33.14901919653 Str:  70 MRstruts:   0 Thi: 0.4999937 
4868 Rop: 33.14901919261 Str:  70 MRstruts:   0 Thi: 0.4999937 
4869 Rop: 33.14901919020 Str:  70 MRstruts:   0 Thi: 0.4999937 
4870 Rop: 33.14901918650 Str:  70 MRstruts:   0 Thi: 0.4999937 
4871 Rop: 33.14901918400 Str:  70 MRstruts:   0 Thi: 0.4999937 
4872 Rop: 33.14901918094 Str:  70 MRstruts:   0 Thi: 0.4999937 
4873 Rop: 33.14901917780 Str:  70 MRstruts:   0 Thi: 0.4999937 
4874 Rop: 33.14901917597 Str:  70 MRstruts:   0 Thi: 0.4999937 
4875 Rop: 33.14901910950 Str:  70 MRstruts:   0 Thi: 0.4999937 
4876 Rop: 33.14901909022 Str:  70 MRstruts:   0 Thi: 0.4999937 
4877 Rop: 33.14901908321 Str:  70 MRstruts:   0 Thi: 0.4999937 
4878 Rop: 33.14901908035 Str:  70 MRstruts:   0 Thi: 0.4999937 
4879 Rop: 33.14901907866 Str:  70 MRstruts:   0 Thi: 0.4999937 
4880 Rop: 33.14901907449 Str:  70 MRstruts:   0 Thi: 0.4999937 
4881 Rop: 33.14901907201 Str:  70 MRstruts:   0 Thi: 0.4999937 
4882 Rop: 33.14901906826 Str:  70 MRstruts:   0 Thi: 0.4999937 
4883 Rop: 33.14901906558 Str:  70 MRstruts:   0 Thi: 0.4999937 
4884 Rop: 33.14901906286 Str:  70 MRstruts:   0 Thi: 0.4999937 
4885 Rop: 33.14901905833 Str:  70 MRstruts:   0 Thi: 0.4999937 
4886 Rop: 33.14901905664 Str:  70 MRstruts:   0 Thi: 0.4999937 
4887 Rop: 33.14901905221 Str:  70 MRstruts:   0 Thi: 0.4999937 
4888 Rop: 33.14901904978 Str:  70 MRstruts:   0 Thi: 0.4999937 
4889 Rop: 33.14901904525 Str:  70 MRstruts:   0 Thi: 0.4999937 
4890 Rop: 33.14901904283 Str:  70 MRstruts:   0 Thi: 0.4999937 
4891 Rop: 33.14901903792 Str:  70 MRstruts:   0 Thi: 0.4999937 
4892 Rop: 33.14901903558 Str:  70 MRstruts:   0 Thi: 0.4999937 
4893 Rop: 33.14901902834 Str:  70 MRstruts:   0 Thi: 0.4999937 
4894 Rop: 33.14901902617 Str:  70 MRstruts:   0 Thi: 0.4999937 
4895 Rop: 33.14901891736 Str:  70 MRstruts:   0 Thi: 0.4999937 
4896 Rop: 33.14901890375 Str:  70 MRstruts:   0 Thi: 0.4999937 
4897 Rop: 33.14901889863 Str:  70 MRstruts:   0 Thi: 0.4999937 
4898 Rop: 33.14901889632 Str:  70 MRstruts:   0 Thi: 0.4999937 
4899 Rop: 33.14901889449 Str:  70 MRstruts:   0 Thi: 0.4999937 
4900 Rop: 33.14901885414 Str:  70 MRstruts:   0 Thi: 0.4999937 
4901 Rop: 33.14901885152 Str:  70 MRstruts:   0 Thi: 0.4999937 
4902 Rop: 33.14901884650 Str:  70 MRstruts:   0 Thi: 0.4999937 
4903 Rop: 33.14901884385 Str:  70 MRstruts:   0 Thi: 0.4999937 
4904 Rop: 33.14901883910 Str:  70 MRstruts:   0 Thi: 0.4999937 
4905 Rop: 33.14901883635 Str:  70 MRstruts:   0 Thi: 0.4999937 
4906 Rop: 33.14901883255 Str:  70 MRstruts:   0 Thi: 0.4999937 
4907 Rop: 33.14901882917 Str:  70 MRstruts:   0 Thi: 0.4999937 
4908 Rop: 33.14901882707 Str:  70 MRstruts:   0 Thi: 0.4999937 
4909 Rop: 33.14901877479 Str:  70 MRstruts:   0 Thi: 0.4999937 
4910 Rop: 33.14901875599 Str:  70 MRstruts:   0 Thi: 0.4999937 
4911 Rop: 33.14901874904 Str:  70 MRstruts:   0 Thi: 0.4999937 
4912 Rop: 33.14901874611 Str:  70 MRstruts:   0 Thi: 0.4999937 
4913 Rop: 33.14901874427 Str:  70 MRstruts:   0 Thi: 0.4999937 
4914 Rop: 33.14901873851 Str:  70 MRstruts:   0 Thi: 0.4999937 
4915 Rop: 33.14901873584 Str:  70 MRstruts:   0 Thi: 0.4999937 
4916 Rop: 33.14901872931 Str:  70 MRstruts:   0 Thi: 0.4999937 
4917 Rop: 33.14901872674 Str:  70 MRstruts:   0 Thi: 0.4999937 
4918 Rop: 33.14901871464 Str:  70 MRstruts:   0 Thi: 0.4999937 
4919 Rop: 33.14901871216 Str:  70 MRstruts:   0 Thi: 0.4999937 
4920 Rop: 33.14901864821 Str:  70 MRstruts:   0 Thi: 0.4999937 
4921 Rop: 33.14901862381 Str:  70 MRstruts:   0 Thi: 0.4999937 
4922 Rop: 33.14901861497 Str:  70 MRstruts:   0 Thi: 0.4999937 
4923 Rop: 33.14901861141 Str:  70 MRstruts:   0 Thi: 0.4999937 
4924 Rop: 33.14901860943 Str:  70 MRstruts:   0 Thi: 0.4999937 
4925 Rop: 33.14901860608 Str:  70 MRstruts:   0 Thi: 0.4999937 
4926 Rop: 33.14901860088 Str:  70 MRstruts:   0 Thi: 0.4999937 
4927 Rop: 33.14901859895 Str:  70 MRstruts:   0 Thi: 0.4999937 
4928 Rop: 33.14901859435 Str:  70 MRstruts:   0 Thi: 0.4999937 
4929 Rop: 33.14901859100 Str:  70 MRstruts:   0 Thi: 0.4999937 
4930 Rop: 33.14901858837 Str:  70 MRstruts:   0 Thi: 0.4999937 
4931 Rop: 33.14901857521 Str:  70 MRstruts:   0 Thi: 0.4999937 
4932 Rop: 33.14901857120 Str:  70 MRstruts:   0 Thi: 0.4999937 
4933 Rop: 33.14901856910 Str:  70 MRstruts:   0 Thi: 0.4999937 
4934 Rop: 33.14901856639 Str:  70 MRstruts:   0 Thi: 0.4999937 
4935 Rop: 33.14901855443 Str:  70 MRstruts:   0 Thi: 0.4999937 
4936 Rop: 33.14901855081 Str:  70 MRstruts:   0 Thi: 0.4999937 
4937 Rop: 33.14901854879 Str:  70 MRstruts:   0 Thi: 0.4999937 
4938 Rop: 33.14901854536 Str:  70 MRstruts:   0 Thi: 0.4999937 
4939 Rop: 33.14901853999 Str:  70 MRstruts:   0 Thi: 0.4999937 
4940 Rop: 33.14901853800 Str:  70 MRstruts:   0 Thi: 0.4999937 
4941 Rop: 33.14901853378 Str:  70 MRstruts:   0 Thi: 0.4999937 
4942 Rop: 33.14901852991 Str:  70 MRstruts:   0 Thi: 0.4999937 
4943 Rop: 33.14901852773 Str:  70 MRstruts:   0 Thi: 0.4999937 
4944 Rop: 33.14901838694 Str:  70 MRstruts:   0 Thi: 0.4999937 
4945 Rop: 33.14901834872 Str:  70 MRstruts:   0 Thi: 0.4999937 
4946 Rop: 33.14901833512 Str:  70 MRstruts:   0 Thi: 0.4999937 
4947 Rop: 33.14901832987 Str:  70 MRstruts:   0 Thi: 0.4999937 
4948 Rop: 33.14901832735 Str:  70 MRstruts:   0 Thi: 0.4999937 
4949 Rop: 33.14901832502 Str:  70 MRstruts:   0 Thi: 0.4999937 
4950 Rop: 33.14901816808 Str:  70 MRstruts:   0 Thi: 0.4999937 
4951 Rop: 33.14901812364 Str:  70 MRstruts:   0 Thi: 0.4999937 
4952 Rop: 33.14901810788 Str:  70 MRstruts:   0 Thi: 0.4999937 
4953 Rop: 33.14901810184 Str:  70 MRstruts:   0 Thi: 0.4999937 
4954 Rop: 33.14901809902 Str:  70 MRstruts:   0 Thi: 0.4999937 
4955 Rop: 33.14901809662 Str:  70 MRstruts:   0 Thi: 0.4999937 
4956 Rop: 33.14901802015 Str:  70 MRstruts:   0 Thi: 0.4999937 
4957 Rop: 33.14901801750 Str:  70 MRstruts:   0 Thi: 0.4999937 
4958 Rop: 33.14901785621 Str:  70 MRstruts:   0 Thi: 0.4999937 
4959 Rop: 33.14901778653 Str:  70 MRstruts:   0 Thi: 0.4999937 
4960 Rop: 33.14901776201 Str:  70 MRstruts:   0 Thi: 0.4999937 
4961 Rop: 33.14901775260 Str:  70 MRstruts:   0 Thi: 0.4999937 
4962 Rop: 33.14901774796 Str:  70 MRstruts:   0 Thi: 0.4999937 
4963 Rop: 33.14901774156 Str:  70 MRstruts:   0 Thi: 0.4999937 
4964 Rop: 33.14901773600 Str:  70 MRstruts:   0 Thi: 0.4999937 
4965 Rop: 33.14901773332 Str:  70 MRstruts:   0 Thi: 0.4999937 
4966 Rop: 33.14901768402 Str:  70 MRstruts:   0 Thi: 0.4999937 
4967 Rop: 33.14901767775 Str:  70 MRstruts:   0 Thi: 0.4999937 
4968 Rop: 33.14901767511 Str:  70 MRstruts:   0 Thi: 0.4999937 
4969 Rop: 33.14901765795 Str:  70 MRstruts:   0 Thi: 0.4999937 
4970 Rop: 33.14901765405 Str:  70 MRstruts:   0 Thi: 0.4999937 
4971 Rop: 33.14901763889 Str:  70 MRstruts:   0 Thi: 0.4999937 
4972 Rop: 33.14901763500 Str:  70 MRstruts:   0 Thi: 0.4999937 
4973 Rop: 33.14901761065 Str:  70 MRstruts:   0 Thi: 0.4999937 
4974 Rop: 33.14901760667 Str:  70 MRstruts:   0 Thi: 0.4999937 
4975 Rop: 33.14901758618 Str:  70 MRstruts:   0 Thi: 0.4999937 
4976 Rop: 33.14901758194 Str:  70 MRstruts:   0 Thi: 0.4999937 
4977 Rop: 33.14901756234 Str:  70 MRstruts:   0 Thi: 0.4999937 
4978 Rop: 33.14901755798 Str:  70 MRstruts:   0 Thi: 0.4999937 
4979 Rop: 33.14901754326 Str:  70 MRstruts:   0 Thi: 0.4999937 
4980 Rop: 33.14901753867 Str:  70 MRstruts:   0 Thi: 0.4999937 
4981 Rop: 33.14901752982 Str:  70 MRstruts:   0 Thi: 0.4999937 
4982 Rop: 33.14901752506 Str:  70 MRstruts:   0 Thi: 0.4999937 
4983 Rop: 33.14901752087 Str:  70 MRstruts:   0 Thi: 0.4999937 
4984 Rop: 33.14901750556 Str:  70 MRstruts:   0 Thi: 0.4999937 
4985 Rop: 33.14901750066 Str:  70 MRstruts:   0 Thi: 0.4999937 
4986 Rop: 33.14901749783 Str:  70 MRstruts:   0 Thi: 0.4999937 
4987 Rop: 33.14901749280 Str:  70 MRstruts:   0 Thi: 0.4999937 
4988 Rop: 33.14901748368 Str:  70 MRstruts:   0 Thi: 0.4999937 
4989 Rop: 33.14901748061 Str:  70 MRstruts:   0 Thi: 0.4999937 
4990 Rop: 33.14901747706 Str:  70 MRstruts:   0 Thi: 0.4999937 
4991 Rop: 33.14901742363 Str:  70 MRstruts:   0 Thi: 0.4999937 
4992 Rop: 33.14901740027 Str:  70 MRstruts:   0 Thi: 0.4999937 
4993 Rop: 33.14901739151 Str:  70 MRstruts:   0 Thi: 0.4999937 
4994 Rop: 33.14901738758 Str:  70 MRstruts:   0 Thi: 0.4999937 
4995 Rop: 33.14901738471 Str:  70 MRstruts:   0 Thi: 0.4999937 
4996 Rop: 33.14901736664 Str:  70 MRstruts:   0 Thi: 0.4999937 
4997 Rop: 33.14901736235 Str:  70 MRstruts:   0 Thi: 0.4999937 
4998 Rop: 33.14901734390 Str:  70 MRstruts:   0 Thi: 0.4999937 
4999 Rop: 33.14901733957 Str:  70 MRstruts:   0 Thi: 0.4999937 
5000 Rop: 33.14901731963 Str:  70 MRstruts:   0 Thi: 0.4999937 
ridgerunner: run complete. Terminated because 
ridgerunner: reached maximum number of steps (5000).
ridgerunner: Run complete.
