1.110299950990041	1.429392328828375	1.668976011298993
1.103617066549548	1.428275531949851	1.669441879134147
1.096723367586135	1.427134580582477	1.669872054688873
1.090056436028583	1.426039187120492	1.670235078499853
1.083364884625025	1.424949449753163	1.670552168892848
1.076694269640743	1.423876868584998	1.670826679802876
1.070019145893355	1.42281518343952	1.671054948612133
1.063337601395133	1.421762341327774	1.671237277372834
1.05640459109613	1.420683492886077	1.671378835903653
1.049596643378208	1.419639221664303	1.671475010809972
1.042753301296874	1.418600142369821	1.671520233281013
1.036069808131046	1.417595417226372	1.671516762511696
1.029414102433223	1.416608033654057	1.671469527641167
1.022730061794303	1.415628230006161	1.671376996297214
1.015912387538774	1.414642380904099	1.671235758023846
1.00915255219126	1.413678239450948	1.671049703480874
1.002415951077368	1.412729519165636	1.67081714691983
0.9956713966964147	1.411792591863611	1.670534036565354
0.9888753469773692	1.410863216461899	1.670208044727947
0.9822143920686247	1.409963957750025	1.669841364912088
0.9755288101845664	1.409074175088966	1.669423414216024
0.9688528931410885	1.408201718718409	1.668964229741895
0.9620088501645458	1.407322179743191	1.668450422145518
0.9552489719814584	1.406467875381294	1.667892727857199
0.9482607008607988	1.405599513821616	1.667267233897342
0.941600460654172	1.404786016965452	1.666625153632334
0.9349033527775057	1.403984757400734	1.665934072801736
0.9282227190464994	1.403201981445643	1.665205809158447
0.9215113084980003	1.402429378177201	1.664423392507557
0.9147815823068802	1.401670213857827	1.663591702057977
0.9079239853394762	1.400912535569451	1.662696911939941
0.9012454350656635	1.40019077521719	1.661777352958946
0.8946045037098082	1.399489219758417	1.660818495267632
0.8879361160332377	1.398801845900862	1.659810487744818
0.8812309578646076	1.398127350068403	1.658751172601785
0.8745267732623244	1.39747064614939	1.657645193882066
0.8676412998626915	1.396815009049165	1.656464108196202
0.8610793550625735	1.396208344795243	1.655292794593208
0.8545292533757078	1.395619780884906	1.654078838218255
0.8479812376291701	1.395049284918862	1.652820318605772
0.8412885607985554	1.394484148304491	1.651486744485133
0.8346431505529782	1.393942343116842	1.65011720466155
0.8278921878409367	1.393411424247993	1.648677691733951
0.8211793199751086	1.392903134134529	1.64719884279217
0.8144662361788203	1.392415434130373	1.645672533794134
0.8078119154687732	1.391953244597761	1.644113081055007
0.8011632294654691	1.391512475344445	1.642510655119048
0.7945568228005673	1.391095825395922	1.640870262184193
0.7879322205080624	1.390698949867958	1.639178302361048
0.7813646687738512	1.390327017409657	1.63745505991446
0.7747124741645174	1.389972655833104	1.635662665920363
0.7683139140353535	1.389652901747912	1.633892965810323
0.7619066907196849	1.389354357955313	1.632076096304446
0.7555094829932538	1.389078882765267	1.630222982460662
0.748690479335578	1.388810261492557	1.628195087517349
0.7421659261605471	1.388578410747338	1.626206406310689
0.7356750922895399	1.388371441568141	1.624185583826154
0.7291881580175018	1.388190052800227	1.622118306355016
0.7226145370951942	1.388031197210776	1.619974215507562
0.7161728709913303	1.387901479315504	1.61782665702414
0.7097563168315039	1.387798559723876	1.615639036933265
0.7033353678643967	1.387720984722123	1.613404390163955
0.6967368301266784	1.387669946464235	1.611061580386719
0.6903556817333582	1.387648880415435	1.608748100452487
0.6839777775641167	1.387655935313667	1.606392409215851
0.6776560552539446	1.387691550715423	1.604011883494567
0.6713490313316307	1.387755490937367	1.601588846433865
0.6650500844550016	1.387848215897594	1.599122162249933
0.6584052278563253	1.387978842688462	1.596467998430179
0.6520788467307636	1.388136696864922	1.59389433634642
0.6457262641512523	1.388326626568986	1.591264373122198
0.6395839724968284	1.388541676445951	1.588676900647764
0.633490963735316	1.388786296014076	1.586065976104659
0.6273727482596607	1.38906539514051	1.583400286301028
0.6207739188584716	1.389403409406088	1.580471413106641
0.6146787001166577	1.38975195785623	1.577717331704675
0.60863307494839	1.390132011709934	1.574944088095836
0.6025807699927779	1.390548385832387	1.572124300965591
0.5964144418163739	1.39101023732772	1.56920612250919
0.5902891322343058	1.391508599661753	1.566260242358942
0.5837164451718523	1.392089319990705	1.563043086706213
0.5777789055782041	1.392656077336419	1.56008869608115
0.5718732573289422	1.393259612613144	1.557109904967579
0.5659934585671292	1.393901219639546	1.554097878426067
0.5592189179984018	1.394692557316115	1.550578703143915
0.5534950323566858	1.395408995288643	1.547555997357984
0.5477450033640745	1.396172771496293	1.544476844510865
0.5420580104757946	1.396973488005425	1.54139025154538
0.5358592805354288	1.397898332454814	1.537980651566053
0.5298873091625657	1.398846216042776	1.534646131295084
0.5236014646565812	1.399906705196023	1.531083663713888
0.5178927135473138	1.400926917019262	1.52780522084312
0.5122050573906727	1.402000383394389	1.524497519236392
0.5065402223215061	1.403129309438798	1.521160729982133
0.5007253613768253	1.404354829299436	1.517691394230453
0.4949781872627732	1.405634642819261	1.514219757810139
0.4889720771137364	1.407050118016543	1.510547674756161
0.4832922730055066	1.408468884757955	1.507029168879897
0.477640987583223	1.409963160763308	1.503491870630991
0.4720284770397624	1.411540823394779	1.499938314113116
0.4664498056787427	1.413204186063436	1.496370518869477
0.4609055559083671	1.414953269636618	1.492790096028677
0.4553954320341763	1.416788594482479	1.489200175151753
0.4499169381425525	1.4187115862477	1.485607719317714
0.4444674496748127	1.420723076910695	1.482019622877642
0.4390417726709525	1.422823469965084	1.478446416941289
0.4336363890174998	1.425012140995723	1.474895300373732
0.4282477480047591	1.427287726843542	1.47137348220489
0.4228229049033091	1.429668440599304	1.467859126811299
0.4175427279746253	1.43206218103367	1.464480686073632
0.4122726008567128	1.434495644525009	1.461155297589398
0.4069809543062174	1.436970949529997	1.457867353475002
0.4016746702674683	1.439474083282346	1.454623652113778
0.3964119454621101	1.44196907821641	1.451460613340229
0.3910599160225388	1.444511608174356	1.448297644910264
0.3858831851214518	1.446970710846732	1.445288550907364
0.3806846959389266	1.449435982931391	1.442315159537293
0.3754811076803835	1.45189757653906	1.439384836886195
0.3702777499633017	1.454353002100753	1.43649747987845
0.365050076823075	1.456815119917636	1.433637399407127
0.3576441982616331	1.460303992342418	1.429649917859088
0.3515108018108626	1.463205176180431	1.426406474484014
0.3450319506814483	1.466292564457673	1.423035695303923
0.3397531965345302	1.468830865171376	1.420319638690599
0.3345040610450992	1.471378221030405	1.417647921816304
0.3292171927526339	1.473968880062377	1.414987218581889
0.323859650034645	1.476619305953521	1.412325412476237
0.318487694665835	1.479300241835459	1.409693772128386
0.3128809202985964	1.482118646482948	1.406993334472116
0.3073272238025919	1.484926553567224	1.404369450007346
0.301739719141367	1.487759763041035	1.401786728631436
0.2961534264495445	1.490591551509038	1.399267549992748
0.2905483088344973	1.493421008915696	1.396808831956996
0.2848841962734831	1.496246011806672	1.394408752636623
0.2791742258855591	1.499039364651095	1.39208143314666
0.2734175381070952	1.501791391306216	1.389821256160021
0.2676140306501418	1.504494955042561	1.387623186494313
0.2617642659552445	1.507144706423302	1.385483103864052
0.2558690301329734	1.509732665955253	1.383393139568122
0.2499293498289623	1.512253896289598	1.381347555446245
0.2439469944418146	1.514703020929892	1.379339084895331
0.2379233392178442	1.517078300304642	1.377365812916473
0.2318596097632453	1.519378552657985	1.37542663848242
0.2257105354364659	1.521619007831144	1.373504554378544
0.2190347961383823	1.523950058102013	1.371461021526505
0.212825033185027	1.526033176046124	1.369590749236862
0.2067230004774181	1.528007323500552	1.367779420659177
0.2004835128671325	1.529948349685186	1.365949337103928
0.1939385480578674	1.531908297638217	1.36405241569417
0.1875990204486888	1.533728117892633	1.362231960310702
0.1812282413765467	1.535491967338597	1.360419495964228
0.1749347443745293	1.537161653321399	1.358640860058767
0.1685569739069741	1.538786616506857	1.3568500140922
0.1622388415798488	1.540332711722122	1.355085827474064
0.1553318168320183	1.541952560576358	1.353165747918363
0.1490167678791738	1.543368383958622	1.351417319196897
0.1425943641023564	1.544742039177394	1.349641066974496
0.1362951280176138	1.546033744060027	1.347904863965383
0.1299670110898331	1.547272426648753	1.346162697521693
0.1236386958719743	1.548455433397676	1.34442237805847
0.11653644884354	1.549715039120088	1.342470472793721
0.1102163478295926	1.550773195133426	1.340730595997772
0.1038446011984352	1.551785730100233	1.338976390213932
0.09750975416926182	1.552739974513681	1.337231186985184
0.09082808951005629	1.553688385857281	1.335387387895528
0.08425336052038379	1.554566534659015	1.333571739954271
0.07746358096462717	1.555409911439146	1.331689737819366
0.07103040896260235	1.556153260242133	1.329899848962054
0.06461937695991325	1.556840686804358	1.328111568396565
0.05817366007999859	1.557481525034785	1.326309107427746
0.05135851398149328	1.558102878506263	1.324396131388622
0.04484017708745608	1.558643861491909	1.322559350834565
0.0383406731875591	1.559130704700469	1.320720300668276
0.03185533764041764	1.559562553202744	1.318875785795174
0.02538252738956914	1.559941743806372	1.317024660467541
0.01889697371294754	1.560271762487371	1.315161165436428
0.01220405188372009	1.560559245284537	1.313229410137543
0.005592235555864038	1.560790480706212	1.311311136632588
-0.001103627717799938	1.560973500507012	1.309358410670888
-0.007541369506502337	1.56109859449002	1.307470249323871
-0.01398984355368404	1.561173831315147	1.305565598215139
-0.02042443899153534	1.561199444413429	1.303653906985352
-0.02693591070308818	1.561174591826912	1.301704922957553
-0.03340523084932383	1.561099089951598	1.299755557374327
-0.04024718310607193	1.56097072976114	1.297684757205169
-0.04670587221496485	1.560800085257022	1.295717304710381
-0.05324040605081872	1.560577331209784	1.293712214825426
-0.05961650369632183	1.560311578961475	1.291740836027444
-0.06603376372357445	1.559995227699206	1.289741664827281
-0.07241659419011737	1.559636798763634	1.287742261677465
-0.07906016685979181	1.559211824161302	1.285644506925136
-0.08559317913801	1.558742260062364	1.283562504157016
-0.09215926716390438	1.558220430012695	1.281454012519651
-0.09864755482263933	1.557659797837235	1.279360347851783
-0.1051464083841651	1.557048258799177	1.277244081516389
-0.1115264586609389	1.556397518992861	1.275147870664259
-0.1178889106493293	1.555704999525857	1.273043909237005
-0.1242425272229796	1.554967416084627	1.270925952740882
-0.1306712955525637	1.554171978881664	1.268765589900087
-0.1370687004637833	1.553333582937414	1.26659798401481
-0.1434821578673088	1.552444494315527	1.264405886536184
-0.1498756769207765	1.551508782269116	1.262200308574917
-0.1563840749686315	1.550509867911424	1.259938495403218
-0.1627686476633113	1.549481921090361	1.257702018300435
-0.1691918242230799	1.548398496717419	1.255432743967874
-0.1754824814367732	1.547291301978791	1.253190861142777
-0.1817683646236173	1.546138737987675	1.250931757804076
-0.1880309106623913	1.544943253806204	1.248660841249468
-0.1943506816004531	1.543688741990552	1.246347755896493
-0.2006119470854458	1.542399361298307	1.244036444765142
-0.2068472735606192	1.541067782487604	1.241712981392139
-0.2130861325414854	1.539688894102376	1.239369143951493
-0.2193093645191384	1.538266745078065	1.237009858811354
-0.2255428764356104	1.536796998573221	1.234625817544245
-0.2319214765985152	1.535242306064988	1.232164213948288
-0.2379936569928877	1.533716501647697	1.229799071517456
-0.2439991135601344	1.532163698994386	1.227439928510339
-0.2500347672445675	1.530557855859607	1.225047042753618
-0.2563079738318303	1.528840883563454	1.222536346062185
-0.2625032026783229	1.527095370316628	1.220033252066334
-0.2687099897021213	1.525298883438051	1.217500289645588
-0.2748196068691445	1.523482321397945	1.214982308261522
-0.2808875692860197	1.521630319933716	1.212458955023119
-0.2869398743677316	1.519736301985145	1.209917161093224
-0.2929860977921306	1.517797486168655	1.207355638341287
-0.2989162913566329	1.515847422906148	1.204817256976071
-0.3048385212931471	1.51385509124582	1.202260667206702
-0.3107355824119366	1.511827434818692	1.199693888234291
-0.3168275872531449	1.509681539942925	1.197013450318919
-0.3227315011572508	1.507551708925478	1.194388572339384
-0.3286211005683028	1.505381677776904	1.191745788241906
-0.3344591956267087	1.503186107502224	1.189105128644123
-0.3402444012417223	1.500961422000375	1.186458899939429
-0.3460444871346373	1.498684956758876	1.183778741897443
-0.3519369833775682	1.496322597383436	1.181028342540762
-0.3577863071477994	1.493927820997771	1.178271025823884
-0.3636957921238486	1.491458839146371	1.175458152373462
-0.3693728711343469	1.489038431875847	1.172727570404094
-0.3750261520245933	1.486582784556423	1.169981561873856
-0.3806505880176702	1.484091287603551	1.167224965852751
-0.3864488256005024	1.481472494589118	1.164354038582293
-0.3920174757037981	1.478908177325252	1.161565285533963
-0.3975882973419476	1.476296058475828	1.158751214714899
-0.4031153092489716	1.473659919610228	1.155934647864862
-0.4086885880166606	1.470950420567297	1.153062842308335
-0.4142189956197687	1.468212999499447	1.150183101470853
-0.4198658733247301	1.465366540107225	1.147212697736625
-0.425339982290435	1.462556172876177	1.144301174458276
-0.4307964135920987	1.459706397839005	1.141371108845984
-0.4362078118509489	1.456829322101775	1.138433841152553
-0.441702614472294	1.453856157962803	1.135418040019481
-0.4469990596840148	1.450941527113667	1.132483343971563
-0.4522777749825747	1.447987328272588	1.129529129057403
-0.4575268839369149	1.445002034329579	1.126563119047579
-0.4629916611555628	1.441841071760648	1.123439363281147
-0.4682616423284923	1.438739583930032	1.120391496599774
-0.4735858327390092	1.435555036574918	1.117283997584829
-0.47865223108503	1.432475985583015	1.114294552938639
-0.483694455174393	1.429361024433777	1.111286745613865
-0.4887119686166133	1.426212406006433	1.108264757330938
-0.4939978768856734	1.422841065101185	1.105045778568202
-0.4991451255954411	1.419504182352045	1.101879088193437
-0.504303475803393	1.41610641296096	1.098669080251352
-0.5092686076284575	1.412783128531567	1.095542400301654
-0.514196005490088	1.409433732902082	1.092407456522769
-0.5190991763243452	1.406048662855642	1.089254712353702
-0.5240961353797782	1.402544478017775	1.086004341492152
-0.529027356750487	1.399031527583732	1.082760676071408
-0.5339967394794117	1.395435941037362	1.079454604799467
-0.5387800356801363	1.391920451155102	1.076235532106644
-0.5435236509952557	1.388381154743926	1.073008845918154
-0.5482399724896895	1.384807415777999	1.069764789231497
-0.5529581674287126	1.381178754244033	1.066483273905192
-0.5576271943118445	1.377531571289116	1.063199217573627
-0.5623839427816492	1.373758376920728	1.059814208209159
-0.5670143385535906	1.370028986458323	1.056480045187944
-0.5716204229092887	1.36626301284206	1.053126156755519
-0.5761796536440699	1.362477930370905	1.049767462876311
-0.5807235437412324	1.358647078251208	1.046380276501556
-0.5852235123012991	1.354797920431095	1.042986872693794
-0.5896975516354047	1.350910925460334	1.039574197471489
-0.5941033888044283	1.347024082782833	1.036172285107406
-0.5984758686229364	1.34310941518291	1.03275569012483
-0.602812169436418	1.33916897038535	1.029327614392292
-0.6071099075322074	1.335202940750932	1.025886894691867
-0.6113814126012973	1.331201181251317	1.022426310430358
-0.6157948500449049	1.327003171490292	1.018807332310048
-0.6199598886515991	1.322978898182924	1.01534815165142
-0.6240897487680849	1.318928853704493	1.011875488273616
-0.6281830506560508	1.314854174098558	1.008391961909967
-0.6323075800109912	1.310684530381126	1.004835719671922
-0.6363802928957725	1.306504680969271	1.00128010230965
-0.6404677911101248	1.302244084333763	0.997665817929677
-0.6444242521789542	1.298055961402381	0.9941195353859248
-0.6483398571152846	1.293848313465015	0.990567535427996
-0.6522155619789435	1.289617853857175	0.9870045927694965
-0.6562118230339381	1.285187254825357	0.9832814191074739
-0.6600284027737804	1.280889428964641	0.9796772468643743
-0.663817111708917	1.276556299431234	0.9760508614722255
-0.6675555336834168	1.272212458521361	0.9724256711474012
-0.6713398661087829	1.267746816848117	0.9687047596038284
-0.6750170760744658	1.263338163584745	0.9650406832181085
-0.6786593661006016	1.258900572736763	0.9613599044759324
-0.6822656363443558	1.254438209977102	0.9576656372392128
-0.6858483593538187	1.249931320729137	0.9539432385331633
-0.6893401224209375	1.245466803454166	0.9502630110388547
-0.6927823695082909	1.240995473222717	0.9465847982523971
-0.6961945032768768	1.236490440454351	0.9428848277249721
-0.6996275292417666	1.231882823998343	0.9391083762607745
-0.7030086980745729	1.227270495791417	0.9353345226765777
-0.706406030542157	1.2225551720352	0.9314831398554145
-0.70964801802781	1.217979458353787	0.927752334504091
-0.712833543690316	1.213408320795327	0.9240321065135676
-0.7159952703642118	1.208793919518826	0.9202835915665563
-0.7192045745895741	1.20402986397123	0.9164192317078332
-0.7223266039443041	1.199312855627793	0.9125980645117373
-0.7254031819708625	1.194583731741468	0.9087731438166858
-0.7284297740086783	1.189848390779574	0.9049488498173326
-0.7314075417077074	1.185106176300496	0.9011251962347114
-0.7343525157009668	1.180332181982024	0.897282060011918
-0.7373257864082279	1.175422204962882	0.8933346257587145
-0.7402241487061181	1.170546885424016	0.8894202288151214
-0.7431025636932178	1.165613057043176	0.8854646172183981
-0.745843162591297	1.160825458613749	0.8816317902776679
-0.7485339128946671	1.15603861122675	0.8778020696551638
-0.7511913194546338	1.151219992476917	0.8739541904377616
-0.7538728214100576	1.146263957432923	0.8699999282982005
-0.7564927998607017	1.141324162357868	0.8660638705287231
-0.7590687123927051	1.136370369066804	0.8621212657823604
-0.7616035806068653	1.131394595778878	0.8581665459737466
-0.7641425300614305	1.12630651545584	0.8541277821247009
-0.766560794353229	1.121357796620877	0.8502024704694494
-0.7689381204632428	1.116392149086583	0.8462706919494246
-0.7712714717955862	1.111416663243103	0.8423332908673274
-0.7735902300045875	1.106358683492371	0.8383354117097807
-0.7758505843288241	1.101322347676274	0.8343592295652241
-0.7780591382222148	1.096288548412509	0.8303900038501988
-0.7802350018380925	1.091217786560718	0.8263962583854483
-0.7824219780289932	1.085999210625538	0.8222882956473095
-0.7844983268153537	1.080923745219877	0.8182982862828305
-0.78651927631327	1.075868633381596	0.8143256706961824
-0.7885069730545203	1.070771638299572	0.8103260677684431
-0.7904866383444908	1.065567402107885	0.8062478645890943
-0.7924026510646498	1.060398873335025	0.8021976841572254
-0.794275452731368	1.055215163386207	0.7981401950552354
-0.7960861748107081	1.050067101498035	0.7941126308837692
-0.7978514722301661	1.044911367654452	0.7900844755710018
-0.7995726917052158	1.039743210067873	0.7860514363697292
-0.8012535184316218	1.034551450802924	0.7819992151022673
-0.8028900835079779	1.029349023220814	0.7779441474955781
-0.8045390967819169	1.023944116281159	0.7737349173721813
-0.8060760812226317	1.018745139059516	0.7696892637310081
-0.8075701546702629	1.013535114031796	0.7656397150264437
-0.8090168358519916	1.008325034896352	0.7615892506521742
-0.8104343956879951	1.003045675954235	0.7574903308133487
-0.8117990558464279	0.9977857432641594	0.753411483986172
-0.8131322815339427	0.9924627957692036	0.7492816929455067
-0.8144119295529452	0.9871591603984458	0.7451714343515435
-0.8156640808487777	0.9817660447269063	0.7409959392006683
-0.8168428659384855	0.9764875834906455	0.7369090461341017
-0.8179783989420858	0.9711871541645997	0.7328096665702978
-0.8190641429990586	0.9659022620937873	0.7287247626971333
-0.8201043796275347	0.9606113073299487	0.7246356608015848
-0.8210999836032684	0.9553098383595434	0.7205431162228202
-0.8220757700537249	0.949856938353168	0.716335461469331
-0.8229877987947777	0.9444907904346277	0.7121935412698268
-0.82385495139257	0.9391084478145921	0.7080450142261839
-0.8246728606346013	0.9337462272126856	0.7039162889300449
-0.8254444016460734	0.9283758563263439	0.6997794807783928
-0.8261661360437396	0.9230276963896468	0.6956635212992326
-0.8268389183604771	0.9176953879549257	0.6915621870527454
-0.8274701181672197	0.9123328707025816	0.6874359828762541
-0.8280709826520185	0.9068075741908342	0.6831892626137539
-0.8286056697559998	0.9014561259034529	0.6790795363255022
-0.8290920929786929	0.8961354139551679	0.6749909368565196
-0.8295361826261028	0.8907777662343337	0.6708777515909384
-0.8299403945123255	0.8853281552468387	0.6666971233446156
-0.8302964982170643	0.8798905728371156	0.6625231179001891
-0.8306060068871357	0.8744471380655042	0.6583501821121197
-0.8308646886728909	0.8690699941353059	0.6542329166592202
-0.8310773442073429	0.8637202924637829	0.6501338836188003
-0.831244839052902	0.8583429819506949	0.6460134352089962
-0.8313673195111579	0.8529036944285233	0.6418496964702425
-0.8314430688374413	0.8474594863412362	0.6376835428941793
-0.8314718654605077	0.8418846229079928	0.6334149799675822
-0.8314518132790797	0.8365256074606535	0.6293148667103283
-0.8313880289548587	0.8311960394408509	0.6252400414636434
-0.8312780356305177	0.8258417741152063	0.6211434263014248
-0.8311195270727284	0.8203965949025476	0.6169816506275473
-0.8309146451272518	0.8149632805563622	0.6128331421891358
-0.8306583460652804	0.809451741398221	0.6086224937156289
-0.8303635113375933	0.804088463017128	0.6045234659904213
-0.8300246506252974	0.7987549457407456	0.600451110001413
-0.8296387231979218	0.7933923561332873	0.5963595344935961
-0.8291873770306174	0.7878009398823812	0.5920899213926019
-0.8287044128912282	0.7824085068986844	0.5879744626760897
-0.8281775682208473	0.7770386101666358	0.5838798938654454
-0.8276033880947484	0.7716540032985242	0.5797721723668249
-0.8269810974093519	0.7662624392987591	0.575655797979718
-0.8263119091935149	0.7608638375532102	0.57153786835926
-0.8255894791789369	0.7554249844641888	0.5673934777638951
-0.8248337590466346	0.7500791354156027	0.5633176433694294
-0.8240364772779882	0.7447604663244699	0.5592591046431877
-0.8231901985269056	0.7394226188731351	0.5551903564456208
-0.8222787964024804	0.7339728837463415	0.5510403968054646
-0.8213236385973122	0.7285527341436469	0.5469091826274622
-0.8203201538433849	0.7231277667195141	0.542770598880895
-0.8192846143234594	0.7177885540061429	0.5387011938830888
-0.818207027553796	0.7124679713370031	0.5346498507855393
-0.8170809742436018	0.7071423893014505	0.5305910090636077
-0.8159120051124986	0.7018330694567728	0.5265409498158099
-0.8146955811269723	0.6965188259641022	0.5224917032250863
-0.8133991024237608	0.6910675328151443	0.5183420766364901
-0.8120846695246983	0.6857438333214538	0.5142855458757771
-0.8107252636804232	0.6804288533911309	0.5102322189181094
-0.8093250785515851	0.6751411501765863	0.5062035569292506
-0.8078815635832856	0.6698647327484046	0.5021870121224222
-0.8063915921493585	0.6645930885581113	0.4981700689540952
-0.8048506236919625	0.6593109368663376	0.4941413675144652
-0.8032646441731457	0.6540378751629232	0.4901227519504493
-0.8016280701991012	0.6487555079886121	0.4860998166854352
-0.7999477807272145	0.6434883142747688	0.4820843542867149
-0.7982192892262298	0.6382225792051063	0.4780686102606411
-0.7964631400239885	0.6330151834334667	0.474098565578816
-0.794668969081668	0.6278372815954838	0.470153647719153
-0.7928219402706379	0.6226415031664502	0.4661956399240335
-0.7908622800038706	0.6172739713072655	0.4621020927029905
-0.7889234484478765	0.6121018418282257	0.4581535448740965
-0.7869527149138081	0.6069669789760076	0.4542373062397077
-0.7849281342180433	0.6018187027725691	0.4503134261498905
-0.7828317410390032	0.5966133495017197	0.4463415424524358
-0.7807102350503359	0.5914696468314139	0.4424121383074874
-0.778550319656936	0.5863499278533503	0.4385031471794139
-0.7763458221023153	0.5812370109932492	0.4346044294117457
-0.7741060435212211	0.5761570660346068	0.4307294435738626
-0.7718136574158203	0.5710684315607802	0.4268432965160514
-0.7694127962942089	0.5658552630315614	0.4228590530209976
-0.7670316652776576	0.560794098048741	0.4189923501447368
-0.7646182339662153	0.555766753943236	0.4151531434733047
-0.7621528351783612	0.5507359946196814	0.4113084218774887
-0.7596310504151169	0.5456935405073725	0.4074504435444971
-0.7570659420448047	0.540665748606537	0.4036020234565109
-0.7544549129355111	0.5356449682226682	0.3997633618080983
-0.7518220145693928	0.5306772742512909	0.3959669779112864
-0.749152053593295	0.525736163491729	0.3921856946329766
-0.7464361585478051	0.5208040723698232	0.3884061131461939
-0.7435755924097743	0.5157060286878011	0.3845014035814748
-0.7407849121510393	0.5108217892414418	0.380762807011706
-0.7379577934407688	0.5059638864889984	0.3770412295804069
-0.7350826049741196	0.5011093928488968	0.3733191188671586
-0.7321071028975115	0.4961770617814205	0.3695317655991384
-0.7291097323653819	0.4912938685080582	0.3657837544164311
-0.7260677090247069	0.4864207829336836	0.3620480468108132
-0.7230183384964146	0.4816192956288605	0.3583666361988869
-0.7199446483934215	0.476860912449648	0.3547145148334034
-0.7168127364479103	0.4720945132088918	0.3510505427957625
-0.7135286417196359	0.4671793629503071	0.3472732597313964
-0.7103032232745226	0.4624323571631443	0.3436261073133585
-0.7070570503323155	0.4577315528166381	0.3400123613135597
-0.7037532967214035	0.4530250665717444	0.3363919037588489
-0.7003998913368431	0.4483255595536099	0.3327710041177296
-0.6970008508221576	0.4436356566549663	0.3291592223635637
-0.6935660518354309	0.4389696471311242	0.325567308725777
-0.6900818014944456	0.4343108211989006	0.3219801400859905
-0.6865549809248542	0.4296680139537599	0.3184045780885443
-0.6830111845111171	0.4250771302867373	0.3148627919422888
-0.6794421448464923	0.4205239161663512	0.3113474320070825
-0.6758186520552878	0.4159713440215862	0.3078316778139862
-0.672111902765277	0.4113841089084564	0.3042889188047218
-0.6683869263751886	0.4068442545256785	0.3007829211830511
-0.6646323861699218	0.4023368781139696	0.2972983826724441
-0.6608475467891333	0.3978601294914154	0.2938346581383615
-0.6570386604829335	0.3934206488292997	0.2904003374804199
-0.6531782152639785	0.3889867049952291	0.2869690691679615
-0.649246026571395	0.3845363030081683	0.2835249859079071
-0.6453012294497176	0.3801369166755941	0.2801194786356253
-0.6413297226104235	0.3757733452304489	0.2767358502594507
-0.6373104936667541	0.3714219561194905	0.2733571287423166
-0.6332552090577155	0.3670949438787919	0.2699959099216748
-0.6291573553978992	0.3627847346097407	0.2666465605596454
-0.6250277731178798	0.3585017438692982	0.2633210459792925
-0.6208646615135122	0.3542426951580126	0.2600149546562736
-0.6166746933447353	0.3500195861837689	0.2567297614164381
-0.6124401474216076	0.345810959282936	0.2534537167746003
-0.6081495255159579	0.3416078296934129	0.2501797538035913
-0.6038237668334853	0.3374286617535584	0.246924168785679
-0.5994510865495843	0.3332642566015703	0.2436795769534377
-0.595079919325876	0.3291586004662105	0.2404795309411271
-0.5906785134095922	0.3250827691533898	0.2373005664306715
-0.5862417076402645	0.3210310419135591	0.2341378283976842
-0.5817638165210569	0.3169966715982183	0.2309865356398303
-0.5772576052306715	0.3129933166786615	0.2278581413943814
-0.5726407598336982	0.3089477253213567	0.2246980205417105
-0.568041267537994	0.3049733768076394	0.221592558569999
-0.5634058300255315	0.3010236798221789	0.218502642514513
-0.5587487259851268	0.297112979674468	0.21543581285412
-0.5540609926814201	0.2932311243119065	0.2123875535640332
-0.5493374954956776	0.2893746182143005	0.20935713357568
-0.5445749423952143	0.2855367014560013	0.2063445258675701
-0.5397863135358419	0.2817282541082915	0.2033584775642622
-0.5349649590332193	0.2779474951610344	0.2003903191625175
-0.5301117942378055	0.2741957827906767	0.1974383373122722
-0.5252073210154153	0.2704584111112226	0.1944915180775882
-0.5202802506106582	0.2667544823724446	0.1915719867509527
-0.5153170748242694	0.2630750496414244	0.1886720776458863
-0.5103222966137075	0.2594222476526184	0.1857916430540297
-0.5052459261786509	0.2557631422139655	0.1829023606001871
-0.5002305276337283	0.2521992291174559	0.180083565779847
-0.495186359012857	0.2486625505062172	0.1772853463787393
-0.4901104419381258	0.2451514774733341	0.1745079317149876
-0.4849157076926509	0.2416078421220648	0.1717050971703198
-0.4797350877335634	0.2381236878113731	0.1689472242181511
-0.4745312806414592	0.2346721492435395	0.1662145783012521
-0.4692935282051314	0.2312478428963962	0.1634997146836745
-0.4640305480057976	0.2278567747962966	0.1608051408075445
-0.4587439069105185	0.2244988573282028	0.1581347847876971
-0.4534357507800867	0.2211743170313914	0.1554901759404899
-0.4480917277673582	0.217873192166855	0.1528651654390648
-0.4426991935858635	0.2145878745792353	0.1502539274493805
-0.4372800766284963	0.2113335376579972	0.1476659860354991
-0.4318158506381072	0.2080990211031565	0.1450923020028575
-0.4263576141851033	0.2049149484463015	0.1425572217922305
-0.4208768967217858	0.2017646609406825	0.1400438167139904
-0.4153681204566728	0.1986457762470696	0.1375506043112053
-0.4098379809724083	0.1955603426958261	0.1350824237755124
-0.4042739163721493	0.1925000241397812	0.1326351072618647
-0.3986638100470432	0.1894565604786834	0.1302053551909374
-0.3930265532257183	0.1864433839232675	0.1277988182758736
-0.3873623648128434	0.1834610340659052	0.1254149094296695
-0.381675081598342	0.1805111945620057	0.123055808256428
-0.3759699514277526	0.1775971790648078	0.1207225879679512
-0.3702402244162762	0.1747170569502357	0.1184104315719564
-0.364492528931576	0.171871385813235	0.1161228719737788
-0.3587216720803991	0.169054742906059	0.1138635609751383
-0.3529318577219283	0.1662711679747492	0.1116315730253408
-0.3471123354106012	0.1635165584125044	0.1094210393728165
-0.341227158914055	0.1607744696317738	0.1072191447725529
-0.3353410733777256	0.1580756824429442	0.1050500090626185
-0.3294221004364873	0.1554047128218941	0.1029015983665674
-0.3235118497443911	0.1527790454137166	0.100791118303334
-0.3175690749634234	0.150180387201738	0.09870161952242389
-0.3116144837205355	0.1476178461871956	0.0966393614961906
-0.3056277165899998	0.1450852957316774	0.09459787651715963
-0.2996208348130727	0.1425875210650457	0.09257951739023766
-0.2935714286683264	0.140111924921605	0.09058218629920141
-0.2875162384750294	0.1376720905006128	0.08861831543734254
-0.2814477171952969	0.1352670304987357	0.08668392080534155
-0.2753471773430415	0.1328909495808469	0.08477036926616781
-0.2692363720987764	0.130552210609532	0.08288591202015538
-0.2630863871885191	0.1282403315793339	0.08101951104075887
-0.2569142216731889	0.1259636250929997	0.07917432881105087
-0.2507547775819285	0.1237318904335714	0.07736452866114778
-0.2446050985768635	0.1215408601182519	0.07559205736310823
-0.238407623181134	0.1193718346399994	0.07383747156974386
-0.2321904272838322	0.1172369347695113	0.07210831565127751
-0.2259317333781951	0.1151275876702497	0.07039829908839562
-0.2195032722873132	0.113003372549812	0.0686736744911764
-0.2132151686307002	0.1109670267193631	0.0670185871259709
-0.2069318430862432	0.1089691064912504	0.06539600878183732
-0.2006260263188745	0.1070034657118275	0.0637978513596137
-0.1943224100799944	0.105077879100963	0.06223013716403692
-0.1879849692849173	0.103181642733635	0.06068414115578104
-0.1815801288859233	0.1013061005091891	0.0591508503698664
-0.175167417768204	0.09946723376975811	0.0576477608388735
-0.1687305463371421	0.09765859289969973	0.05617152972019079
-0.1623190596614226	0.09589541351939723	0.05473331803379349
-0.1558979155489919	0.09416824924508012	0.0533220422084346
-0.1494592045606821	0.09247607764603177	0.05193709320414856
-0.1429558127756449	0.09080750601121108	0.05056529814533622
-0.1364804520237345	0.08918510615057711	0.04922821555970956
-0.1299945883616203	0.08759652884875439	0.04792238390855291
-0.1234870524668923	0.08603962895381884	0.04664229966328846
-0.1169555175499379	0.0845165566230166	0.04538774995196379
-0.1104009456682524	0.08302658827227177	0.04415756303624912
-0.1037957832872948	0.08156511468634367	0.04294798182268062
-0.09725964189632473	0.08015550874185148	0.04178191432576298
-0.09073764340473564	0.07878491893742108	0.0406495962299946
-0.08417503855464023	0.0774430275388856	0.03953959523973997
-0.07749925722778814	0.0761193757036087	0.03843634859197841
-0.07087474480988065	0.07484620690679709	0.03736913980246716
-0.0642571458761635	0.07360999532839479	0.0363348889498022
-0.05763249836614516	0.07240781726569563	0.03533137287105052
-0.05101631767787885	0.07124487133012422	0.03435844386862836
-0.04437391171537167	0.07011553793419452	0.03340949504595552
-0.03767583525944231	0.06901569948035628	0.0324813588011534
-0.03099522190192677	0.0679563672675232	0.03158503967960617
-0.02431349194997623	0.06693197576536218	0.03072041014539703
-0.01761499767268871	0.06594264495903178	0.02988172343221362
-0.01090021429100566	0.06499026258528609	0.02906798007256203
-0.004200637155769046	0.06407840929123046	0.02828392499098486
0.002495619865064724	0.06320402311778335	0.02752935610768601
0.009212049273736901	0.06236176268195137	0.02680368143913139
0.01601079815871082	0.06154705991831024	0.02609869095741634
0.02274122678410301	0.06077834485474308	0.02542953036183557
0.02946474062803342	0.06004839872742274	0.02478821906211631
0.03620711538087666	0.05935432939698267	0.0241729708909749
0.04296242368821615	0.05869376810310444	0.02358772610742337
0.04973293462276725	0.05806745015839028	0.02302976784069824
0.05658763535138863	0.05747407219221954	0.0224919119778216
0.0633249692996693	0.05692920674241037	0.0219903956014095
0.07004212223021572	0.05642062252759915	0.02152024808118911
0.07678884886027734	0.055944086211999	0.0210783494054995
0.08367298795474366	0.05549594881253831	0.02065633882912324
0.09048559961368728	0.05509151699789178	0.02026642321908935
0.09729324008142896	0.05472555154213345	0.01990328943890843
0.1040846434916346	0.05439829740043919	0.0195694105813781
0.1108697626833882	0.05410559700174524	0.0192660752137937
0.1176642285464943	0.05384853453965317	0.01899092087903479
0.1245065684214854	0.05362883679489817	0.01874019226921999
0.1313123071140484	0.05344889845265494	0.01851786575548366
0.1381208336757116	0.05330458435438262	0.018324708256649
0.1449138108077038	0.05319570090885705	0.01816259351413027
0.1517009662953057	0.05312410649452025	0.01802798561781607
0.158499846622841	0.05309097733814944	0.01791814346146146
0.1654953629311376	0.05309566486681338	0.01783482143026777
0.1722729645144238	0.05313630928737926	0.01778509724050446
0.1790412476743304	0.05321226346139929	0.01776215454999564
0.1858112502771272	0.05332647714366176	0.01776541001135763
0.1926529173460748	0.05347997123215392	0.01779576613349225
0.1994663138505058	0.05366951316310649	0.01785485232851113
0.2062944529756666	0.05389480243639769	0.01794443684360618
0.2131086331516202	0.05415834255300887	0.01806033775532978
0.2199467127741716	0.05446163475124653	0.01820307778251194
0.226732354203116	0.05479862384306929	0.01837567369070417
0.2335412499467713	0.05517248011923229	0.01857634780116827
0.2403171149011446	0.05558331700430381	0.01880185629586164
0.247166926057845	0.05603753375491582	0.01905812867519771
0.2539440559874309	0.0565223377061773	0.01934137744162761
0.2607396164156205	0.05704486598046891	0.01965434448397306
0.2675113677172806	0.05760443621658844	0.01998979689271015
0.2743008750599649	0.05820630587560132	0.0203530717095054
0.2810787250683346	0.0588425554955406	0.02074491939362093
0.2879038903375006	0.05951969019625869	0.02117035182972507
0.2946317479854927	0.06022529376238735	0.02161670080658984
0.3013564545161674	0.06096958484227178	0.02208808755786733
0.3080683326862824	0.06174924965957216	0.02258734171074964
0.314878544158869	0.06257600047423276	0.02312405451970632
0.321626151435652	0.06343505810841341	0.02368270028183606
0.328402461353907	0.06433814899950538	0.02426905993431483
0.3351158899339398	0.06526862280652829	0.02487860770599105
0.3418270345071653	0.06623572635807894	0.02551877949095262
0.3485318050021626	0.0672412951445838	0.02618411874556999
0.3552943036384481	0.06829608382745803	0.02688158514596246
0.3619600032438878	0.06937213353079108	0.02759937668863601
0.3686087786917347	0.07048126487629625	0.02834519022458048
0.3752552588073654	0.07163011374241593	0.0291163459710095
0.3819451474845593	0.07282675824729187	0.02991798896400237
0.3886084156667947	0.07405573931314183	0.03074731236639162
0.3952940661315719	0.07532795721630083	0.03160655486387156
0.4019199901033434	0.07662900040598539	0.03248387000168366
0.4085353739975244	0.07796549011623712	0.03338885303644612
0.4151349589420569	0.07933619877557965	0.03432243765363407
0.4217226095621777	0.08074435159312038	0.03528030836167508
0.4283025232535179	0.08219168082559225	0.0362624606837415
0.43489347245373	0.08367972444170649	0.03727646135456816
0.4414770342754216	0.08520307119751332	0.03831942006557409
0.4481074054392615	0.08677931144553416	0.03939737462975733
0.454616188428457	0.08836720936709926	0.04048169141029223
0.4610787353145661	0.08998092241000065	0.04158868873817486
0.4675638864264516	0.09164006792554433	0.04272524485924582
0.4741959564566727	0.09337906926221397	0.04391452834677759
0.4806112134614114	0.09509983629593925	0.04509620784025388
0.486985788894941	0.09684785397796865	0.04629733274359808
0.4933689192780431	0.09863873984097626	0.04752586482278579
0.4999247860368581	0.1005185498804434	0.04881738938928112
0.5064124352703838	0.1024186108436682	0.05012764561168841
0.5129560927674738	0.1043780128492907	0.0514761310877009
0.5192805680685773	0.1063147053142803	0.05280654293307669
0.5255951559305637	0.1082851305093828	0.05416452331012281
0.531876443818146	0.1102867033284276	0.05554281970590393
0.5382886490308793	0.1123723135018037	0.05697691536174818
0.5446187244120279	0.1144696989830438	0.05842357103353962
0.5509531618042901	0.1166117559692451	0.05989914846748807
0.5572422981244465	0.118780868821504	0.06139054225191401
0.5635317050459464	0.1209899020141675	0.06291372119854245
0.5697508904359586	0.1232163146872691	0.06444832752577977
0.5759532201305608	0.1254790566347225	0.06600562676862515
0.5821379225688486	0.1277750297987945	0.06758865027848482
0.5884073761954778	0.1301465618232489	0.06922241019661976
0.5945501610224289	0.1325133220131776	0.0708503776390106
0.6006559019262024	0.1349059171141428	0.07249987977145586
0.6067632870552575	0.1373412692075371	0.07417733037347507
0.6129080919725087	0.1398361042650364	0.07589378964668041
0.6190342537954784	0.1423643701266775	0.07763709727599856
0.6253064296835351	0.1449990275166863	0.07945046879401635
0.6312856295184746	0.1475563641375553	0.08120726612565307
0.6372231142173863	0.1501348366151168	0.08298232782314501
0.6431586264928281	0.1527556336115266	0.08478415464603013
0.6492563279925935	0.1554943692762067	0.08666468205692741
0.6552906104129446	0.1582474249522649	0.08855781417242513
0.6614283810629327	0.1610958084195125	0.09051460044523951
0.6671817840111585	0.1638095131268761	0.09237811298393468
0.6728798036012812	0.1665382785418697	0.09425124280743263
0.6785896771632552	0.1693155997417732	0.09615481865343273
0.6846188551599374	0.1722934674260045	0.09819818858577463
0.6905340035505946	0.1752625358248061	0.1002335825389848
0.6965064156729607	0.1783092692550221	0.1023199537767673
0.7022264420953246	0.1812712152438995	0.1043508731637882
0.7078894492082135	0.184249294694244	0.1063901429700571
0.7135615695115127	0.187276253503929	0.1084613806318302
0.7193397821602353	0.1904074379169131	0.1106027886090014
0.7249824667852344	0.1935129337982241	0.1127251620322542
0.7305792083131983	0.1966381715772363	0.1148583351514081
0.7361693638115844	0.1998070638757957	0.1170178269337992
0.7418474294487956	0.2030720547632949	0.1192467011341653
0.7474205738144089	0.2063260271740106	0.1214652617854673
0.7529628781932343	0.2096099182358745	0.1237006151557258
0.7584592459682513	0.2129140649307083	0.1259502128218149
0.763926583155026	0.2162495813594801	0.1282182780582097
0.7693671924656269	0.2196154448597966	0.1305078185779766
0.7749143339478299	0.2230977682736826	0.1328743124520769
0.7802999878568067	0.226529788956519	0.1352046855100557
0.7856892355338739	0.23001224853029	0.137567043322946
0.7909809301569691	0.2334824529443268	0.1399190020787164
0.7962783508088365	0.2370049981517182	0.1423044481731699
0.8015097436077686	0.2405340920130391	0.1446918479315515
0.8068286469275239	0.2441726909817008	0.1471521538010256
0.812037715089209	0.2477874926528035	0.1495944353476321
0.8172512677942113	0.2514564091808016	0.1520718517104245
0.8223998946232774	0.2551315903669468	0.1545495697189551
0.8275442860169877	0.258855453053918	0.1570613096513754
0.8326381241234179	0.2625941293686915	0.1595788867574327
0.837831520624988	0.2664609967161167	0.1621802043958674
0.842847473152683	0.2702483435626067	0.1647256972668687
0.8478385054549523	0.274070731882746	0.1672926490414466
0.8527969359486055	0.2779203563055274	0.1698757042380322
0.8577937139366258	0.2818552599562701	0.1725139625410993
0.8626935230453607	0.2857688775824418	0.1751352446396842
0.8675618497786074	0.2897112108545828	0.1777724301879079
0.8723908126415625	0.2936777469085468	0.1804238391104788
0.877266250301372	0.2977383822724793	0.1831354231365711
0.8820259460358079	0.3017580052592691	0.1858161619493524
0.8867552308651876	0.3058102830688448	0.1885154203399229
0.8914560006280855	0.3098925044500303	0.191233039154075
0.8961956608828554	0.3140678875759547	0.1940083208330173
0.9008488586392109	0.3182258368692737	0.1967701243473912
0.9054692115068615	0.3224126415884341	0.1995472583566595
0.9100361201524267	0.3266108149701515	0.2023290613154473
0.9145712201494781	0.3308363861362935	0.2051258575521996
0.9190621615538781	0.335082509803254	0.2079328322579073
0.9236516970462547	0.3394832088346754	0.2108394188108218
0.9280431117090425	0.3437532540750569	0.2136565765156562
0.9324016305444064	0.3480530782587031	0.2164895923392297
0.9367288369633777	0.3523825399526032	0.2193375176440673
0.9411350243277933	0.3568536956007929	0.2222779881261747
0.9454189701043846	0.3612660389898027	0.2251741323930327
0.9496695432388644	0.3657055290905725	0.2280839493353597
0.9538740838782492	0.3701617868466158	0.2310012437832069
0.9581390707338151	0.3747473000352688	0.2339993987484352
0.9623000731228777	0.3792875238444111	0.2369660507372639
0.9665001573886425	0.3839401860291007	0.239999436834704
0.9704804303000323	0.3884127936842021	0.2429116789077221
0.9744318243691653	0.3929183626810212	0.2458426354041941
0.9783510444616649	0.3974502319561532	0.2487842802194839
0.9825169597432191	0.4023425111581155	0.2519563086554628
0.9864552678998838	0.4070396784818427	0.2549988156907814
0.9903795182905968	0.41179133095711	0.258069495224163
0.994172693192681	0.4164541744398688	0.2610789907733069
0.997918902504326	0.4211280917049839	0.2640917119705355
1.001638580955398	0.4258394069772659	0.2671230560752595
1.005462187849737	0.4307568479919501	0.2702837234827437
1.009155866729769	0.435583629828566	0.2733809203900132
1.012813229517562	0.4404372211222866	0.2764895987750539
1.016410588365949	0.4452870837280344	0.2795900202955237
1.019965274373035	0.4501546973619899	0.28269792195278
1.023481213991602	0.4550465115205394	0.2858145670792646
1.026953839602471	0.4599550897809214	0.2889385515651218
1.030391911271956	0.4648922925521912	0.2920752829368517
1.033965578228341	0.47011287591631	0.2953850603229504
1.037343843244918	0.4751311609121597	0.2985613309602211
1.040714349175697	0.480221220203111	0.3017787948398694
1.043922060461705	0.4851476868072018	0.3048890316703254
1.047090600892367	0.490092309790934	0.3080015194776655
1.050219079284275	0.4950561603691606	0.3111213597043801
1.05347705140071	0.5003160301557587	0.3144217072050368
1.056635493482971	0.5055047013984961	0.3176717366123664
1.059805411717633	0.5108094151245787	0.3209879504188842
1.062840033651667	0.5159792773076983	0.324211338357929
1.0658414898905	0.521181316388668	0.3274498699543155
1.068770305376109	0.5263496906898329	0.3306603219537658
1.071659607302987	0.5315417233747298	0.3338771931133735
1.074504495803959	0.5367478545773529	0.3370978850213762
1.077331422276437	0.5420187735632069	0.3403509389431665
1.08010669334386	0.5472914913743253	0.34359649327206
1.082907132173742	0.5527121830101108	0.3469262922381699
1.085623144139	0.5580724647188959	0.3502099075997173
1.088330641708955	0.5635234260889401	0.3535387877351371
1.090895998868771	0.5687946965796683	0.3567580335009179
1.093422674299356	0.5740994617625315	0.3599913088482276
1.095912572651387	0.5794239835597444	0.3632266211836118
1.098467934062854	0.5849991083929406	0.3666060600355991
1.100908138454341	0.5904435923664558	0.3698965329870966
1.103306207275344	0.5959110787877619	0.3731923962162505
1.105660022309126	0.6013939704003336	0.376489229732926
1.10797668060628	0.6069116938988591	0.3797992787674537
1.110249200569201	0.6124461149949253	0.383110483499232
1.112516248945546	0.6180966234139125	0.3864823037090515
1.114688926424632	0.6236400244138018	0.3897805166987962
1.116817126175649	0.6291967125202493	0.3930779897959996
1.118897547649022	0.6347637603821241	0.3963711745476998
1.120940935222905	0.6403673380999076	0.3996761197677987
1.122927560582755	0.6459498571114625	0.4029612187247023
1.124875224076579	0.6515633311569122	0.4062536882619409
1.126778871409165	0.6571859881439832	0.4095410136393253
1.128644672344781	0.6628543202091992	0.4128473960089435
1.130446613658176	0.6684886318093849	0.4161294474310236
1.132206573537857	0.6741400728592521	0.4194076850636561
1.133929935783903	0.6798153880368397	0.4226857923304816
1.135689488477243	0.6857996252284705	0.4261339956348951
1.137326448860378	0.6915586993599366	0.4294451194067824
1.138936938090249	0.6973834789821763	0.4327788488542879
1.140459886227897	0.7030545732162724	0.436011422135778
1.141931613607835	0.7087247703121827	0.439234648278265
1.143366433041447	0.7144349047335196	0.4424682961232592
1.144782602595173	0.7202665699391948	0.4457601063117287
1.146149538687089	0.726097097437638	0.4490393999832144
1.147478161265962	0.7319773702278811	0.4523373394480301
1.148762523435211	0.7378820930442046	0.455634990626766
1.150010936737542	0.7438610000109613	0.4589612110070844
1.151176080572473	0.7496944368785855	0.4621960677576836
1.15230194650327	0.7555434946517465	0.4654254143387383
1.153377821175062	0.7613821111032647	0.4686364764583998
1.154427088472806	0.7673460172582047	0.4719013579397699
1.155421377837325	0.7732735898237089	0.4751349281533657
1.156375023484579	0.7792501721564815	0.4783806019863392
1.157270240872309	0.7851647599915064	0.4815797815282645
1.15812220988052	0.7911107744784585	0.4847813785769483
1.158932345503747	0.7970619534816628	0.4879683461971406
1.159696062057321	0.8030414047943073	0.4911583845923879
1.160410306885671	0.8090299443277035	0.4943396332115945
1.161082591129415	0.8150737622776961	0.4975356720036864
1.16170154432021	0.8210748212365812	0.5006942656875758
1.162274971338697	0.8270959745383446	0.5038468368675939
1.162798945547478	0.8331048293836093	0.5069781917463531
1.163278155734676	0.839127610286509	0.5101008698484478
1.163715267129288	0.8451669864259377	0.5132150397353348
1.164114006265546	0.8513776267727913	0.5164018881573251
1.164450242830807	0.8574120889535771	0.5194803724707405
1.164743605626479	0.863457398558665	0.5225477149345409
1.164991030439667	0.869500282406054	0.5255967365594356
1.165194556109041	0.8756516495700966	0.5286824260695815
1.165352338163897	0.8817882890958938	0.5317424193312209
1.165460399503709	0.8880631494700825	0.5348535805909179
1.165516674807515	0.8941064025479953	0.5378327754083473
1.165528687444907	0.900114952209317	0.5407768720370059
1.165495142466621	0.9061666977998712	0.5437216323557781
1.165417692926967	0.9122329292764899	0.5466552452018834
1.165295331586439	0.9183171152414519	0.5495770357133071
1.165123375627356	0.9245329908279813	0.55254189673062
1.164901780132778	0.9307149360810499	0.5554713702852938
1.164623418346412	0.937106696859116	0.5584783787288835
1.164313484169708	0.9431822182133364	0.5613155528856697
1.163958760385468	0.9492737290473863	0.5641397943095997
1.163565418300299	0.955378552689985	0.5669477943113503
1.16309022441999	0.9618964380267376	0.5699230028934158
1.162591361801189	0.968070874441436	0.5727185358472601
1.16204936884863	0.9742512113099921	0.5754936946070482
1.161469559632148	0.9803607332842909	0.5782142830865108
1.160846591797495	0.9864503792309565	0.5809022069753517
1.16017502985994	0.9925748639307314	0.5835829131412633
1.159430409841314	0.9989324089837227	0.5863403527702622
1.158652094841818	1.005168438577509	0.5890198997462047
1.15783221078587	1.011388416186628	0.5916670439248845
1.156965823055489	1.017632010138298	0.5942984593509608
1.156036671533298	1.023993903017514	0.5969512299643323
1.155095213534665	1.030141101832557	0.5994879679125787
1.154113933604232	1.036262291849904	0.6019878966992601
1.153082775341426	1.042413297991299	0.604472735931005
1.151962096252914	1.048817130077945	0.6070301246256965
1.150807716335787	1.05514698186409	0.6095270401424226
1.149597103374197	1.061546848339768	0.6120210005445399
1.148386474881403	1.067715237590915	0.6143948159116286
1.147136099978498	1.073876717146423	0.6167357328943279
1.145839523255482	1.080054167539245	0.6190508652505442
1.144444449138163	1.086471440195593	0.6214229597822848
1.143024088525464	1.092793780553692	0.6237261808342992
1.141536066081277	1.099218581353796	0.6260311089087433
1.140085693229528	1.105297471099481	0.6281778186139787
1.138594757677593	1.111398622727678	0.6303001770295068
1.137072306339181	1.117456949677232	0.6323722578068101
1.135314776104362	1.124234534298174	0.6346481802818311
1.133647569826566	1.130511646002008	0.6367168701521523
1.131941185587498	1.136779855135087	0.6387421074162529
1.130189940294445	1.143045403819737	0.6407261181266833
1.12829704493811	1.149675535866412	0.6427808564322459
1.126506007099247	1.155793652308716	0.6446330569485684
1.124654769010175	1.161979991583385	0.6464623664359421
1.12278335585632	1.16810914108785	0.6482313635998693
1.120801347718421	1.174471936542776	0.6500203273331916
1.118809151050203	1.180735565788169	0.6517313728268304
1.116605337497093	1.187518462211345	0.653526077593251
1.11455375331102	1.193710458369128	0.65510923734315
1.112455295354832	1.199937959532839	0.6566477788397935
1.110329947689524	1.206137230303164	0.6581232703046278
1.108115835978765	1.212483555056721	0.6595704702354345
1.105876409476468	1.218801535212573	0.6609472528449608
1.103441449020971	1.225564442781827	0.6623460017027306
1.101131890383966	1.231872488982013	0.6635751696292234
1.098791504405276	1.238187506467555	0.6647275372011969
1.096420004672102	1.244500027593707	0.665791841268239
1.094020193992628	1.250816227618843	0.666767417146389
1.091593582330257	1.257135335046141	0.6676537682375596
1.089143000255961	1.263457177324086	0.6684500875423436
1.08667617387978	1.269783454557135	0.6691547330652481
1.084199928086137	1.276115669551873	0.6697668412140081
1.08172559587962	1.28245691521695	0.6702862028789814
1.079261165513086	1.288808880747277	0.6707135092667793
1.076814670614508	1.295173219483238	0.6710501935570854
1.07435568687482	1.301659173639659	0.6713033897906394
1.072056475635281	1.307833677544546	0.671468329933078
1.069801864902129	1.314004614219236	0.671587019432471
1.067586695037759	1.320194051776632	0.6716699875370784
1.065418540588214	1.326386066644646	0.6717266192100719
1.063270842778919	1.332658142496713	0.6717634476612837
1.061114135098918	1.339100645753984	0.671788784651665
1.059075799883226	1.345334889649572	0.6718041852453867
1.057062128684052	1.35163081265864	0.6718154604758866
1.055148911435781	1.357742965292826	0.6718247091234312
1.053276951305052	1.363848977370869	0.6718324599754411
1.051432879022966	1.369984935972266	0.6718377201471485
1.048802524299812	1.378941191223552	0.6718337024274138
1.046750631374451	1.386120331552813	0.6718087786204876
1.044622190548898	1.393741417580588	0.6717537983254175
1.042924199062724	1.399926788892587	0.6716837428814321
1.041256751136697	1.406100231974264	0.6715880449664291
1.039613493536632	1.412290272612145	0.6714649879973408
1.037936239746005	1.418731478192453	0.6713083097606551
1.036316539516711	1.425091709440012	0.6711261111490627
1.034668821949769	1.431725193576776	0.6709098332086997
1.033092770881954	1.43826332158563	0.6706746410234762
1.031557728014289	1.444850874655126	0.6704198524594381
1.030079802293938	1.451441816040455	0.670154927067845
1.02865894892308	1.458066730111168	0.6698883414539762
1.027315160521866	1.464692509600067	0.6696364818195322
1.02605668919828	1.471324845063637	0.6694183980977818
1.024877074780243	1.477972931116171	0.6692434138898136
1.023772089038884	1.484634874059058	0.6691190508560098
1.022737877433857	1.491308907483435	0.6690509761094906
1.021767788465217	1.497992839443716	0.6690470377868274
1.02085645526012	1.504684714157268	0.6691124362414098
1.019996477097108	1.511382225456575	0.6692530264222856
1.019185982220654	1.518083745980256	0.6694701548715088
1.0184232319994	1.524787895169508	0.6697649741113201
1.017700849249532	1.531536937007146	0.6701415551687547
1.016991360995646	1.538588735899784	0.6706189890357164
1.01632835693257	1.545513814553252	0.671166387132111
1.015707381500157	1.552324816062123	0.6717751918699846
1.015107612500678	1.559196508365769	0.6724644366835144
1.014534585533778	1.566048655836706	0.6732208711283528
1.013992653680187	1.572771524220187	0.6740326529750003
1.013471820938027	1.579470808539108	0.6749034694491369
1.012968024742259	1.586156457938233	0.6758394381644798
1.012459341968664	1.593107340085204	0.6768813023110378
1.011975362715617	1.599906168242754	0.677966751000296
1.011491428417156	1.606874605195401	0.679142879874904
1.011048550738139	1.613396987393534	0.6803053941196869
1.01060731192907	1.619993757451496	0.6815432225197472
1.010180309844947	1.626515993601243	0.6828213481418308
1.009746364417092	1.6332073024054	0.6841961908842465
1.009322754515404	1.639839194421001	0.6856145774002321
1.008875327665488	1.646917246387544	0.687195624873256
1.008460558248362	1.653501960459112	0.6887294323240428
1.00804895763932	1.660084822079525	0.6903198802410125
1.00764117081636	1.666637970772575	0.6919600786787664
1.007230825080067	1.673248759316928	0.6936709973632267
1.006824468868251	1.679791650312086	0.6954242803390299
1.006408974898971	1.686477386161863	0.6972723122409821
1.006003833329474	1.692949648664569	0.6991204607067032
1.005592689521309	1.699476274817684	0.701042951279745
1.00518496627795	1.70594312608224	0.7030001943947904
1.004759894359052	1.712621651718415	0.7050801964246582
1.004351541012929	1.718989222381031	0.7071178202116211
1.003938963054157	1.725354766271842	0.7092109553813009
1.003522439281064	1.731694042014415	0.7113502275939163
1.00307469842697	1.738409631648821	0.7136767946340276
1.002642898504676	1.74478544221756	0.7159424553589981
1.002206239978717	1.751166359507078	0.7182626499200622
1.001767274512465	1.757497207649873	0.7206194531871816
1.001317127859037	1.76387617198643	0.7230499459819625
1.000864269085509	1.77020773520474	0.7255151200798385
1.000397327086769	1.776590577768336	0.7280598155205138
0.9999304429103854	1.782829956434146	0.7306019844468976
0.9994574967393299	1.789032471193621	0.7331844012182862
0.9989746009841062	1.795223329896093	0.7358173008943885
0.9984673686055791	1.801652466933118	0.7386052597335035
0.9979652699807429	1.807887506842371	0.741363763544975
0.9974456785763202	1.814203508972798	0.7442147972686649
0.9969377878150723	1.820248311945443	0.7469971744942254
0.9964182421422807	1.826297616789134	0.7498360089240109
0.9958907159751373	1.832302666921496	0.7527070578818793
0.9953337775044651	1.838507317986268	0.7557290196060438
0.9947749866130616	1.844607350856212	0.7587534308389191
0.994189164737888	1.850868684030422	0.7619138183559427
0.9936186643400717	1.856848279715979	0.7649859653378873
0.9930354254409449	1.862794875335326	0.7680967981905795
0.9924379964682786	1.868730213692669	0.7712573829424414
0.9918120759961716	1.874838864271517	0.774564779409365
0.9911947511486229	1.880727893947122	0.7778075902695125
0.9905652202486267	1.88659229134517	0.7810906351140913
0.9899241307966009	1.892433761845409	0.7844159633630138
0.9892533228965089	1.898385308907858	0.7878616278408972
0.9885725449362075	1.904283837919934	0.7913313927144124
0.9878705145570932	1.910230640049551	0.7948864349879281
0.9871710630805784	1.916024874691153	0.7984070914844873
0.9864617382358727	1.921775248334649	0.80195493062057
0.9857371917258457	1.927514925290335	0.8055514041048596
0.9849935952808753	1.933272085370294	0.8092146996649465
0.9842517792135763	1.938869064715804	0.8128325753713215
0.9834973082445501	1.944438901387658	0.8164879080343176
0.9827286423722024	1.949990502355261	0.820183337732421
0.9819214044208218	1.955686236612283	0.8240322785856065
0.9811052686919587	1.961299559840643	0.827884103544358
0.9802419715558999	1.967111211457721	0.8319307222798324
0.9794122605764846	1.97257800570418	0.8357935142688124
0.9785598899514384	1.978060956880153	0.8397248841986525
0.9777115424196732	1.983401782826946	0.8436068795146929
0.9768514496382533	1.988701077058002	0.8475144243332148
0.9759744418992355	1.994000782968111	0.851475001202913
0.9750356237084525	1.999528053755431	0.8556658710056914
0.9740901517977563	2.004970816294793	0.859851997559562
0.9731034571531524	2.010516469571301	0.8641792386843251
0.9721380610061332	2.015785231499728	0.8683530514994409
0.9711564324233682	2.021069886919389	0.8725925995486968
0.9701846110285099	2.026189604731718	0.8767572352168082
0.9691905256773347	2.031299222122064	0.8809704147199127
0.9681849501409822	2.036365628203774	0.8852034027848468
0.9671169292319587	2.041630563301773	0.8896626839798354
0.9660508580422633	2.046772345836183	0.8940773382678882
0.9649547094157972	2.051944016567874	0.8985787614701041
0.9638806872876234	2.056923311315725	0.9029699748496625
0.9627908170136412	2.061853395707809	0.9073782149803686
0.9616760714921823	2.066774941005044	0.9118376221312144
0.9605047497943504	2.071845304745132	0.9164927060948943
0.9593324057465769	2.076821516561618	0.9211202292891895
0.9581378203980914	2.081771539749689	0.9257883839786009
0.9569466871982243	2.086595222970304	0.9304006037955668
0.9557448810821885	2.091371006186492	0.9350237826847317
0.9545250064324825	2.096108889258205	0.939674358932688
0.9532583523254013	2.100935876979241	0.944473067108671
0.9519932110247008	2.105651625782937	0.9492245698199405
0.9506904710544331	2.110387511003325	0.954062707892278
0.9494001717821937	2.115001074648782	0.9588351689940023
0.9480890676946068	2.119592018483844	0.9636458972433818
0.9467627450895743	2.12413948180549	0.9684737268166143
0.9453830731668479	2.128773771710274	0.9734594923990297
0.9440109451393688	2.133286160760569	0.9783789938912163
0.9426172280469771	2.137774270439446	0.9833373868398925
0.9412111671983807	2.142208724489356	0.98830126752944
0.9397873620484587	2.146606648590361	0.993291488189462
0.9383445393762939	2.150971181238742	0.9983102680520232
0.9368665015832774	2.155352563879867	1.003412917907862
0.9353843223274595	2.15965535522191	1.008490022179249
0.9338832996709263	2.163922450269852	1.013593545677117
0.9323636102546642	2.168156482990362	1.018725148572418
0.9308231882174401	2.172361099443275	1.023888466154074
0.9292653403574199	2.176528773229255	1.029075461643421
0.9276797803579405	2.180685250186081	1.03431850018765
0.9261059312397057	2.184727604716486	1.03948743943153
0.9245132068682711	2.188735577422083	1.044680724558561
0.9229025058381937	2.19270684722366	1.049894950955821
0.9212492610767737	2.196698925726471	1.055209386182271
0.9195841964287347	2.200637501252353	1.060524680052294
0.9178565538690584	2.20464019789519	1.066001766289644
0.9161737321888533	2.208458636498677	1.071298126759032
0.9144759701963763	2.212232993959431	1.076604771589178
0.9127587837033585	2.215970597731191	1.081934914620194
0.9109680603367906	2.219799618984255	1.087467200286898
0.9091795502857696	2.223535242430992	1.092941531708436
0.9073421054461647	2.227283790365037	1.098519596366135
0.9055534126040997	2.230858915524492	1.103915116449152
0.9037486471094172	2.234399462485419	1.109331182464578
0.9019282254135359	2.237901323864186	1.114763147672269
0.9000307450335513	2.24146974120411	1.120378500109042
0.8981324429347635	2.244965590898419	1.125962577910995
0.8961809699546065	2.24848128713611	1.131662727847989
0.8942642594453114	2.25186003686259	1.13722226323564
0.8923326002256072	2.255195487305362	1.142789774940621
0.8903824059438663	2.258492604143655	1.148377755350626
0.8884131714163659	2.261751438070934	1.153983039179335
0.8864250723266188	2.264972593129931	1.159607411090214
0.8843745907457859	2.268223988263535	1.165374979429262
0.882328974745487	2.271395650137383	1.171086551774701
0.8802554813453844	2.274540413032484	1.176839577121847
0.8782005926502122	2.27758960723377	1.18250645826332
0.8761316264333598	2.280593528827637	1.188176429974272
0.8740407705709321	2.283564149947844	1.1938731419891
0.8718522076100249	2.286603372661575	1.199797576832745
0.869706515088407	2.289514443590279	1.205566005630048
0.8675377081541586	2.292391938085431	1.211363289965896
0.8653758398707022	2.295196985273106	1.217110217392457
0.8631960669009245	2.29796032260079	1.22286519446911
0.8609970317724073	2.300686316433216	1.228639647911087
0.8586367238441917	2.303543124829015	1.234800243210687
0.8564121958836612	2.306169250418273	1.240563721514378
0.854173093326458	2.308755112059436	1.24633874126313
0.8519202947955912	2.311295141061186	1.252115175155965
0.8495858885753605	2.313864258122513	1.25806193005178
0.8472608164866207	2.316361690070973	1.26395004213672
0.8448031483096834	2.318935034452018	1.270135219577617
0.842476873578114	2.321311816761221	1.275959099228114
0.8401256784179237	2.32365435588089	1.281807207384465
0.8377629406604195	2.325950130110107	1.287651356896314
0.8353191521997984	2.328263821496976	1.293660368491138
0.8328768455246001	2.330518823569228	1.299631514038722
0.8303955271950915	2.33274919775748	1.305664647221922
0.8279263663832359	2.33490948714115	1.311632982772502
0.8254481621765386	2.337021936189501	1.317592694869518
0.8229463009562805	2.339096453454325	1.323572167647624
0.8203955913453602	2.341153826869993	1.329635814517658
0.8178605182893751	2.343141398882247	1.335629655760489
0.8153085732629318	2.345087252350431	1.341629191669686
0.8127404763074763	2.346988969765479	1.34763044917417
0.8101542224225733	2.348848394962869	1.35364157278645
0.8075527789227753	2.350663872784237	1.35965550197669
0.8049190398839987	2.352446867553113	1.365709550645611
0.8022772412356883	2.354180341339045	1.371746943007318
0.799613573729543	2.355873596200688	1.377801032566115
0.7969429764558533	2.357517893294399	1.383837893139242
0.7942551084553805	2.359118752254628	1.389879839194665
0.7915491763743124	2.360677933878813	1.395929352874095
0.7887751123435084	2.362221130841273	1.402097122297289
0.786051841217934	2.363683837265816	1.408120018522715
0.7833185630645124	2.365100568229274	1.414131670701484
0.7805626565540429	2.366477516373261	1.42015935062547
0.7776763466724281	2.367866044717787	1.426439922401721
0.7748756136578305	2.369159295063418	1.432500721687591
0.7720535177670386	2.370412585970127	1.438573216941961
0.7692273648539276	2.371617949843472	1.444623844388154
0.7663845921014082	2.372778287890577	1.450669801946997
0.7635195886505136	2.373900488515958	1.45673797644371
0.7605601520839628	2.375005967412987	1.462972205829806
0.7576909477284844	2.376028091654193	1.468983467645895
0.7548257870895801	2.377000684436976	1.47495468070866
0.7519231982160833	2.377939403496473	1.480968114765645
0.7488903658561757	2.378868072065406	1.487221064780008
0.7459241287097749	2.379726849057108	1.493303404585463
0.7429645014162083	2.380536963769221	1.499341649625226
0.7399715563928115	2.38130743033346	1.505414217478956
0.7369499063114284	2.382037691893437	1.511513686651497
0.7339237837436653	2.382720201295657	1.517591882421323
0.7308922265686256	2.383357912969609	1.523643917487354
0.7278380123601526	2.383952169431171	1.529711363929558
0.7247697764530734	2.384502737624334	1.535776647609429
0.7216842876614591	2.385009004522031	1.541842361596412
0.718578416637325	2.385471705155862	1.547918188648455
0.7154663598352801	2.385889735384147	1.553968740119458
0.7123359311085817	2.386263819982851	1.560025635260662
0.7092135864042738	2.386590637995067	1.566036065800729
0.7060734402181583	2.386874862313732	1.57204835477798
0.7029268107201212	2.387113756433809	1.57804527373626
0.6996905665870361	2.387314116652387	1.584178583691565
0.6964980273676747	2.387465993653494	1.590196162139189
0.6932766791859877	2.387574392329292	1.596239487376483
0.6900653261655811	2.387638791606631	1.602227831904279
0.6868159373603977	2.387658296569882	1.608258325455556
0.6836011567431594	2.387634149534848	1.614196836484838
0.6803578864423729	2.387566812815547	1.620148805435526
0.6771120701960921	2.38745629400555	1.626079990175885
0.67381210764832	2.387298635723385	1.632080871360905
0.6705085761115765	2.38709918822404	1.638050116793462
0.6671228386666119	2.386849706377696	1.644137833649102
0.6638002345503186	2.386560206791677	1.650080266777399
0.6604624324792778	2.386226880195275	1.656021133048094
0.6571197371306566	2.385849353000109	1.661941573428211
0.6537317562357183	2.385424844948152	1.667905954884382
0.6503841282043618	2.384964323556544	1.673767134619263
0.6470254764969	2.384458861027145	1.679621520214019
0.6436533910041394	2.383911041357007	1.685471110964339
0.6402530303044452	2.383316694520243	1.691334703247332
0.636835661017273	2.382677694808194	1.69719959571438
0.6333067504307258	2.381974699763549	1.703221356984793
0.629886476037812	2.381252168147503	1.709022805232461
0.6264761236139833	2.380490320338776	1.714782608719254
0.623038442203057	2.379681848038486	1.72055986959797
0.6195243783547142	2.378815408088166	1.72642746878032
0.6160343593694856	2.377913127263036	1.732226325816531
0.6125559237137103	2.376972547212794	1.737976743149878
0.6090425076512644	2.375984003010575	1.743748271342094
0.6055046485514174	2.374946779314302	1.749534828537292
0.6019820605378242	2.37387217553793	1.755269565693705
0.5984620553126198	2.372761088875596	1.760963866549291
0.5949195293577484	2.371601588381039	1.766666084359477
0.5913725651271731	2.370400271946542	1.772347669259697
0.587802446179344	2.369153564073658	1.778029749913975
0.5841821185956465	2.367849196784072	1.783760583059887
0.5806111887939982	2.366520614730847	1.789386599174721
0.5770402109534259	2.365154114527852	1.794982659821923
0.5734516447497093	2.363743512883824	1.800569714814796
0.5698446064081473	2.362285480159162	1.806159575179155
0.5662331360211336	2.360785549474636	1.811730136799472
0.5625507810145146	2.359218723584382	1.817373871884969
0.5589014888606654	2.357626974356649	1.822935282912715
0.5552342275704191	2.355987010620204	1.828496587211675
0.5515962557104026	2.35432240098604	1.833981886797695
0.5479481256293522	2.352616772289331	1.839448376614999
0.5442948556351895	2.350868947586273	1.844896796536517
0.5406199167779729	2.349071265996659	1.850349541392555
0.5369396857683383	2.34723570303974	1.855774652384524
0.5332119145255736	2.345340415840334	1.861233626191257
0.5295206901369168	2.343423216261669	1.866614823459835
0.5258298641203368	2.341465701575132	1.871970127632001
0.5221229675107316	2.339465332175386	1.877313830534615
0.5183755394675762	2.337408338622734	1.882680480772427
0.5146419762999175	2.335318648475176	1.887999957261592
0.5108939455974228	2.333181931169597	1.893313211937735
0.5071690500619188	2.331023815067898	1.898558029040892
0.5034341727649292	2.328823502970603	1.903787182206341
0.4997022065432134	2.326585258905487	1.908985410422333
0.4958626184118644	2.324244275815892	1.914303656569383
0.4921288533270726	2.321932449929776	1.91944098263144
0.488373444657156	2.319573971753628	1.924573700908062
0.4846255574155775	2.31718161937078	1.929673082752121
0.4807997991915792	2.3146988074174	1.934851377310177
0.4770104033681622	2.312205978424528	1.939945211530195
0.4732169858828361	2.309676893272422	1.945009576864471
0.4694174089234603	2.307104567112011	1.950055767786421
0.4655882290095796	2.304473243142022	1.955113977141528
0.4618022630356831	2.301838669173346	1.96008016146968
0.4580160944069022	2.299169000281961	1.965015174662163
0.4542215248648501	2.29645572556425	1.969934463952731
0.4503627413163885	2.293660141285526	1.974905986901647
0.4465201437613013	2.290842849373072	1.9798211065694
0.4426607049420741	2.287976968361698	1.984727185821689
0.438852875091638	2.285111219058281	1.989541663647639
0.435050096381557	2.282211491197955	1.994322810053299
0.4312353145691508	2.279268052404293	1.999088541096146
0.4273562502856084	2.276242349628753	2.003899001629299
0.4234920809761467	2.273193867674701	2.008657400085089
0.419630458686826	2.270108595106314	2.013386399848294
0.4157796593278276	2.266994568853757	2.018073370550819
0.411933763891732	2.263852717586046	2.022719609946111
0.4080719071778605	2.260665916908378	2.027350234359608
0.4042120042201062	2.25744233522745	2.031952168329645
0.4003702337840629	2.254194265006117	2.036507541189685
0.3965328605365216	2.250917489145271	2.041025466954108
0.3926853491426137	2.247600546547372	2.045520153728077
0.3887198450482804	2.244145982088672	2.050121057003827
0.3848657182205698	2.240749458976487	2.054565374352359
0.3810101889135172	2.237317062411329	2.058981109042527
0.3771518461329036	2.233850971270196	2.063365108313797
0.3732668223811487	2.230327985493485	2.067746326041256
0.3693917858259375	2.226777325285131	2.072087404156875
0.3655203815287144	2.223190532642594	2.076398677867813
0.3616457025464768	2.219565459858783	2.080684027036806
0.3577636719654014	2.215902536239099	2.084941994710213
0.3538940594259913	2.212218957762456	2.089153076741832
0.3500329467251279	2.208506601460004	2.093325702083177
0.3461632705025469	2.204748656409857	2.097481765491312
0.3422414231655401	2.200904751483642	2.101660399220725
0.3383579943464232	2.197067981397087	2.105762952777115
0.3344681047975187	2.193191203227821	2.109838975467421
0.330631008538659	2.189332408447894	2.113830469830332
0.326816200651402	2.18545691450376	2.117772998197417
0.322983176678811	2.181527049637515	2.121708566808964
0.3189966837579192	2.17740741982779	2.12576395193162
0.3151087204552381	2.173357385023468	2.129683932835931
0.3112332709974078	2.169285332524616	2.133561167386701
0.3073772581890032	2.165196779099182	2.137388910173538
0.3035369517737113	2.16109030376883	2.141171331470365
0.2996877626554051	2.156941772048647	2.144929175928045
0.2958172815275577	2.152740457690164	2.148672435839309
0.2919550498974137	2.148510936721534	2.152379007861692
0.2880999447566005	2.14425004155671	2.156051704821969
0.2842434354536009	2.139951742152533	2.159695369838649
0.2803847203361393	2.135617211467876	2.163308344451923
0.2765365887964195	2.131264968569628	2.166875667701385
0.2727008965128059	2.126891877673896	2.170400172468166
0.2688705979082747	2.122488761849683	2.173889808289468
0.2650650571834679	2.11807812079041	2.177326628527168
0.2612405187539837	2.113611160536936	2.180749731077402
0.2573302724307618	2.10901345550859	2.18421239982698
0.253514407075446	2.104490875888025	2.187560384679176
0.2497250310784977	2.099961480120568	2.190858038090588
0.2459243330591634	2.09538311623415	2.194134071766607
0.2420933807129915	2.090731650113337	2.197405981406404
0.2382785755643036	2.086064903169008	2.200630604187211
0.2344776314634593	2.081386287654435	2.203808053992562
0.2306747418079907	2.076672327689802	2.206952766222081
0.2268960780205256	2.071950263401497	2.21004842981848
0.2231067730467562	2.067179320360912	2.213120648012267
0.2193427355024275	2.062403173046659	2.216141817097275
0.2155664376375986	2.057575044314556	2.219143067647433
0.2117889108947704	2.05271607871817	2.222108657981432
0.208012698200162	2.047821436760321	2.225042087483405
0.2042513857167566	2.042908103776199	2.22793277952763
0.2005032981152029	2.037976935900449	2.23078090499997
0.1967765324354143	2.033036051704707	2.233581771714024
0.1930437075029115	2.028052446371106	2.236354724681088
0.1893144981915302	2.023041648321727	2.239089511661248
0.1855885005260798	2.018004396845436	2.241786831563908
0.1818826834184296	2.012952179266121	2.244441575131777
0.1781822598044896	2.007866896165263	2.247063268130832
0.1745004306162382	2.002771221258234	2.249638716407821
0.1708149046960859	1.997634891735142	2.252184415858058
0.1670796331776648	1.99239918388681	2.254726487663176
0.1634130496257006	1.987226218242373	2.257186649678658
0.1597652707814398	1.982041472940848	2.259603405404941
0.1561180576919325	1.976822581771384	2.261985673146197
0.1524698675361496	1.971563062638339	2.264336859997453
0.1488329274045845	1.966278477564008	2.266651381427963
0.1452067335841214	1.960977602827176	2.268923393999478
0.1415803194081544	1.95564679774269	2.271158264630822
0.1379782312446372	1.950311314130285	2.273346543904991
0.1343727160848976	1.944930426935654	2.275505155139659
0.1307806517236341	1.939532140984586	2.277621711460863
0.1271854468623661	1.934091244255399	2.27970679433553
0.123558091748723	1.928571179232139	2.281771718896459
0.1200167483452137	1.923150217576487	2.283750648558058
0.1165078705799069	1.917735525750036	2.285682430636526
0.1129951148935174	1.912271294016932	2.287586370716195
0.1094601492704853	1.906735705939974	2.289467729250768
0.1059384126157384	1.901179844221923	2.29130852042258
0.1024280023241187	1.895604669923235	2.293108647069102
0.09892543147813319	1.890010853715861	2.294866655396838
0.09544185978620552	1.884409332273639	2.296580498710894
0.09197212018378186	1.878789584415712	2.298253452661357
0.08852157090674337	1.87316384340898	2.299881605492772
0.08507811061482037	1.867506540631374	2.301474000822169
0.08162315305603632	1.861785142634794	2.303039358883225
0.0781973779301014	1.85607236169109	2.304555754196485
0.07478362788225849	1.850338927860741	2.306032314603892
0.07139759513243434	1.844613792581113	2.307460393539296
0.06802511207933991	1.838879872221186	2.308845325996911
0.06466190054127272	1.833123025285723	2.310189857665826
0.06130748114778609	1.827339589881254	2.311495585933269
0.05796610698211811	1.821535009177387	2.312761956737294
0.05464774487088174	1.815722585314069	2.313987111688266
0.05133615611815634	1.809878518858302	2.315175085731579
0.04803387298825081	1.804010860710167	2.316322408772112
0.0447419032203293	1.798118293834795	2.31743054942852
0.04146865885039536	1.792222058409896	2.31849322787145
0.03821231574612797	1.786323012892773	2.319511883784512
0.03498947824232429	1.780440120600675	2.320484522512676
0.03176815160111333	1.774511143904315	2.321422320780108
0.02855646803602284	1.76855187916375	2.322322724777495
0.02535373234672845	1.762565507261608	2.323182943102586
0.02217771136198286	1.756586392993282	2.323998413478586
0.01900883236234039	1.750577216305783	2.324774210648225
0.01585856416582537	1.744560418938581	2.325507057518309
0.01274027857766369	1.738560770009208	2.326194707777656
0.009650690531055873	1.732569612553696	2.326840952783974
0.006566508042302643	1.726544753477386	2.327448156725648
0.003472505255200558	1.720455494199347	2.32801862991249
0.0004058794332549831	1.71437638715272	2.328544290453001
-0.002640779102609975	1.708294474121014	2.329026778568621
-0.005667099788660225	1.702198928745687	2.329469748386985
-0.008667721009622866	1.696102035123406	2.329872305816168
-0.01165759073809364	1.689980383218698	2.330234054144378
-0.01462717993508358	1.683855172849997	2.3305530884789
-0.01758557207509939	1.677713449425661	2.330829880554489
-0.0205185973289896	1.671585786949415	2.331061743900883
-0.02343730428427923	1.665439053605697	2.331253416219482
-0.02631222500431098	1.659328068257134	2.331404215273102
-0.02919208883355284	1.653157006386097	2.331516087274718
-0.03215573237978896	1.646754656479743	2.331587925150744
-0.03498452824703488	1.640596214522856	2.33161257540191
-0.03777957705639656	1.634468271312878	2.331597142175684
-0.04056860348618402	1.628300598140891	2.331539748663501
-0.04338491603682178	1.622022656870108	2.331441290724804
-0.04615259610875268	1.615802046485995	2.331302281654343
-0.04889116102517507	1.609596839507256	2.331121976537372
-0.05162083198618683	1.603364103635331	2.330899299685529
-0.05433294934437304	1.597124186895727	2.330633266792862
-0.05703015747821835	1.590863809747229	2.330326425735693
-0.0597189545965516	1.584561468735443	2.329977201181118
-0.06237003680739686	1.578294664595127	2.329588889060425
-0.06499218514038714	1.572043669478456	2.329160172341653
-0.06760449148917913	1.565766435421135	2.328688087176655
-0.07020942091644763	1.559463488700984	2.328170841149518
-0.07278255199199918	1.553182841554567	2.327614682932584
-0.0753238892825091	1.546916418503124	2.327020590577578
-0.07785248724094879	1.540624564243051	2.326384473223721
-0.08037544689412585	1.53429369511729	2.325701464669238
-0.08287988329964655	1.52795534420833	2.324976437493739
-0.0853706174830576	1.52159510792678	2.324206020501923
-0.0878028218795238	1.51532796683584	2.323406589628715
-0.09020271084658962	1.509078820931218	2.322571134774435
-0.09259035508729715	1.50280564081216	2.321692559406827
-0.09500258225691152	1.496421110335568	2.320754702974416
-0.09737819658493795	1.490078901142151	2.319780235692364
-0.09973201256544324	1.483729484468749	2.31876503106724
-0.1020423169036914	1.47742814485587	2.317718257142039
-0.1043304583773175	1.471129321461009	2.316631184143122
-0.10659833785291	1.46482824286931	2.315503052426443
-0.1088714072883695	1.458452599996037	2.314319021254801
-0.1111050151911601	1.452128691520314	2.313102866469952
-0.113312654208866	1.445806607988545	2.311848232193891
-0.115499191506142	1.439483425132235	2.310552717821967
-0.1176755755034979	1.43313214166762	2.309209216509043
-0.1198146621782663	1.42682805271609	2.307833559238947
-0.1219319748226522	1.420523274236865	2.30641761806044
-0.1240216708542319	1.414224854774345	2.304963466895897
-0.126125073923825	1.40782199780673	2.303444002096223
-0.1281696258409763	1.401532752400913	2.30190955391943
-0.1301946991486173	1.395237091306316	2.300332349403031
-0.1321961401716628	1.388950655618583	2.298715631367453
-0.1341976983765695	1.382587869207073	2.297039456452537
-0.1361534416884945	1.376296329989336	2.295342183335459
-0.1380881047498929	1.3700094765473	2.293603298384432
-0.1400021701244858	1.363725808436602	2.29182293469014
-0.1419097050488418	1.357384242678703	2.289985512840375
-0.1437686963278409	1.351121300655485	2.288131389624926
-0.1456033097741009	1.344865847141374	2.286239021971645
-0.1474167179026692	1.338615383205781	2.284305413085088
-0.1492242765062896	1.332318028012336	2.282314281150653
-0.1510016664999048	1.326046463985416	2.280289293170011
-0.1527576941757796	1.319763366689102	2.278221407450878
-0.1544840830153642	1.313505636943887	2.276120962590844
-0.1561938324272084	1.307237280533226	2.273972784494354
-0.1578684156653314	1.301024578126782	2.271800826683824
-0.1595170422576326	1.294821488766839	2.269591955951952
-0.1611408372292792	1.288619637739034	2.267343933030737
-0.1627559528667933	1.282367343244248	2.265035177463992
-0.1643388698715011	1.276165834454389	2.262700678009786
-0.165895524871305	1.269983018966257	2.260331355229523
-0.1674281833530394	1.263796701198652	2.257920411724196
-0.1689648852420419	1.257502529440943	2.255424869898976
-0.1704445803648285	1.251360889999778	2.252945304519386
-0.1719017325979766	1.245227549946283	2.250426843553186
-0.1733307431371786	1.239111978444033	2.247874771758893
-0.1747398010223836	1.232981818582426	2.245274911468695
-0.1761235699804066	1.226875892322775	2.242643163876875
-0.1775037569164485	1.220689417408042	2.23993071607563
-0.1788460654453445	1.214571513732702	2.237206785809471
-0.1801621919803247	1.208457277052427	2.234442660467544
-0.1814483276196993	1.202392184206116	2.231656887075707
-0.1827096927847778	1.196347836390148	2.228835083697294
-0.1839479726788381	1.190300407866857	2.225972212632483
-0.1851730978831299	1.184195762028091	2.223040361318712
-0.1863607321494537	1.178171799362751	2.220100819716813
-0.1875237021380709	1.172184759834409	2.21713497131763
-0.1886654628131134	1.166191352793209	2.214122887316787
-0.1897949626241979	1.160130268357151	2.211032544038136
-0.190882854988885	1.154167870081848	2.207949900966566
-0.1919416766552753	1.148253160611408	2.204846822289562
-0.1929826176423421	1.142318457006565	2.201689623466503
-0.1940257127652574	1.136222433235756	2.198402644358106
-0.1950063139225501	1.130368969222864	2.195200375783645
-0.1959622029378374	1.124556113236232	2.191976232329
-0.1968940858602918	1.118740722360171	2.18870728106855
-0.1978209035513916	1.112801470555622	2.185326187512932
-0.198717095732774	1.106921201122133	2.181931299262046
-0.1995998348984894	1.100993881122414	2.178461474800081
-0.2004383204146857	1.095193081596908	2.175021182339513
-0.2012502776814428	1.089406250348868	2.171547222862658
-0.2020379373036213	1.08364615998643	2.168041019392212
-0.2028070771983604	1.077878849172434	2.164482789371649
-0.2035475948365954	1.072139569820209	2.160899165657629
-0.2042704624171954	1.066339694293082	2.157231636421883
-0.2049563159409716	1.060671453319263	2.153599140293067
-0.2056188859336379	1.05502572687819	2.14993451999693
-0.2062558202187567	1.049390489414795	2.146234182288402
-0.2068840227083557	1.043626285766374	2.142398681712614
-0.2074760196938137	1.037999914350756	2.138605940476044
-0.2080393028782501	1.032416370374517	2.134796642477247
-0.2085779693803252	1.026828903491822	2.130939457449174
-0.2090921419253761	1.021269763294015	2.12705273094566
-0.2095850322015051	1.015709898057898	2.123116552841239
-0.2100590270957246	1.010059745407017	2.119069302135287
-0.2104932761603603	1.004609553621122	2.115115876109678
-0.2109051859211426	0.9991993669082228	2.111143377875813
-0.2112932807673769	0.993794118796409	2.107128714937867
-0.2116581030352271	0.9883537162888018	2.103038593169541
-0.2120002639828049	0.9829323636549496	2.098914170991184
-0.2123268108418489	0.9773477350589836	2.094612760139189
-0.2126145940085854	0.9719640830576995	2.090417942722969
-0.2128789985625944	0.9666267924862511	2.086207972895635
-0.2131198516247361	0.9613299922503413	2.081977402673643
-0.213332455627123	0.9560855525170133	2.077742349077602
-0.2135221598922659	0.9508403293882671	2.073456089722836
-0.2136915063902874	0.9455097785228378	2.069047692655003
-0.2138292880654304	0.940294222040159	2.064684312047641
-0.213945008810657	0.9351073772364569	2.060293547629978
-0.2140389721820374	0.9299435984561721	2.055869780762768
-0.2141060769951479	0.9247129052928913	2.051337623681187
-0.2141483949264274	0.9195958778889167	2.046850550766027
-0.2141675808388015	0.9145044072597736	2.042332397474576
-0.2141588208555544	0.909456772355638	2.037802475674922
-0.2141271135906136	0.9044378694763917	2.033245273929297
-0.2140726685385521	0.8994413857958277	2.028654640388782
-0.2139895754818059	0.8944202258022507	2.023989423919583
-0.2138833253033639	0.8894350553091869	2.019302456188744
-0.2137528464125297	0.8844606008358612	2.014568534304302
-0.213595253940283	0.8795422952548044	2.009835589262492
-0.2134153540938568	0.8746389380959501	2.005061342312156
-0.2132151860995521	0.8698356177569249	2.000326761137703
-0.2129896954865677	0.8650647142286118	1.995573069275998
-0.212741560477844	0.8603176601489483	1.990787658314175
-0.2124559033734868	0.8553729633061192	1.985742692428369
-0.2121550129061823	0.8506339453105971	1.980850247774331
-0.2118293377333403	0.8458985139500481	1.975902731215322
-0.2114845052961759	0.8412800186377171	1.971022100211581
-0.2111174608779319	0.8366943116763481	1.966118313708322
-0.2107287438555626	0.8321313699896041	1.961181199901059
-0.2102967661344798	0.8274253420930421	1.956030714505814
-0.2098493412447769	0.8228405068849334	1.950951938174151
-0.2093770471661874	0.8182757114313089	1.945833635553115
-0.2088875541686358	0.8138031897766178	1.940759748149581
-0.2083772865138639	0.8093783481333783	1.935677915312861
-0.2078401695322399	0.8049639284671738	1.930551313846325
-0.2072635673900212	0.8004571686557471	1.92525286957912
-0.2066805211617152	0.7961171393848302	1.920086737634809
-0.2060781296967907	0.7918233285499003	1.914915054136639
-0.2054520204498039	0.787548548535709	1.909702667169213
-0.2047909677208554	0.7832462752130801	1.90439646389998
-0.2041095743843754	0.7789920809160263	1.899082869076104
-0.2034041453823421	0.7747630327333684	1.893734046832943
-0.2026834674727939	0.7706112004109512	1.888418668635686
-0.2019420724418654	0.7665027888942363	1.883093174209427
-0.2011758857566794	0.7624169843598662	1.877732691256895
-0.2003684928594665	0.7582673444775022	1.872217997181206
-0.1995500171039436	0.7542260478357413	1.866781049958667
-0.1987090337210846	0.7502157376338735	1.861317653476163
-0.1978511062042062	0.7462655765515044	1.855866614263771
-0.1969714048231176	0.7423491514700705	1.850394132217217
-0.1960701506217211	0.7384723503558522	1.844905766376926
-0.1951254238870729	0.7345392711075834	1.839266977367435
-0.1941775009246034	0.730723731967285	1.833723291482325
-0.1932013062024804	0.7269157125013042	1.828118940541729
-0.1922183825700482	0.723198330866152	1.822574836196869
-0.1912091972379255	0.7195012558056793	1.816989099345084
-0.1901821738444905	0.7158516448586937	1.811402811713069
-0.1890838127687203	0.7120697426160448	1.805533764507986
-0.1880110091390101	0.7084833865268886	1.799890657209024
-0.1869143053093509	0.7049312140735302	1.794227147784767
-0.18579756776825	0.7014142235648846	1.788542686561613
-0.1846349604568508	0.6978645471160367	1.78272596177112
-0.1834705485280298	0.694418576689215	1.776997218650193
-0.1822884206361983	0.6910028354956069	1.771240464201744
-0.1810889176517985	0.6876325446073726	1.765480234708015
-0.1798291486534097	0.6842018654641207	1.759529939844856
-0.1785876540548111	0.6809147675073743	1.753745195052477
-0.1773262272672537	0.6776666509132909	1.747948344321216
-0.1760440541191417	0.6744591275007559	1.742137394527545
-0.1747224299627587	0.6712370304179948	1.736213294630266
-0.1733896580887771	0.6680733961692555	1.730308870763166
-0.1720108579506994	0.6648942583029654	1.724283994593457
-0.1706524526141908	0.6618521422539018	1.718427173295481
-0.1692732522360434	0.6588427596809788	1.712546367262923
-0.167877883586296	0.6558766206918206	1.70666054587553
-0.1664084091072063	0.6528401498380849	1.700538171893034
-0.1649657164502253	0.6499352902979793	1.694582884026269
-0.1635027961693768	0.6470677374084221	1.688610253464378
-0.1620225221576012	0.6442439762901807	1.682631436533975
-0.1605085174426321	0.6414302663821886	1.676574281844348
-0.1589829367293724	0.6386710768788598	1.670535614083502
-0.1574348526480402	0.635946826576573	1.664468157267438
-0.1558694125648201	0.6332672630999615	1.658397736206643
-0.1542684827948481	0.6306004124201656	1.652247959182534
-0.1526550046869746	0.6279863490873345	1.646110461543006
-0.150995594801523	0.6253723088648196	1.63985902309878
-0.1493755648387366	0.6228864108249456	1.633803037101404
-0.1477390654677957	0.6204445195949218	1.627744336475113
-0.1460819490010752	0.6180400465857329	1.621666276793472
-0.1443908439233982	0.6156515873943459	1.61551416380552
-0.1426879926030548	0.6133139726234254	1.609375043837632
-0.1409384754844215	0.6109788619266443	1.603115893189139
-0.1391849311721987	0.6087037043018466	1.596891935057209
-0.1374096323840613	0.6064671101360377	1.590646415502859
-0.135633344449596	0.6042921421995401	1.584441784270735
-0.1338418648768032	0.6021621880538186	1.57823663148039
-0.1320321770930876	0.6000722226540264	1.572013625071704
-0.1302008623064164	0.5980191211591368	1.565758897828265
-0.1283544300273259	0.5960107436296761	1.559503024402324
-0.1264889803304253	0.5940419449993838	1.553224325053607
-0.1246303843646643	0.5921404671813167	1.547015748508194
-0.122761122128667	0.5902860579061435	1.540814570914511
-0.1208713520205048	0.5884689827021948	1.534588467090488
-0.1189123724581558	0.5866458170776592	1.528179289930407
-0.116962170625553	0.5848906049259813	1.521840565001086
-0.1149870013990892	0.5831707546946457	1.515463677385421
-0.1130345697999577	0.5815284096117823	1.50920376475421
-0.111068867864134	0.5799289967665121	1.50293885139407
-0.1090905409336004	0.5783756413015216	1.496672961258138
-0.1070535110852242	0.5768330297820117	1.490260549716942
-0.1050346782413319	0.5753565896917497	1.483936264425038
-0.1030014947899423	0.5739251925767856	1.477611629861366
-0.1009537213130305	0.5725374744519349	1.471276120474394
-0.09887148807968341	0.571181607286352	1.464867795582368
-0.09677809445317252	0.5698736473313304	1.458471234347708
-0.09461497830266785	0.568575908881934	1.451889504347691
-0.09253327281098989	0.5673804002952585	1.445592840799559
-0.0904369216240932	0.5662280156169988	1.43928656135963
-0.08833265359585787	0.5651222109520202	1.432983464095969
-0.08619766151683741	0.5640518890752451	1.426621885227634
-0.08405638342335228	0.5630278021434485	1.420271572383381
-0.0818538836005189	0.5620286084430408	1.413774271234098
-0.07966703771754413	0.5610878185052527	1.407355834236975
-0.07747357154088211	0.5601954478662654	1.400951486756545
-0.07527149315190575	0.55935012096917	1.394553050093552
-0.07306712943653501	0.5585551033055416	1.38818433186362
-0.07084183214382327	0.5578063539635399	1.381792711942618
-0.06859771656190973	0.557096100249535	1.375360415892711
-0.06635383580002592	0.5564347013889935	1.368954500292482
-0.06407301560583911	0.5558123529102671	1.362475160866828
-0.06181485367731979	0.5552459927511695	1.356082766153396
-0.05953818288809004	0.5547251376960974	1.349667351627876
-0.05726543098136512	0.5542530749262027	1.343287457522276
-0.05497966112031805	0.553826150623287	1.336898731513811
-0.05268942240276383	0.5534465463980173	1.330521115434606
-0.05036293940845851	0.5531092612344898	1.324068854079778
-0.04806043674282957	0.5528228398163533	1.31770588968262
-0.04574579450093498	0.5525824809061797	1.311333780149027
-0.0434242579252541	0.5523876939642731	1.304968161951833
-0.0410050600863015	0.5522347158139479	1.298356107304966
-0.03867204384179257	0.5521354077646601	1.29200269360142
-0.03633308177036765	0.5520831666018933	1.285652242380785
-0.03398606202433282	0.5520774951985378	1.279303878257479
-0.03161653229221642	0.552118697771386	1.272915282189936
-0.02924656692990477	0.5522074497860019	1.266545384853363
-0.02674060807442572	0.5523513368631456	1.259830098059035
-0.02440862840491432	0.5525315735495001	1.253598517398642
-0.02207336231733708	0.5527564298674349	1.247375215625007
-0.01973006914099958	0.5530239377670935	1.241136361663341
-0.01730590368375181	0.5533509584778359	1.234707282617675
-0.01488493882550911	0.5537245443124589	1.228304368483577
-0.01241558888226376	0.5541540960159758	1.221794167482116
-0.009984568410785773	0.5546260544890164	1.215399227611606
-0.007567967052094771	0.5551422688689209	1.209058348499376
-0.005128836763914891	0.5557130900461341	1.202688580247931
-0.002671412856484693	0.5563327568638565	1.196270139522026
-0.0002444008212510397	0.5569924324694994	1.189942186943659
0.002189206947847741	0.5577007099114547	1.183614228552231
0.004622657932890568	0.5584550343187035	1.177297122615657
0.007054594364470201	0.5592572022211179	1.170999146711554
0.009495872057550349	0.5601091090564339	1.164688014003488
0.01195679123048355	0.5610166028425527	1.158338613724545
0.01436032787324346	0.5619493994613278	1.152142360684508
0.01675490911440927	0.5629220426932353	1.145966876054069
0.0191511297220316	0.5639434275912534	1.139807533060032
0.02171538261609341	0.5650886027889064	1.133233804207053
0.02417864691921637	0.5662381778959137	1.12692070555965
0.02668200289700003	0.5674565751635178	1.120513178959148
0.02906343031878526	0.5686622590405208	1.114422977870264
0.03144150585625937	0.5699129341680184	1.10834786747416
0.03382124983337725	0.571210883816071	1.102274445237235
0.03637124952910598	0.5726523324360427	1.095767642065884
0.03876234356018612	0.5740545945805317	1.089668387350469
0.04115638081554625	0.57550631588263	1.083563738516422
0.04354118015136336	0.5770005939299609	1.077487117962073
0.04597972435487415	0.5785792539851915	1.071278498100036
0.04839378805926279	0.5801926103794625	1.065131662559258
0.05089634853676939	0.5819185981787497	1.05875955208703
0.05331784455824097	0.5836408825869736	1.052594578965131
0.05573805263774567	0.5854137159997821	1.046432992061898
0.05814873901155852	0.5872322622769273	1.040294207540599
0.06057013306081594	0.5891130666728578	1.034122752338528
0.06296130870742242	0.5910210794876527	1.028017952455857
0.06535090595758229	0.5929825687427868	1.021918883230604
0.06770494111515905	0.5949691009551572	1.015905751669322
0.0700425893987191	0.5969915722816794	1.009921922775019
0.072370320082422	0.5990610632588911	1.003963922903113
0.07477995106854424	0.6012623293472055	0.9977894304346074
0.07713292484148998	0.6034684281848377	0.9917468244283223
0.07950748770635691	0.6057518387771147	0.9856399441884078
0.08178754212796603	0.607999799118667	0.9797617201175728
0.0840558613038536	0.6102927900651579	0.9738997915582164
0.0863171017910159	0.6126344464181076	0.9680433063650867
0.08866032881604785	0.6151223586992663	0.9619630537015482
0.09093044549186072	0.6175941100906579	0.956055443944251
0.09318140830789573	0.620105334185532	0.9501818938801317
0.09542607526143689	0.6226714561085325	0.9443100508389001
0.0977132478182645	0.625349980929397	0.9383061511730781
0.09995000051738688	0.6280337551681827	0.9324096797856838
0.1021627293301767	0.6307540466658131	0.9265534655480213
0.1043706583884032	0.6335343031021099	0.9206845611311817
0.1065635015143358	0.6363637468006534	0.9148323166824868
0.1087313790660833	0.6392306521195518	0.9090218622352473
0.1108814139565498	0.6421452723951604	0.9032299168399524
0.1129906639644196	0.6450773167673423	0.8975149616937727
0.1150728401563315	0.6480395428784128	0.8918414441291501
0.117144736085454	0.6510590573844084	0.8861625313724338
0.1192487523677731	0.6542024036663676	0.8803555686724013
0.1212761484114083	0.6573109702815759	0.8747213550212152
0.1232799215821828	0.660460471214945	0.8691148369834567
0.1252616034694632	0.6636565017151875	0.8635298488586021
0.1273555691752283	0.667123114597967	0.857576740460978
0.1292846215894795	0.6704021612579628	0.8520396214121992
0.1311911856527944	0.6737287526885476	0.846517814600304
0.1330685459948115	0.6770962344997722	0.8410253209203079
0.1350002936998078	0.6806594260882673	0.8353136654312191
0.1368524229263834	0.6841729484813447	0.8297729514337526
0.1386766634136257	0.6877358061647048	0.8242464172441184
0.1404682893769169	0.6913394199709374	0.8187505769564385
0.1422867127003703	0.6951105566613162	0.8130882445989646
0.1440145070103093	0.6988142547301061	0.8076254093706698
0.1457538972221754	0.7026682066708611	0.8020330833454752
0.1473564987773573	0.70633925572734	0.7967879353265872
0.1489442578084517	0.710100696721273	0.7914938969468582
0.1504751993178258	0.7138584618051455	0.7862843398242043
0.1521141322550161	0.7180447910010395	0.7805764084829497
0.1536070197897028	0.7220213681479528	0.7752409808848852
0.1550752638845109	0.7261015280589854	0.7698463072442759
0.1564629844544012	0.7301360959887482	0.7645926436251764
0.1578045784194809	0.7342355598875022	0.7593363254938404
0.1590954522631886	0.7383853582096047	0.7540903640503702
0.1604463503459141	0.7429945271198918	0.748352611345334
0.1616060576640091	0.747227146568462	0.7431693219091883
0.1626958807265861	0.7514975449632133	0.7380080230866047
0.1637083582653778	0.7558110249583656	0.7328722155202513
0.1646412811855066	0.7601661442620744	0.7277565014418342
0.1654939083720462	0.7645613462232999	0.7226610980645346
0.1662647875040837	0.7689940224437629	0.7175851744979082
0.1669506353124063	0.7734582665761204	0.7125247325235092
0.167548971907602	0.7779483753356642	0.7074760945544215
0.1680569905189459	0.7824553097341918	0.702432560812364
0.1684735827189753	0.786972584994499	0.6973898996093874
0.1687983023076335	0.7914938193965781	0.6923440431190958
0.1690323365352196	0.7960237293202085	0.6872734361038061
0.1691818322753873	0.8005010279352479	0.6822300390814987
0.1692745539764575	0.8049618956045032	0.677159145027589
0.1693199122413727	0.8093632075172464	0.6721026583202597
0.1693279972355762	0.8137610171913376	0.6669899561189814
0.1693057730945658	0.8180216439273054	0.6619748280135523
0.1692604236456173	0.8223047370129373	0.6568691568484275
0.1691990500986515	0.8263663851092338	0.6519656926491919
0.1691248137655143	0.8304016614379781	0.6470350962918319
0.1690396317060854	0.8343972737759657	0.6420941175421735
0.1689396120568016	0.8385905531295667	0.6368478843979732
0.1688287224469239	0.8426917249571662	0.6316571463047234
0.1686496205992792	0.848342288280224	0.6244179856015382
0.1684690451971028	0.8529374960111031	0.6184525665193413
0.1682367683484309	0.8577873254236884	0.6120875741700834
0.1680194196735437	0.8616554854365543	0.6069759430171796
0.1677720955883763	0.8654904921974104	0.6018752792404556
0.1674903109614161	0.8693321796037202	0.5967314641320501
0.1671519918820054	0.8734131127572089	0.5912235995057188
0.1667869174842236	0.8773553803399277	0.5858553954718155
0.1663903906070823	0.8812495148699514	0.5804979838259252
0.165961935624017	0.8851188060615834	0.5751090865475149
0.1654943235515067	0.8890414765627985	0.5695658559874389
0.165013532759986	0.8928400471804703	0.5641072716973531
0.1645186835589821	0.8965829554257754	0.5586257974357965
0.1640185878902956	0.9002847943463269	0.5530696414728773
0.1635246502490559	0.9039606646297086	0.5473902707389502
0.1630558501407396	0.9075539512485751	0.5416758353521677
0.162619854440086	0.9110731455548277	0.5359186767255752
0.1622223114392778	0.9145224851746485	0.5301167702532829
0.161872908674268	0.9179061087414881	0.5242733426069388
0.1615779874854045	0.9212273227794947	0.5183912304088365
0.1613449179259216	0.9244910107942155	0.512474114464869
0.1611755159205287	0.9276980151594304	0.5065239278017875
0.1610713305705688	0.9308491077059921	0.5005424193215983
0.1610341315831399	0.9339674296306986	0.4944892539188789
0.1610684277905762	0.9372199530547253	0.4880373890161576
0.1611726989018832	0.9403387421732083	0.4817353901474714
0.1613390045292558	0.9433901520319194	0.4754645045086171
0.1615684873465527	0.9463360846864337	0.4693156851909762
0.161851524395391	0.9492029551678194	0.4632459598775234
0.1622007248869247	0.9520714922328284	0.4570911150924881
0.1626022468340241	0.9548841012918841	0.4509811222230098
0.1630678420535714	0.9576895297867011	0.4448133252490007
0.163598925924465	0.960490316841268	0.4385876118558367
0.1641882398887061	0.9632796058994759	0.4323204321130267
0.1648919930544556	0.9662675234144472	0.4255387922255615
0.165597086643129	0.968976392001424	0.4193288427471949
0.166363556789542	0.9716727365456539	0.4130958937892023
0.1671549540511504	0.9742480932688089	0.4070919454273538
0.1679900179609291	0.9767857876606978	0.4011323886757218
0.1688783271830187	0.9793224962132996	0.3951323559838032
0.1699541009409803	0.9821852946408707	0.3883099891123393
0.1709781559057914	0.9847288069473676	0.3822118106826344
0.1720583214419648	0.9872716453601416	0.3760735016156891
0.1731782370158136	0.9897735261954741	0.3699982815458288
0.1744156569293344	0.9923981323622271	0.3635913344817067
0.1756767852630071	0.9949446489884488	0.357336326139376
0.1770138709705837	0.9975106031558971	0.3510054507977833
0.1783632270274797	0.9999828095138317	0.3448796858680357
0.1797686250741075	1.002450422793138	0.338735540192822
0.1812178564733539	1.004895794804157	0.3326199261028048
0.1828264897313819	1.007501871267026	0.3260770191375936
0.1843772283921629	1.009917793288029	0.3199872478077903
0.1859822991530747	1.012326787225857	0.31389502625378
0.1876338479263422	1.014717776303637	0.3078319669862323
0.1893679502642621	1.017142566460973	0.3016656329757854
0.191135112761252	1.019534283598826	0.295567166193984
0.192994222605311	1.021969974856878	0.289336120830511
0.1948568152857956	1.024334476092773	0.2832698698158376
0.1967829446440456	1.026707805787488	0.2771699304110264
0.1987447112618992	1.029054617053128	0.2711255763555049
0.200785622299702	1.031427053972729	0.2650068258458269
0.2028437750055809	1.033752659154038	0.2590036616898003
0.2049652790674741	1.03608414039358	0.2529836439185134
0.2071289329355824	1.038404680924097	0.2469711355773423
0.209424664691147	1.040804346939602	0.2407459852418617
0.2116714429585032	1.043093479198521	0.2348001009523663
0.2139526943506368	1.045362907880718	0.2289044540390921
0.2162963537880552	1.047641823910994	0.222978404381125
0.2187063302170315	1.049932394827772	0.2170199341792604
0.2211630436613729	1.052213691303055	0.2110985482991254
0.2236918381894933	1.054511230126262	0.205131757173075
0.2262446278384982	1.05678123163078	0.1992282154157626
0.2288603672648023	1.059058658505749	0.1933021346288052
0.2314876146710194	1.061300663014064	0.1874743997384128
0.2341722747092278	1.063546690309617	0.1816396205870747
0.2368906056853252	1.065777282028664	0.1758473393218213
0.2397543231730553	1.068081989495225	0.1698646869329971
0.2425362071719208	1.070279550340132	0.1641699644751348
0.2453786393771812	1.072486181339651	0.1584644665538621
0.2482528757328398	1.074679494641172	0.1528002322250166
0.2512438355953159	1.076921500485288	0.1470199933041965
0.2542587888607865	1.079143157975864	0.141294729106288
0.2574213804822132	1.081432414946355	0.1354025753995786
0.2605065893834583	1.083629795639331	0.1297607534852226
0.2636274748716625	1.085818251562443	0.1241495983693797
0.2667914541654667	1.088001288893782	0.1185633705744344
0.2700409058338469	1.090209985244922	0.1129273101680242
0.2732816632347139	1.092379330253982	0.1074043087074002
0.2765710523704994	1.094549761843439	0.1018933553299944
0.2798918943371144	1.096709004917451	0.09642424803771407
0.283260940687514	1.098870580273068	0.09096681538261632
0.2866650522348195	1.101024797060554	0.08554193063204768
0.2902654181774972	1.103270728065001	0.07989787060222885
0.2937805421040344	1.105432688681079	0.07448085566914101
0.2973472890573888	1.107599706327868	0.06907481053119144
0.3009376574441954	1.109752430979819	0.06371768608174196
0.3045648696829368	1.111899826496615	0.05839195074358955
0.3082391052406594	1.114049251709443	0.05308233448208825
0.3119945961007165	1.116218108602171	0.04774290930404809
0.3157362652649249	1.118353808778258	0.04250680120571551
0.3195051756564858	1.120482153386216	0.03731521407986067
0.3233221026744599	1.122612871813174	0.03214082377099256
0.3272351717045737	1.124771437255244	0.02691601122779022
0.3311669275592034	1.126915334423696	0.02174426863760497
0.3352080068782622	1.12909498765566	0.01651304133904118
0.3391672378769701	1.131209222752761	0.01146669118791772
0.3431627491927975	1.133319231243931	0.006448442982421004
0.3471917018704755	1.135424969191692	0.001464628614398429
0.3513082760990638	1.137553913995759	-0.003554092277189102
0.3554316776618797	1.139666836282941	-0.008504853331097654
0.3597434201217469	1.14185513094434	-0.01360164662444762
0.3639141810767347	1.143950922473653	-0.01845806310534119
0.3681344622245428	1.146052100604141	-0.02329844910064414
0.3723905482476568	1.148147396342171	-0.02811943389432372
0.3767944247623829	1.150298570495554	-0.03302566003859798
0.3812262099709226	1.152445714581881	-0.03788899577222901
0.3857229594327866	1.154604593837618	-0.04274955657694671
0.3901390452208185	1.156707675241965	-0.04744380767005833
0.3945842095757158	1.158804730125803	-0.05211080102399967
0.399039283148594	1.160888487608818	-0.05672186965336024
0.4035336675945467	1.162973834798595	-0.06130563611538076
0.4080599343560915	1.165057343280284	-0.06585592227901406
0.4127189066363541	1.167184267781587	-0.07047033938949115
0.4173593134241959	1.169285840200883	-0.07499978095594903
0.4220243670161485	1.171381934954042	-0.07948590468737501
0.4267287432334118	1.173481076882302	-0.08394598071688589
0.4314530057116034	1.175571404400213	-0.08836328884839148
0.4362071440227318	1.177661099472028	-0.09273939130139898
0.4411539309436148	1.179819881143203	-0.09722462860447041
0.4459695344987448	1.181905695854335	-0.10152699199147
0.450833896705801	1.183996684409797	-0.1058096345598018
0.4557098521438717	1.186079456655479	-0.1100392747303188
0.4606728717635398	1.188188312295931	-0.1142796990542067
0.4656398646148141	1.190281170784494	-0.118462959249183
0.4706743078451981	1.192386738853481	-0.1226395656921179
0.475671434558964	1.194464811052864	-0.1267256412012752
0.4806994506929249	1.196543114835737	-0.1307778469483393
0.4857527545724909	1.198618779135887	-0.134789891740376
0.4909402033837659	1.200734603790999	-0.1388463716072466
0.4960266331094189	1.202796842022381	-0.1427648375311692
0.5011424328184191	1.204858450644593	-0.1466478507807567
0.5062926786611033	1.206919533321998	-0.1505023173537048
0.5116273202772771	1.209043868424194	-0.1544307794112174
0.5169610187144276	1.211156715854552	-0.1582977768532262
0.52237440622707	1.21328917320689	-0.1621618596365232
0.5276247312230429	1.215347910887965	-0.1658473762455135
0.5328989277079784	1.217401823555149	-0.169497206447801
0.5381996826086786	1.219452215904664	-0.1731134972865812
0.5435425120257585	1.221512956712764	-0.1766998266270437
0.5489218194908126	1.22357659406354	-0.180254251259668
0.5544057864531867	1.22566794610917	-0.1838212862309858
0.5598958734941094	1.227752355864521	-0.1873336571186021
0.5654543765633193	1.229850733457952	-0.1908357125756402
0.5710097649916819	1.231937998471911	-0.1942795663204185
0.5766320417290615	1.23403935939541	-0.1977067475138843
0.5821699334202299	1.236099398006543	-0.2010285754507753
0.5877296393396553	1.238157899973912	-0.2043083985245011
0.5933144529289585	1.240216937627686	-0.207548384162663
0.5989660798068815	1.242291399666103	-0.210774554074111
0.6046222937748278	1.244355940190239	-0.2139497219390616
0.6103985638144664	1.246455281882616	-0.2171375838682895
0.6161083314346142	1.248520084791021	-0.2202344073575418
0.621885328052007	1.250601222879934	-0.2233127733692475
0.627565968959774	1.252640561378321	-0.2262879571697267
0.6332664139002147	1.254676295978915	-0.2292221448824226
0.6389899835767908	1.256712902301171	-0.2321172416330901
0.6449158192256639	1.258813007834796	-0.2350605004670904
0.6507729701493877	1.260880827567106	-0.2379169631920394
0.6566823732803247	1.262959188853287	-0.2407455133426501
0.6625094667334185	1.264999748260832	-0.2434835398704477
0.6683467218656041	1.267036722435461	-0.2461758325015462
0.674215889465132	1.269075739264259	-0.2488325897011783
0.6803537418702564	1.2711992143924	-0.2515563443549179
0.6863170526314588	1.273258007690336	-0.2541491958194624
0.6923001899905342	1.275314170197593	-0.2567019794992431
0.6982836089345194	1.27736213200404	-0.2592030371615353
0.7043078446436175	1.279417906830712	-0.2616708285575516
0.7103238945567328	1.281461992322322	-0.264085308494657
0.7163905452897597	1.283517170788295	-0.2664689177390553
0.7224169719250986	1.285551074374787	-0.2687879301980961
0.7284592401541795	1.287584033300357	-0.2710631027779526
0.7345262919486857	1.289618651482515	-0.2732985700046318
0.7408613700389782	1.291734747440771	-0.2755805851561391
0.7469390945343147	1.29375929348172	-0.2777193347319417
0.753018169183319	1.295778360408613	-0.2798102995372888
0.7591282085822803	1.297800565199744	-0.2818637320690637
0.765409243709926	1.299873005947503	-0.2839239955840787
0.7715854402455807	1.301907157321794	-0.2858993046619002
0.7777661121212162	1.303934520890387	-0.287828810466226
0.7839708703867412	1.305962174522523	-0.2897187933278865
0.7902458048550529	1.30800777577563	-0.2915788685098158
0.7965392414664996	1.310054590441029	-0.2933966230642381
0.8029289082396733	1.312126110670061	-0.2951909090111746
0.8091379425971806	1.314133443623158	-0.2968867440641269
0.8153137022782984	1.316123899308665	-0.2985266771143064
0.8215483044301901	1.31812793088269	-0.30013571663782
0.828016387704101	1.320201463074257	-0.3017551138668771
0.8343916666411043	1.322240576390352	-0.3033015163785487
0.8407834261602981	1.324278895382738	-0.3048035561385071
0.8470757239240704	1.326280396413888	-0.3062341920469001
0.8533420910656798	1.32826809932813	-0.3076129600018399
0.8596518173444098	1.330264633344728	-0.3089546751192671
0.866051907791039	1.332284089720603	-0.3102674470415336
0.8724594013607636	1.334300499069029	-0.3115344031462437
0.8790487847292899	1.336369411145264	-0.3127870712892765
0.8853814868974195	1.33835337763644	-0.3139431702308514
0.8916901616185351	1.340323928804161	-0.3150494932983099
0.8980389003763632	1.342301072231671	-0.3161173555927873
0.9046552914557148	1.344360299594141	-0.3171809567490155
0.911166712404805	1.346381174525553	-0.3181783609341129
0.9177346209065687	1.348415744113849	-0.3191362075126384
0.9241043495050678	1.350383524328093	-0.3200175425366871
0.9304650960266697	1.352343214510622	-0.3208526997703083
0.936851409182387	1.354306284714112	-0.3216476006356198
0.9435068955973001	1.356348053447692	-0.3224254819317097
0.9499459437862345	1.358320876465133	-0.3231307850380697
0.9563663774575689	1.360281351261813	-0.3237889413225338
0.9628157792011722	1.362247381154503	-0.3244048501601955
0.9695303732478155	1.364290152925892	-0.3249965972929043
0.9759767075469962	1.366247804482358	-0.3255171113898235
0.982408285581051	1.368195827690426	-0.3259914064030301
0.9888594988066622	1.370144730112224	-0.3264212739546488
0.9954621839518425	1.372139411691317	-0.3268140411711308
1.001986287749931	1.374104636928736	-0.3271546775266616
1.008506240290156	1.376063706822126	-0.3274491450603753
1.01503173252737	1.37802406093553	-0.3276966901130096
1.021568579483362	1.37998267654371	-0.3278984558329098
1.028083214814893	1.381931148749632	-0.3280526048157936
1.034613606607808	1.383879913203586	-0.3281610977242847
1.041126718311287	1.385819388617191	-0.3282233183744634
1.047649147300876	1.387760559073286	-0.3282386540039942
1.05417114282643	1.389695902544094	-0.3282089545922897
1.060909001874059	1.391691911831271	-0.3281294414547564
1.067411482294016	1.393615609192895	-0.3280048471142459
1.073943802215297	1.395543147793932	-0.3278342132718777
1.080401032236764	1.397447288764485	-0.3276205410745814
1.086862000249875	1.399348478125524	-0.3273599747785452
1.093326060481229	1.40124635219925	-0.327055124822857
1.100060719826192	1.403224430849779	-0.3266881094314534
1.106606668189263	1.405141788986878	-0.3262839863138361
1.113178614251372	1.407061796794894	-0.3258319300738257
1.119636730212004	1.408949379608461	-0.3253405196297485
1.126098624618484	1.410833580308539	-0.3248043910818516
1.132543154577778	1.412708871570539	-0.3242233975279388
1.139168516591485	1.414637153166975	-0.3235794364627253
1.145696260929634	1.416531657059741	-0.3228966573651613
1.152297191098094	1.418442476491981	-0.3221597561281055
1.158740293521175	1.420308646879822	-0.3213948154066514
1.165211494496055	1.422178749007968	-0.3205786983267859
1.171657580054939	1.424037348330011	-0.319721657862966
1.178202239102896	1.425925492861276	-0.3188023463292543
1.184715507787525	1.427799712640233	-0.3178416948259031
1.191319877896722	1.42969590120743	-0.3168180760123037
1.197740248819428	1.431540328366528	-0.3157764299065425
1.204126798020129	1.433370762762296	-0.3146944877304187
1.210534182509627	1.435202972928697	-0.3135630037140462
1.217053313692008	1.437068235255444	-0.3123640854693386
1.223524368677561	1.438918025805783	-0.3111262952690042
1.229976595504604	1.440756897258426	-0.3098449603252171
1.236410662405819	1.442588026068779	-0.3085208607929115
1.242823932035948	1.444414581096368	-0.3071531669797101
1.249197823220818	1.446226129192752	-0.3057470841593683
1.255517373737878	1.448018927138101	-0.3043063919028336
1.261880249463145	1.44982530996013	-0.3028097144934309
1.268439058076503	1.451682480673529	-0.3012172021229745
1.274876315132291	1.453500759080678	-0.2996047383871897
1.281318526227593	1.455321787661834	-0.2979426849573212
1.287591684673316	1.457094373032945	-0.2962765668503293
1.293811927000001	1.458847380012885	-0.2945788096827656
1.300062636691935	1.460606468134712	-0.2928264457566583
1.306645701181396	1.462460693948656	-0.2909303878737486
1.312919755715971	1.464223864897953	-0.2890738999314895
1.319143338145195	1.465968692846371	-0.2871860285776464
1.325396414653519	1.46772335928553	-0.2852415820373883
1.33175327258915	1.469505109488301	-0.2832155159103733
1.338024451219676	1.471258397771134	-0.2811674136061567
1.344236484240649	1.47299415783897	-0.2790909485293913
1.350478627058483	1.474739943967692	-0.276955363600116
1.356666407107584	1.476469014585956	-0.2747896230220127
1.362883483215942	1.478202251518323	-0.2725647046155891
1.369153004123322	1.479949146676199	-0.2702721108210516
1.375320353144188	1.481668346715258	-0.2679664246573308
1.381453539750657	1.483373319189434	-0.2656256220978865
1.387587688784464	1.485075001403636	-0.2632355361015701
1.393705917708946	1.48677415521067	-0.2608018308458865
1.399816714202002	1.48847312449215	-0.2583215785916195
1.405964496942102	1.490177637248125	-0.2557759395331054
1.412052476791685	1.491861095417154	-0.2532046484754467
1.418133840381709	1.493544596919531	-0.2505860530198291
1.424157776269371	1.495214094801171	-0.247941538678983
1.430169093854383	1.496877267712981	-0.2452521846935296
1.436166307001359	1.49853131385263	-0.2425214918307544
1.442303879890797	1.500224167385044	-0.2396735411218558
1.448264583441703	1.501870402501069	-0.2368557087226767
1.454209872674965	1.503510112843824	-0.2339952834856349
1.46012797185135	1.505138028675881	-0.2310973089728866
1.466062548080693	1.506770379974148	-0.2281396624952906
1.471947482622146	1.508391203164118	-0.2251552779927295
1.477828507114748	1.510010049250158	-0.2221208641714119
1.483677959656992	1.511616101108979	-0.2190524974196244
1.489586240002512	1.513237518117746	-0.2158993573484718
1.495396393922547	1.514834162461727	-0.2127464354887501
1.501189604227368	1.516425925880759	-0.2095505915145575
1.506954341258642	1.518005056726233	-0.2063192508282729
1.512689946710215	1.519573412490076	-0.2030512143636873
1.518417367645898	1.521141230660882	-0.1997357380234976
1.524197329308267	1.522725960844923	-0.1963352529057477
1.529917513516883	1.524292360560527	-0.1929158305182314
1.535620520601109	1.525849709941969	-0.1894528532488754
1.541254212927623	1.527388066602718	-0.185978337356011
1.546845858834618	1.528917428335063	-0.182475721565485
1.552434056181316	1.530447642502716	-0.1789215628249128
1.558031570678512	1.531975015866317	-0.1753078589880397
1.563592701068526	1.533488070036862	-0.1716628965998788
1.569108293918795	1.534991460035411	-0.1679929399186078
1.574621564663585	1.536496286474558	-0.1642690708664078
1.580158711117289	1.538008138977941	-0.1604727794312674
1.585624705789227	1.539497293269446	-0.1566689583585225
1.591046119681268	1.540972482612311	-0.1528410116295593
1.596455550584932	1.542447209212683	-0.1489647581265617
1.601821933802085	1.543912267236059	-0.1450628249692408
1.607179322986154	1.545372257219568	-0.1411112334429428
1.612553824899504	1.546831731187342	-0.137090143918286
1.617851367413003	1.548269682352119	-0.1330696225980547
1.6231019188047	1.549697934258164	-0.1290270334894545
1.628346998564748	1.551127237619578	-0.1249310349951943
1.633606261968377	1.552557873592422	-0.1207653696473851
1.638815642306533	1.553971527975957	-0.1165803497095345
1.643981402704563	1.55537480742242	-0.1123716894666055
1.649126106058854	1.556775102859706	-0.1081204357123019
1.654232344821795	1.558165933183229	-0.1038414446794614
1.659308001660965	1.559545481696276	-0.09952902564690366
1.664337819437964	1.560907858227909	-0.09519730412275278
1.669361725684868	1.562268289630259	-0.09081098991426576
1.674430878289855	1.56364445601545	-0.08632245920968672
1.679419113410085	1.564999162450678	-0.08184294642380389
1.684358949444108	1.566340536932981	-0.07734601764777276
1.689274407457483	1.567673535952065	-0.07280872942544581
1.694140997060801	1.568991767183553	-0.06825567472938535
1.698989068064221	1.570308498830807	-0.06365590510747955
1.703791859816546	1.571615547035369	-0.05903693584183067
1.708576084325101	1.572913852930052	-0.05437354343589026
1.713371849420152	1.574211801171677	-0.04963568194031717
1.718101589066235	1.575492298178918	-0.04489739527807107
1.722800120013655	1.576765288120578	-0.04012676510634672
1.727454885018758	1.578029734293076	-0.03533376911480893
1.73207613404543	1.579284019798855	-0.03051161372149837
1.736666535268083	1.580529268639052	-0.02565462456673931
1.741282255808413	1.581780655183104	-0.02070502618455415
1.745821556745514	1.583011492388309	-0.01576840902646598
1.75033428432363	1.584236702150315	-0.01079436395312376
1.754802192427542	1.585448469550918	-0.005803071103087567
1.759238225713446	1.586650149527589	-0.0007788115926308571
1.763641187770338	1.587842123669796	0.004276166357032054
1.768020481224797	1.589026809882242	0.009373827493245846
1.772361555094289	1.590202309750132	0.01449694252346145
1.776674024855613	1.59137365828306	0.01965809315175028
1.780944260572052	1.592534865368231	0.02483941114845577
1.785181621120551	1.593685423053443	0.03005297765037493
1.789380304265538	1.594823974616701	0.03529014610102574
1.79354142870742	1.595950156536652	0.04055240010415655
1.79767509329398	1.597068433936406	0.04585119149111827
1.801794741456472	1.598187235014008	0.05120866976102149
1.805869277993394	1.599293706353575	0.05658164009344457
1.809902290944559	1.600386767580624	0.06197595196450627
1.813894684258705	1.601468520643283	0.06739093660771207
1.817838895333306	1.602536212408894	0.07281769560480568
1.821759824017656	1.603597558220828	0.07828840328435074
1.825636772686353	1.60465059384278	0.08377769415187927
1.829474679008728	1.60569255088139	0.0892872865714839
1.833262908330703	1.606717198395746	0.09480434244574019
1.837032959331278	1.607735872667844	0.1003719044680094
1.840869909055253	1.608772163152721	0.1061239172875006
1.844576472339742	1.609773736705664	0.1117641559525229
1.848232323199799	1.610765915345726	0.1174091865865248
1.851851653959244	1.611749165921299	0.1230823995233352
1.855419070592862	1.61271848797612	0.1287568905226654
1.858962789580839	1.613682016976411	0.1344800739877633
1.862490939104124	1.614635785183487	0.1402599312864008
1.865975764064885	1.615576120998659	0.1460559704400143
1.869410815773345	1.616507422209076	0.1518580684355903
1.872814973208396	1.617433322273683	0.1576975514787799
1.876167711747622	1.618342903549517	0.1635383714920615
1.879496204235791	1.619244888362234	0.1694269368615397
1.882790243593121	1.620137218704906	0.1753479766056638
1.886054632345428	1.621020743578224	0.1813085777846842
1.889283095637177	1.621899211278671	0.1873015212497654
1.892434421656243	1.622758162373553	0.1932457711275223
1.895531278561381	1.623597351361453	0.1991787278591392
1.898607112390723	1.62442899499581	0.2051673940871628
1.901686438786819	1.625261821061151	0.2112627927777601
1.904708795481954	1.626077584079875	0.2173476913344533
1.907680091845443	1.626879923372192	0.2234304329079435
1.910610544000906	1.627674450689284	0.2295347807032799
1.913486047695727	1.628454821214154	0.2356277430146002
1.916335794344262	1.629228609113219	0.2417729414087961
1.919141069882943	1.629987912090119	0.2479274463979204
1.921917437496577	1.630735375916878	0.2541251019791503
1.924650257379708	1.631469836829567	0.2603355810932453
1.927350199136571	1.632195126065973	0.2665844049632818
1.930005291207255	1.632907244558526	0.2728438011199283
1.932603963623587	1.633603988923447	0.2790856773237543
1.93514849879095	1.634290724035544	0.285314772423811
1.937664057082502	1.634971192559251	0.2915927700866271
1.940168626876877	1.635645400843055	0.2979645855568838
1.942610254738111	1.636297367942824	0.3042963405988569
1.945001728950273	1.636933002350058	0.3106191645264449
1.947359215204462	1.637559952051864	0.3169811047617938
1.949678991789271	1.638174753790149	0.3233690940576767
1.95195899976152	1.638779620000383	0.3297821457089651
1.954197378412528	1.639374375532872	0.3362149290702587
1.956383760673278	1.639956128626143	0.3426330806705349
1.958519284392221	1.640523754041933	0.3490401375965402
1.960623441060579	1.641076426674819	0.3554894935136577
1.962694942955598	1.641618926757428	0.3619822503029175
1.964724905323411	1.642149756668756	0.3684959504988942
1.966705084802601	1.642665924364747	0.3749992873855071
1.968647486537917	1.643171996110406	0.3815356143503119
1.970542763576654	1.643664323299487	0.3880706180953981
1.972392467471954	1.644140586504095	0.3946059845574197
1.974192033141185	1.644602331308372	0.4011235094586828
1.975956389803841	1.645055129610738	0.4076822299817404
1.977683209848849	1.645497226137552	0.4142759620332748
1.979368097817326	1.64592809697899	0.4208885280914207
1.981006682846591	1.646342861524947	0.4274984742366061
1.982602908568091	1.646740369020848	0.4341155041503429
1.984151045926349	1.647122474113823	0.440722472475356
1.985661306336309	1.647493943038991	0.4473630691929213
1.987125515942574	1.64785206227204	0.4540056257836149
1.988549912037641	1.648202995493706	0.4606792210804161
1.989926096700402	1.648541864140284	0.4673431645898236
1.991258378257815	1.648863283315599	0.4740053530973354
1.992539687061425	1.649168113441372	0.4806364785733234
1.993786061623545	1.649463168615495	0.4873189624305514
1.995024706921196	1.649753377509575	0.4942150348918306
1.996179155081664	1.650022335063718	0.5009069169945286
1.997285735936266	1.650278957660474	0.507573636437104
1.998352658130863	1.650519843554697	0.5142729551160095
1.999381562890014	1.650748645404428	0.5210058155857495
2.000366632128899	1.650965972713594	0.5277495657447981
2.001304831949428	1.651170728704462	0.5344830203109403
2.002200812955582	1.651364505798275	0.5412417343152278
2.003057220511541	1.651545884456268	0.5480439590049769
2.003864747553139	1.651710198678674	0.5548098464783854
2.004627591921099	1.651858611905168	0.5615667019162861
2.005347325410171	1.651994308000852	0.5683410874368656
2.006022578520586	1.652117943607995	0.5751221798919397
2.006653337139545	1.652229602143078	0.5819129711532166
2.007240149203104	1.652330639271347	0.5887183882598102
2.007781324510355	1.652417959046619	0.5954993166472129
2.008277824502344	1.6524885223665	0.6022766825082678
2.008731887308451	1.652546276092622	0.6090672551052461
2.009143246131858	1.652591854501061	0.6159187378484717
2.009508672600875	1.652625972108766	0.6227457725755575
2.00982859551266	1.652646030187138	0.6295873255266439
2.01010254774937	1.652649960852015	0.6363458735153275
2.010331071777159	1.652639436402618	0.6430686945433088
2.010517916365639	1.65261740451688	0.6498393208735935
2.010664201025737	1.652585159799064	0.6568670734111223
2.010758838935972	1.652541887421751	0.6636790648541387
2.010811525701449	1.65248312122932	0.6704440216950315
2.01082033087914	1.652407171925139	0.6772451788025551
2.010784681598225	1.652319920609023	0.6840515179836093
2.010703198550668	1.652221276978469	0.6908692527923772
2.010577320107118	1.652109166663667	0.6976856215113187
2.010406696285489	1.651982718063626	0.704512123046399
2.010193183587222	1.651840137617069	0.7113181676755695
2.009934008999573	1.651684949256028	0.7181434975140725
2.009629537824474	1.651521748308334	0.7249563154385777
2.009279994850515	1.65134681236252	0.7317638871131987
2.008887703753135	1.651156981640681	0.7385506836473017
2.008451353591787	1.650950623686579	0.7453501760722088
2.007968645492	1.650731429674847	0.7521619758948773
2.007442268255568	1.650501182371154	0.7589541312646552
2.006871990633841	1.650259409650248	0.7657267938643995
2.00625609124478	1.650004887395733	0.7725114736492642
2.005589040057073	1.649731075881849	0.7793667657403491
2.004888584044348	1.649448609551833	0.7861106001403886
2.004144913493386	1.649158232946407	0.7928302119877076
2.003354424135949	1.648855561989796	0.7995657413230228
2.002514672939721	1.648534819109228	0.8063452659054053
2.001631171766174	1.648198814860762	0.8131183837000514
2.000697292100831	1.647847522627176	0.8199270871492581
1.999727943859677	1.647490702591882	0.8266525905747982
1.998717981195145	1.647124541779941	0.8333474663072873
1.997661030664245	1.64674157208229	0.8400596231671701
1.996551858594474	1.64634044948391	0.8468205635118092
1.995402788091311	1.645931391547957	0.8535422403975119
1.994211422234167	1.645513754356458	0.8602380569494602
1.992978324795343	1.645082810033516	0.8669168287218616
1.991708545625757	1.644639376705977	0.8735526743854539
1.9903887581575	1.644180696441924	0.8802161293871018
1.989007409749144	1.643706420343491	0.8869504820052726
1.98759382612302	1.643225339676035	0.8936119747221748
1.98614449205468	1.642732608413801	0.9002332165594781
1.984646935260783	1.642222833758453	0.9068665769988087
1.983105948469303	1.64170437906899	0.9134877190645149
1.981518493234383	1.641176989713909	0.9201045833809151
1.979880342861126	1.640632734582467	0.926738965131936
1.978220217218028	1.640080508738581	0.9332832340835091
1.976520185887148	1.63951787537907	0.9398008416015016
1.974772798770292	1.638945746677589	0.9463229145430301
1.972945428178025	1.638349825764579	0.9529635621981437
1.971089185497028	1.637743563144287	0.9595428243866752
1.969180880457396	1.637122854236287	0.9661343978978408
1.967263551231954	1.636504582978761	0.9725930890933115
1.965306356421737	1.635875309358427	0.9790319540095509
1.963308584922588	1.635231997434885	0.9854552251947802
1.961230734702267	1.63456619829884	0.9919880085680124
1.959132011803055	1.633899959952686	0.9984263712069804
1.95698187602187	1.633220440510063	1.004877625487651
1.954799154333458	1.632529600847302	1.01128760988718
1.952555110129254	1.631819239411885	1.017736190042283
1.950278926380135	1.631103990647934	1.024138260994081
1.947942331641215	1.630374090378883	1.030569622091539
1.945613061611139	1.629645332383829	1.036852407710989
1.943247706921051	1.628904786716473	1.043109841229741
1.940836975313007	1.628155861742375	1.049359691365556
1.938294582633094	1.627371577796171	1.055819225198483
1.935756052792509	1.626587429169311	1.062143154734965
1.933155754394327	1.625784383119387	1.068499404457041
1.930578289274367	1.624993312436945	1.074678875800075
1.927958631865507	1.624193152575855	1.080842536713386
1.925300223950994	1.623380069870092	1.086986838686219
1.922527199735867	1.622532486983986	1.093280847306195
1.919753596764386	1.621689723058928	1.099459222526426
1.91692984766403	1.620835270607632	1.105637711533239
1.914090407397302	1.619974871679579	1.111743918215987
1.911208923981049	1.619106508435462	1.11783296289808
1.908287011370511	1.618231200327831	1.123901200055483
1.905321568586943	1.617341798425919	1.129955801328909
1.902315408658283	1.616440480744942	1.135993098168026
1.899226157479401	1.615518936489352	1.142090759525892
1.896122061893084	1.61459649799955	1.14811618144635
1.89298331472745	1.61366262872145	1.1541096064143
1.889808587353768	1.612722090145468	1.160073388637113
1.886603883664721	1.611777452423086	1.165995167203456
1.883350667438878	1.610817847001534	1.171912546949958
1.880006970865697	1.609831636470876	1.177898770991042
1.87671608586678	1.608866293526312	1.183695017761659
1.873390610587937	1.607895476855535	1.189464217831586
1.870026666923502	1.60691245625427	1.195213162348888
1.866555152252005	1.605901443800924	1.201051761429586
1.863057655365976	1.604886758870335	1.206844805410419
1.859432999384969	1.603834043593874	1.212756634011672
1.855877020070488	1.602805797349727	1.218466301684289
1.852283149465092	1.60177188491867	1.22415065400864
1.848680961674614	1.600734418290265	1.229763857029063
1.845049004862646	1.599688413705679	1.235343101894288
1.841376079031769	1.59863561755732	1.240901421174357
1.837561296575339	1.597546184747128	1.246589300904521
1.833754864647267	1.596459617567983	1.252181604294454
1.829897817874898	1.595362828429495	1.257765819529246
1.826044211895434	1.594269473352507	1.263264254586526
1.822151746984399	1.593165742596366	1.268739069324693
1.818226201902374	1.592057143583546	1.27418126867793
1.81425721011414	1.590938989011852	1.279604876385073
1.810257790208405	1.58981263199335	1.284993341031942
1.806209774504513	1.588677324899318	1.29036934179321
1.802131922187014	1.587536995863966	1.295708919969899
1.797968832182801	1.586373016562889	1.301082510099991
1.793849500173602	1.585225475398684	1.306325839525205
1.789700004021452	1.584072182571242	1.311533186957742
1.785510248753828	1.582907898023041	1.316718904803305
1.781168891141665	1.581706566680136	1.322018513384635
1.776901934899771	1.580528940799032	1.327152277383573
1.772596689139266	1.579344271959765	1.332262074636378
1.768260415898984	1.578155233327094	1.337338446316585
1.763739425556891	1.576914450062648	1.34255708065999
1.759293812529708	1.575699162507046	1.347616337122444
1.754776475104287	1.574469519148238	1.352685189775826
1.75034423999974	1.573261972879518	1.35759105055233
1.745882720913977	1.572050517434331	1.362462404289583
1.741383377683063	1.570832933028822	1.367309053514303
1.736735459001329	1.569578131132895	1.372246056558271
1.732090733497679	1.56832868254001	1.377111426266351
1.727430825709043	1.567074808876952	1.381926058974867
1.722719741736236	1.565810993456869	1.386727480180557
1.717913470514581	1.564525494027141	1.391556404021401
1.713183386532915	1.563263911155111	1.396243715839477
1.708442443317554	1.562004246250985	1.400877955890271
1.703654740217623	1.560731415302353	1.405494807723167
1.698780343156838	1.559440102127954	1.410131756593698
1.693886980466285	1.558148086812965	1.414720636522566
1.688905480242957	1.556836092036303	1.41932816342002
1.683979328197059	1.555543637540486	1.423820457396664
1.679029516744537	1.554245132844671	1.428273011957112
1.674044081488968	1.552941340901428	1.432695763250314
1.669008192026777	1.551628420391294	1.437100568840234
1.663942327575933	1.550311504082852	1.441470715418332
1.658814249053965	1.548982660486786	1.445831644958772
1.653681220562263	1.547654173601051	1.450136222949418
1.648524583247682	1.546324382428798	1.454399293034991
1.643352537821271	1.544992296575441	1.45861520170808
1.63816602859807	1.543660981052416	1.462783975717764
1.632939570106603	1.542323784822775	1.466924796086329
1.627630568996278	1.540968653370843	1.471071364974264
1.622333784939648	1.539619979207119	1.475149117655083
1.617016829725822	1.538270816428126	1.479184359936287
1.611666698986054	1.536918203907531	1.483185600627816
1.606247415970548	1.535551354512408	1.487180772607918
1.600840783342374	1.534191176258147	1.491107940594698
1.595386813736254	1.532823360284996	1.495011640160013
1.589959520752951	1.531467227272738	1.498838775761228
1.584499470114909	1.530106822092836	1.502632550541243
1.579018707029915	1.528746093836676	1.506384874954372
1.573366671652427	1.527346116857529	1.510197132343835
1.56781852910517	1.525975546841468	1.513881412000579
1.562237172202334	1.524600627446372	1.517531724182306
1.556633703531076	1.523225335295663	1.521142659125311
1.550978444300729	1.521841753619782	1.524730092210585
1.545306242637659	1.520459302078359	1.528272110862366
1.539607428644171	1.51907397146526	1.531777064792616
1.533914869464908	1.517694149427617	1.535222407412319
1.528198415428397	1.51631252199204	1.538628319237843
1.522457900151628	1.514929495498415	1.541995010247368
1.516596587672965	1.513522337902736	1.545376872748262
1.510812614396428	1.512138976457377	1.548659574399188
1.505008518792135	1.510753953830855	1.55190123205589
1.49918359994335	1.50937047255461	1.555100863697405
1.493240611088563	1.507963229460207	1.558311422959632
1.487392589091587	1.506583344923931	1.561417460649587
1.481509053080253	1.505200453519381	1.564490254192142
1.475622277236533	1.503821465093942	1.567512714706648
1.469630968426893	1.502423309349541	1.57053624817089
1.463661555086323	1.501034306211283	1.57349691223196
1.457456792828824	1.499598767214954	1.576518775996539
1.451472503210043	1.49821846022497	1.579380582152658
1.445455358490155	1.496835284406329	1.582206853976324
1.439425185482456	1.495454652661172	1.584989070645777
1.433199185079773	1.494032965576509	1.587806844119421
1.427155582562729	1.492659972536861	1.590491651582415
1.421110311244187	1.491292351101928	1.593127193737926
1.41503195908442	1.489922011501559	1.595726966138946
1.408802121537011	1.488522529080859	1.598340723634786
1.402617589291992	1.487139978591533	1.600883118274231
1.396365714558002	1.485748534277726	1.603401996355008
1.390252902733148	1.48439269725742	1.605815342298872
1.384129934626388	1.483041983525196	1.608184056172495
1.377982730418866	1.481692047836779	1.610513801725392
1.371517348188826	1.48027830392952	1.612911870256986
1.365199927682024	1.478903710910954	1.615204122208565
1.358879375386228	1.477534060707844	1.617446581963297
1.352526063942855	1.476163566141482	1.619650368565831
1.346010919207788	1.474766155323084	1.621859349880535
1.339745277839924	1.473428307043798	1.623934059412044
1.333469027598434	1.472094710699887	1.625963741672734
1.327171538402951	1.470763240008845	1.627952239389339
1.320813412242944	1.469424525171056	1.62991160029687
1.314452004126198	1.468092918691083	1.631823580372265
1.307840560962134	1.466716469803758	1.633758499571327
1.301463048146904	1.465392087184646	1.635575455301695
1.29508081166805	1.464076970085093	1.637347540032888
1.288679234623758	1.462766852041693	1.639078613141512
1.28220113378794	1.461446516466325	1.640780627219514
1.275718221316112	1.460134153673087	1.642435042447994
1.269136760020761	1.458807257363301	1.644066272465511
1.262616503637007	1.457501402884156	1.645632759152661
1.256086244363695	1.456202023835238	1.647152883289324
1.2495435288271	1.454906724585678	1.64862841010501
1.242997036685736	1.453620114888402	1.650057164228024
1.236434062415207	1.45233833800382	1.651442071810124
1.22984650093561	1.451059251878906	1.652784298010536
1.22326960455718	1.449789237112035	1.654074862293784
1.216660263415687	1.448523734926045	1.655325729187316
1.210089152281636	1.447275294170604	1.656520162172742
1.203437777047747	1.446017830692393	1.65767882360906
1.196916689312153	1.444795373892712	1.658771937353859
1.190390420317179	1.443580008624579	1.659819337012133
1.18384406551912	1.442368774066029	1.660823906719115
1.176925150757039	1.441097911613175	1.661835494941049
1.170316576916683	1.439894346930457	1.66275369735383
1.16371635013477	1.438700074903828	1.663624156222212
1.157096477460981	1.43750999063536	1.664450022210913
1.150449590753194	1.436327548174615	1.665233946223915
1.143806226509862	1.435154934105811	1.665969192099826
1.136715064880898	1.433913466449865	1.66670313402801
1.130155442700016	1.432775879524475	1.667335981269744
1.123582731942566	1.431645683195558	1.667924275251055
1.117011220440026	1.4305259282737	1.668467443282178
